0.573077 0.000000 0.000000 0.000000 0.000000 0.000000 0.000000 1.000000
0.639413 0.000000 0.000000 0.000000 0.000000 0.000000 0.000000 1.000000
0.665393 0.000000 0.000000 0.000000 0.000000 0.000000 0.000000 1.000000
0.676620 0.000774 -0.003826 -0.001706 -0.000302 -0.000041 -0.000017 1.000000
0.691915 0.001784 0.001253 -0.001873 0.000060 -0.000103 -0.000004 1.000000
0.707911 0.001383 0.000664 -0.001637 0.000002 -0.000089 -0.000033 1.000000
0.736889 0.005224 0.000306 -0.002967 -0.000083 -0.000295 -0.000204 1.000000
0.746288 0.001048 0.003351 -0.001324 0.000179 -0.000060 -0.000086 1.000000
0.766201 0.000760 -0.000050 -0.001486 -0.000048 -0.000022 -0.000146 1.000000
0.791322 0.005342 0.000176 -0.003738 -0.000069 -0.000304 -0.000205 1.000000
0.805019 0.001126 0.001457 -0.000539 0.000087 -0.000076 -0.000012 1.000000
0.813870 0.001677 0.001427 -0.000057 0.000110 -0.000134 0.000037 1.000000
0.839894 0.000952 -0.000044 -0.001266 -0.000054 -0.000045 -0.000150 1.000000
0.863431 0.004454 -0.002185 -0.001780 -0.000120 -0.000286 -0.000067 1.000000
0.878810 0.004036 -0.000101 -0.000300 0.000022 -0.000225 -0.000184 1.000000
0.892681 0.002824 -0.001915 -0.000590 -0.000075 -0.000182 -0.000029 1.000000
0.915842 0.002750 -0.002799 -0.001522 -0.000088 -0.000171 -0.000049 1.000000
0.941566 0.001758 -0.002095 0.000860 -0.000053 -0.000114 0.000022 1.000000
0.957502 0.006656 -0.004254 -0.001273 -0.000199 -0.000391 0.000010 1.000000
0.968678 0.006135 -0.003531 0.000641 -0.000107 -0.000388 0.000046 1.000000
0.992108 0.002554 -0.004511 -0.000199 -0.000201 -0.000178 0.000074 1.000000
1.007386 0.003715 -0.001928 -0.001919 -0.000063 -0.000242 0.000077 1.000000
1.021802 0.004500 -0.001875 0.001368 -0.000006 -0.000324 0.000053 1.000000
1.030542 0.002580 -0.002474 0.000012 -0.000079 -0.000173 0.000095 1.000000
1.066934 0.002085 -0.001897 0.002467 0.000020 -0.000157 0.000142 1.000000
1.075573 0.003536 -0.001122 -0.000920 0.000001 -0.000241 0.000097 1.000000
1.100164 0.003255 -0.002410 -0.000651 -0.000080 -0.000160 -0.000070 1.000000
1.125862 0.007302 -0.005712 0.000678 -0.000249 -0.000456 -0.000070 1.000000
1.137533 0.001964 -0.001229 0.000140 -0.000014 -0.000074 -0.000208 1.000000
1.149887 0.004751 -0.004508 0.001264 -0.000196 -0.000303 0.000018 1.000000
1.169893 0.006657 0.000235 -0.000001 0.000082 -0.000365 -0.000111 1.000000
1.180362 0.003889 0.000144 -0.001320 0.000081 -0.000216 -0.000161 1.000000
1.197801 0.001657 -0.001316 -0.001122 -0.000046 -0.000094 -0.000067 1.000000
1.223694 0.004593 -0.003771 -0.000501 -0.000166 -0.000275 -0.000055 1.000000
1.243711 0.003485 -0.002813 -0.002200 -0.000111 -0.000204 -0.000042 1.000000
1.252316 0.001474 -0.000768 -0.001872 -0.000005 -0.000105 0.000009 1.000000
1.264256 0.001293 0.000429 0.001340 0.000157 -0.000071 -0.000045 1.000000
1.279463 0.002215 -0.001539 -0.001538 -0.000028 -0.000136 -0.000009 1.000000
1.302751 0.003633 -0.003713 -0.000230 -0.000140 -0.000256 0.000046 1.000000
1.320324 0.002101 -0.000462 0.000233 0.000076 -0.000160 0.000110 1.000000
1.334362 0.000627 0.000405 -0.000378 0.000123 -0.000029 0.000096 1.000000
1.343735 0.002987 -0.001271 0.000711 0.000018 -0.000198 0.000055 1.000000
1.363167 0.003686 0.000571 0.001535 0.000135 -0.000240 0.000116 1.000000
1.376961 0.004756 -0.001082 -0.002391 -0.000001 -0.000351 0.000096 1.000000
1.400174 0.003879 0.000319 -0.000149 0.000090 -0.000258 0.000038 1.000000
1.416887 0.002707 -0.003561 -0.002341 -0.000186 -0.000175 -0.000047 1.000000
1.427711 0.003229 -0.005903 -0.001975 -0.000310 -0.000213 0.000022 1.000000
1.442755 0.001206 -0.000760 -0.000178 0.000041 -0.000068 0.000081 1.000000
1.462132 0.004685 0.000211 -0.000166 0.000121 -0.000279 -0.000024 1.000000
1.477361 -0.000003 -0.002803 0.001316 -0.000088 -0.000026 0.000124 1.000000
1.495848 0.007048 -0.002447 -0.002022 -0.000086 -0.000482 0.000051 1.000000
1.510783 0.003995 -0.004819 -0.001179 -0.000228 -0.000256 0.000017 1.000000
1.528699 0.002661 -0.002725 -0.004735 -0.000145 -0.000150 0.000035 1.000000
1.544721 0.001311 -0.002551 0.000091 -0.000082 -0.000097 0.000096 1.000000
1.564277 0.002055 -0.002070 -0.001586 -0.000072 -0.000108 0.000038 1.000000
1.578398 0.001722 -0.002836 -0.001080 -0.000099 -0.000125 0.000081 1.000000
1.596941 0.005077 -0.003547 -0.003328 -0.000183 -0.000303 -0.000095 1.000000
1.614022 0.005888 -0.001290 -0.002508 -0.000029 -0.000410 0.000036 1.000000
1.627741 0.001707 0.003022 -0.001856 0.000243 -0.000104 -0.000015 1.000000
1.645053 0.001954 -0.001612 0.000478 -0.000023 -0.000181 0.000220 1.000000
1.667227 0.002462 -0.001830 0.000325 -0.000077 -0.000131 -0.000036 1.000000
1.677629 0.002547 -0.003511 -0.000582 -0.000159 -0.000162 -0.000035 1.000000
1.691929 0.002301 -0.004318 -0.001814 -0.000233 -0.000143 -0.000079 1.000000
1.714101 0.003048 -0.003875 0.001237 -0.000135 -0.000165 -0.000008 1.000000
1.734948 0.004257 -0.003756 -0.000901 -0.000183 -0.000215 -0.000017 1.000000
1.753043 0.002695 0.000510 0.000646 0.000119 -0.000124 -0.000076 1.000000
1.762020 0.001217 0.000675 -0.000992 0.000084 -0.000053 0.000018 1.000000
1.786964 0.004640 -0.001443 -0.000427 -0.000020 -0.000303 0.000094 1.000000
1.794839 0.003907 -0.002390 -0.003638 -0.000135 -0.000276 0.000140 1.000000
1.819709 -0.004705 -0.000107 -0.001693 0.000060 0.000318 0.000054 1.000000
1.832265 0.000754 -0.002724 -0.000879 -0.000097 -0.000019 0.000040 1.000000
1.848249 0.001740 -0.004793 -0.000535 -0.000232 -0.000075 0.000040 1.000000
1.867009 0.001320 -0.003718 0.001398 -0.000146 -0.000039 0.000000 1.000000
1.885994 -0.000130 -0.001631 -0.001869 -0.000064 0.000024 0.000010 1.000000
1.896488 -0.000233 -0.002483 -0.000099 -0.000117 0.000041 -0.000101 1.000000
1.910393 0.001651 0.000937 0.001335 0.000132 -0.000061 -0.000013 1.000000
1.926943 -0.003662 0.000061 0.000843 0.000099 0.000227 0.000100 1.000000
1.948528 -0.001474 -0.000816 -0.001493 -0.000005 0.000100 0.000086 1.000000
1.962655 -0.000961 -0.000970 -0.000067 -0.000000 0.000106 0.000015 1.000000
1.981761 0.002931 -0.006386 -0.004039 -0.000390 -0.000150 0.000083 1.000000
1.997143 0.000262 -0.004076 -0.001051 -0.000244 0.000012 -0.000087 1.000000
2.027041 -0.001067 -0.002408 0.000502 -0.000100 0.000093 -0.000039 1.000000
2.037167 0.003385 -0.000275 -0.001269 0.000048 -0.000198 0.000027 1.000000
2.048714 0.003129 -0.003795 -0.002259 -0.000229 -0.000184 0.000021 1.000000
2.058395 0.001188 -0.001170 0.000553 -0.000005 -0.000034 -0.000053 1.000000
2.078507 0.002039 0.000129 -0.004351 0.000030 -0.000103 -0.000075 1.000000
2.092208 0.001834 -0.001755 -0.002504 -0.000071 -0.000082 -0.000130 1.000000
2.110932 0.001859 -0.005079 -0.000872 -0.000220 -0.000067 -0.000105 1.000000
2.131469 0.001348 0.003319 0.000110 0.000285 -0.000039 -0.000173 1.000000
2.151705 0.001389 -0.001218 -0.002935 -0.000091 -0.000035 -0.000077 1.000000
2.161286 0.001452 -0.001029 -0.002203 -0.000026 -0.000073 0.000054 1.000000
2.174325 0.001132 -0.003413 -0.002156 -0.000185 -0.000040 -0.000003 1.000000
2.191171 0.002457 0.000067 -0.003741 0.000035 -0.000116 -0.000063 1.000000
2.212667 -0.001310 -0.003915 -0.004575 -0.000258 0.000128 0.000001 1.000000
2.222417 0.000526 -0.006131 -0.003055 -0.000380 -0.000037 0.000041 1.000000
2.242948 0.004371 0.001546 -0.002762 0.000111 -0.000260 -0.000166 1.000000
2.253767 0.000455 -0.001752 -0.001455 -0.000068 0.000001 -0.000006 1.000000
2.280117 0.000754 -0.000736 0.000337 0.000019 -0.000044 0.000124 1.000000
2.290658 0.002499 -0.002819 -0.001939 -0.000113 -0.000128 -0.000040 1.000000
2.305033 0.000985 -0.000920 0.000526 0.000017 -0.000024 0.000025 1.000000
2.321076 0.003124 -0.007092 -0.001135 -0.000390 -0.000158 -0.000093 1.000000
2.335098 0.003186 -0.003964 0.001421 -0.000120 -0.000188 0.000034 1.000000
2.353310 -0.004847 0.003259 0.000630 0.000296 0.000328 0.000151 1.000000
2.367925 -0.002248 0.002595 0.001473 0.000233 0.000172 0.000109 1.000000
2.391131 -0.002414 0.001174 0.000839 0.000152 0.000153 0.000149 1.000000
2.409293 0.004344 -0.001340 -0.003580 -0.000069 -0.000254 -0.000105 1.000000
2.425228 -0.000703 -0.002555 -0.003589 -0.000111 0.000035 -0.000112 1.000000
2.445384 -0.000471 -0.001984 -0.003967 -0.000123 0.000016 0.000047 1.000000
2.452691 -0.002019 -0.005667 -0.000081 -0.000274 0.000129 0.000094 1.000000
2.478420 0.000487 -0.000796 -0.002437 -0.000024 -0.000053 0.000073 1.000000
2.487059 -0.001551 -0.006409 -0.003649 -0.000404 0.000091 0.000079 1.000000
2.503619 0.001511 -0.004493 -0.003289 -0.000254 -0.000091 0.000061 1.000000
2.527311 -0.001172 -0.002062 -0.001311 -0.000098 0.000101 -0.000077 1.000000
2.542214 0.002628 -0.004831 -0.001696 -0.000232 -0.000176 0.000104 1.000000
2.549997 0.001855 -0.008340 -0.003713 -0.000486 -0.000152 0.000268 1.000000
2.579174 0.003006 -0.003960 -0.003720 -0.000172 -0.000159 -0.000115 1.000000
2.596327 -0.000211 -0.006319 -0.002148 -0.000321 -0.000024 0.000184 1.000000
2.610577 -0.001023 -0.004193 -0.002006 -0.000168 0.000105 0.000050 1.000000
2.633614 0.000553 -0.001751 -0.000788 -0.000023 -0.000006 0.000005 1.000000
2.645835 0.002293 -0.002148 -0.002499 -0.000081 -0.000142 0.000126 1.000000
2.660196 0.006868 -0.002040 0.000238 -0.000019 -0.000480 0.000203 1.000000
2.670865 0.000610 -0.006299 0.000651 -0.000262 -0.000023 -0.000017 1.000000
2.691374 -0.000811 0.003663 0.000450 0.000303 0.000074 -0.000094 1.000000
2.700471 0.004222 -0.006996 -0.001831 -0.000365 -0.000269 0.000046 1.000000
2.715748 0.003702 -0.004769 -0.002227 -0.000208 -0.000258 0.000113 1.000000
2.733959 0.002671 -0.002101 -0.000791 -0.000041 -0.000177 0.000076 1.000000
2.755486 -0.006689 -0.006006 -0.002556 -0.000267 0.000399 0.000209 1.000000
2.769913 0.004835 -0.005206 0.002023 -0.000207 -0.000323 0.000097 1.000000
2.786117 0.001562 -0.003536 -0.001243 -0.000138 -0.000096 0.000089 1.000000
2.806871 0.001068 -0.005862 -0.003690 -0.000321 -0.000085 0.000156 1.000000
2.814717 -0.001719 -0.003294 -0.003146 -0.000187 0.000116 -0.000050 1.000000
2.840949 0.000023 -0.001508 -0.002218 0.000026 -0.000002 -0.000020 1.000000
2.852764 0.001005 -0.005812 -0.001774 -0.000297 -0.000065 0.000081 1.000000
2.876130 0.001125 -0.000562 -0.000274 0.000087 -0.000079 0.000145 1.000000
2.885359 0.002565 -0.002417 -0.000200 -0.000059 -0.000160 0.000110 1.000000
2.911727 0.006716 -0.002422 -0.003015 -0.000083 -0.000411 0.000113 1.000000
2.920084 0.007193 -0.006868 -0.002656 -0.000347 -0.000438 0.000051 1.000000
2.946364 0.005129 0.001063 -0.002733 0.000159 -0.000309 -0.000055 1.000000
2.957633 0.002275 -0.001569 -0.001527 -0.000004 -0.000095 -0.000014 1.000000
2.966378 0.001681 -0.004248 -0.000740 -0.000179 -0.000111 0.000011 1.000000
2.986866 -0.000934 -0.009667 -0.002018 -0.000506 0.000045 0.000108 1.000000
3.003369 0.005531 -0.003810 -0.001037 -0.000116 -0.000335 0.000059 1.000000
3.012609 0.008029 -0.007801 -0.003714 -0.000449 -0.000465 -0.000132 1.000000
3.034335 0.000729 -0.004968 -0.003235 -0.000224 -0.000045 0.000002 1.000000
3.050132 0.002083 -0.006992 -0.002320 -0.000370 -0.000116 -0.000088 1.000000
3.080876 -0.000175 -0.006436 -0.001650 -0.000333 0.000031 -0.000038 1.000000
3.093063 0.003598 -0.012151 -0.004585 -0.000723 -0.000230 0.000041 1.000000
3.111377 0.001012 -0.009384 -0.002815 -0.000510 -0.000066 0.000172 1.000000
3.123639 0.002134 -0.007912 -0.001625 -0.000390 -0.000139 0.000130 1.000000
3.132771 0.001341 -0.013783 -0.002800 -0.000769 -0.000122 0.000111 1.000000
3.152282 0.002396 -0.006032 -0.000134 -0.000274 -0.000133 -0.000003 1.000000
3.165695 0.002308 -0.005606 -0.004426 -0.000297 -0.000110 0.000156 1.000000
3.185173 -0.003931 -0.007442 -0.002821 -0.000415 0.000258 0.000174 1.000000
3.200309 0.001281 -0.004469 -0.003193 -0.000216 -0.000065 -0.000032 1.000000
3.228687 0.004574 -0.008448 -0.004837 -0.000432 -0.000259 0.000020 1.000000
3.237041 -0.000093 -0.005487 -0.002574 -0.000203 0.000011 -0.000100 1.000000
3.249943 0.002898 -0.007383 -0.004786 -0.000409 -0.000168 0.000105 1.000000
3.274493 0.000227 -0.010054 -0.000498 -0.000555 -0.000055 0.000220 1.000000
3.294676 0.000558 -0.012045 -0.003126 -0.000655 -0.000066 0.000214 1.000000
3.302904 -0.000978 -0.004980 -0.002083 -0.000168 0.000094 -0.000083 1.000000
3.321767 0.000481 -0.003863 -0.000248 -0.000104 -0.000047 -0.000041 1.000000
3.344649 -0.000776 -0.008604 -0.002530 -0.000425 -0.000031 0.000293 1.000000
3.368256 0.003696 -0.002108 -0.003628 -0.000021 -0.000234 -0.000031 1.000000
3.377583 0.001273 -0.004777 -0.002877 -0.000180 -0.000132 0.000349 1.000000
3.391587 0.004200 -0.008570 -0.004717 -0.000492 -0.000238 0.000113 1.000000
3.414047 -0.001420 -0.006997 -0.003775 -0.000345 0.000061 0.000214 1.000000
3.431775 0.001837 -0.008197 -0.006695 -0.000441 -0.000185 0.000259 1.000000
3.450974 -0.002354 -0.012355 -0.003820 -0.000663 0.000099 0.000265 1.000000
3.467072 -0.002540 -0.004080 -0.002639 -0.000130 0.000191 0.000064 1.000000
3.475549 0.001321 -0.006872 -0.001531 -0.000353 -0.000085 0.000108 1.000000
3.497488 -0.001821 -0.008680 -0.003762 -0.000454 0.000078 0.000298 1.000000
3.517873 0.002518 -0.012445 -0.004639 -0.000751 -0.000150 0.000073 1.000000
3.528049 0.004512 -0.009291 -0.002491 -0.000455 -0.000286 0.000022 1.000000
3.552418 0.000004 -0.005758 -0.001337 -0.000270 -0.000020 0.000147 1.000000
3.561351 0.000078 -0.007801 -0.006273 -0.000435 -0.000012 0.000069 1.000000
3.581760 0.000994 -0.006700 -0.003512 -0.000365 -0.000122 0.000245 1.000000
3.590035 -0.001950 -0.004771 -0.005418 -0.000251 0.000135 -0.000015 1.000000
3.611478 0.001148 -0.006614 -0.002641 -0.000290 -0.000098 0.000205 1.000000
3.620536 0.001808 -0.008585 -0.005731 -0.000507 -0.000150 0.000077 1.000000
3.646955 0.001724 -0.014983 -0.002992 -0.000826 -0.000117 0.000128 1.000000
3.659118 0.001110 -0.005895 -0.002836 -0.000236 -0.000073 -0.000174 1.000000
3.680496 -0.001651 -0.004937 -0.004622 -0.000252 0.000095 0.000149 1.000000
3.689358 0.003170 -0.007388 -0.003007 -0.000382 -0.000183 0.000083 1.000000
3.707128 0.001204 -0.008780 -0.000913 -0.000384 -0.000078 0.000050 1.000000
3.726964 0.004128 -0.013954 -0.004421 -0.000759 -0.000201 -0.000087 1.000000
3.736328 0.004173 -0.012094 -0.002154 -0.000646 -0.000217 -0.000095 1.000000
3.764347 0.001425 -0.013926 -0.002327 -0.000725 -0.000089 0.000069 1.000000
3.773329 0.002095 -0.007787 -0.002093 -0.000384 -0.000137 0.000124 1.000000
3.799443 -0.000110 -0.003971 -0.002350 -0.000127 0.000030 -0.000016 1.000000
3.809500 -0.002498 -0.005183 0.000368 -0.000164 0.000134 0.000101 1.000000
3.821791 -0.001960 -0.007704 -0.004170 -0.000400 0.000173 0.000033 1.000000
3.835032 -0.004522 -0.002471 -0.002862 -0.000029 0.000335 -0.000207 1.000000
3.865067 0.002047 -0.007574 -0.000586 -0.000337 -0.000108 -0.000037 1.000000
3.877541 0.001677 -0.005177 -0.005471 -0.000196 -0.000062 -0.000186 1.000000
3.898807 0.001311 -0.005376 -0.001150 -0.000217 -0.000086 0.000020 1.000000
3.908436 0.000910 -0.003892 -0.004965 -0.000154 -0.000066 0.000009 1.000000
3.924901 0.000936 -0.006831 -0.000836 -0.000298 -0.000079 0.000090 1.000000
3.935987 0.000676 -0.000711 -0.004640 0.000081 -0.000041 0.000026 1.000000
3.949794 -0.003876 -0.009385 -0.000011 -0.000410 0.000228 0.000072 1.000000
3.981488 0.002819 -0.007464 -0.001771 -0.000323 -0.000171 -0.000022 1.000000
3.991148 -0.000208 -0.006134 -0.001663 -0.000233 0.000043 -0.000067 1.000000
4.005795 0.004496 -0.013490 -0.000998 -0.000664 -0.000252 -0.000052 1.000000
4.026871 -0.003817 -0.007127 -0.005425 -0.000287 0.000261 0.000024 1.000000
4.034679 0.002318 -0.004871 -0.001335 -0.000111 -0.000156 0.000049 1.000000
4.064229 -0.001426 -0.008122 -0.006587 -0.000386 0.000111 0.000067 1.000000
4.072851 0.000664 -0.006473 -0.003532 -0.000245 -0.000080 0.000067 1.000000
4.084461 -0.001919 -0.009648 0.000993 -0.000416 0.000163 -0.000078 1.000000
4.098088 -0.002096 -0.006203 -0.000751 -0.000247 0.000157 0.000100 1.000000
4.117036 0.002652 -0.005086 -0.001904 -0.000180 -0.000149 -0.000017 1.000000
4.131856 0.000792 -0.012411 -0.005343 -0.000708 -0.000058 0.000103 1.000000
4.150050 -0.003282 -0.004363 -0.004226 -0.000133 0.000162 0.000195 1.000000
4.177067 -0.002449 -0.008422 -0.006591 -0.000374 0.000130 0.000037 1.000000
4.184677 -0.003135 -0.001472 -0.000414 0.000077 0.000205 -0.000018 1.000000
4.200864 -0.002843 0.000332 -0.006228 0.000146 0.000228 -0.000104 1.000000
4.216300 0.000624 -0.001686 -0.002671 0.000061 -0.000033 -0.000102 1.000000
4.231088 0.002994 -0.004578 -0.002624 -0.000101 -0.000141 -0.000127 1.000000
4.256797 -0.000456 -0.000980 0.000498 0.000183 -0.000013 -0.000076 1.000000
4.271986 0.000032 -0.003949 -0.003568 -0.000045 0.000018 -0.000083 1.000000
4.280644 -0.001143 -0.007988 -0.002962 -0.000312 0.000079 -0.000035 1.000000
4.292423 -0.000319 -0.003659 -0.005952 -0.000074 0.000049 -0.000008 1.000000
4.312881 0.001839 0.000267 -0.002622 0.000194 -0.000077 -0.000107 1.000000
4.327948 0.001061 -0.002979 -0.002570 -0.000063 -0.000043 0.000016 1.000000
4.350081 0.000163 -0.004941 -0.001837 -0.000127 0.000031 -0.000043 1.000000
4.372684 -0.005721 -0.004678 -0.004704 -0.000197 0.000374 -0.000103 1.000000
4.381465 -0.001404 -0.006339 -0.001693 -0.000199 0.000143 -0.000181 1.000000
4.393818 0.001003 -0.006749 -0.003898 -0.000326 -0.000040 -0.000059 1.000000
4.409684 0.001746 -0.007772 -0.005660 -0.000324 -0.000087 0.000042 1.000000
4.428555 -0.005615 -0.009546 -0.003653 -0.000450 0.000388 0.000036 1.000000
4.442637 0.000274 -0.005872 -0.002674 -0.000171 -0.000008 -0.000068 1.000000
4.468131 -0.002733 -0.004837 -0.003492 -0.000095 0.000139 -0.000034 1.000000
4.486594 0.000467 -0.007727 -0.005162 -0.000296 0.000023 -0.000071 1.000000
4.495566 -0.002282 -0.010054 -0.007164 -0.000498 0.000123 0.000159 1.000000
4.508401 -0.000080 -0.007260 -0.002358 -0.000245 -0.000052 0.000079 1.000000
4.535838 -0.001485 -0.009063 -0.003816 -0.000421 0.000057 -0.000066 1.000000
4.553848 -0.000224 -0.006519 -0.005261 -0.000253 0.000062 0.000060 1.000000
4.570476 -0.002644 -0.005816 -0.004738 -0.000233 0.000143 0.000033 1.000000
4.590803 -0.000244 -0.010433 -0.003360 -0.000450 -0.000058 0.000178 1.000000
4.599029 -0.001454 -0.007118 -0.004745 -0.000293 0.000049 0.000043 1.000000
4.611921 -0.001740 -0.007644 -0.004143 -0.000289 0.000108 -0.000149 1.000000
4.635416 -0.002364 -0.005494 -0.003568 -0.000096 0.000181 -0.000071 1.000000
4.644539 -0.001276 -0.008201 -0.004220 -0.000301 0.000077 -0.000024 1.000000
4.668839 -0.000131 -0.009156 -0.007356 -0.000458 -0.000018 0.000016 1.000000
4.689281 -0.001783 -0.007518 -0.005739 -0.000305 0.000097 0.000049 1.000000
4.702885 -0.000757 -0.007487 -0.009107 -0.000359 0.000040 0.000100 1.000000
4.712065 -0.000904 -0.009546 -0.005585 -0.000445 0.000049 0.000055 1.000000
4.728252 0.002106 -0.009699 -0.001970 -0.000417 -0.000095 -0.000068 1.000000
4.750854 0.001650 -0.009007 -0.004969 -0.000412 -0.000044 -0.000109 1.000000
4.767083 0.002189 -0.008709 -0.003341 -0.000350 -0.000095 -0.000067 1.000000
4.782579 -0.000252 -0.006168 -0.004330 -0.000208 0.000042 -0.000048 1.000000
4.798894 0.000381 -0.010957 -0.007396 -0.000522 -0.000059 0.000046 1.000000
4.812075 -0.001227 -0.008260 -0.001349 -0.000351 0.000074 -0.000087 1.000000
4.829809 0.003791 -0.003977 -0.006684 -0.000123 -0.000224 0.000028 1.000000
4.844644 0.001376 -0.008677 -0.003613 -0.000367 -0.000097 0.000188 1.000000
4.867896 0.003326 -0.006457 -0.005470 -0.000238 -0.000175 -0.000046 1.000000
4.879884 0.001975 -0.008768 -0.001227 -0.000313 -0.000094 0.000139 1.000000
4.895067 0.003728 -0.004593 -0.004508 -0.000068 -0.000153 -0.000340 1.000000
4.909516 -0.001503 -0.004961 -0.007733 -0.000165 0.000031 0.000191 1.000000
4.928271 -0.001142 -0.005302 -0.002153 -0.000128 0.000077 -0.000030 1.000000
4.944302 -0.000690 -0.005022 -0.005838 -0.000138 0.000110 -0.000174 1.000000
4.983070 -0.006398 -0.005622 -0.005345 -0.000148 0.000414 -0.000219 1.000000
4.993293 -0.001046 -0.010183 -0.003007 -0.000424 0.000073 0.000066 1.000000
5.010508 -0.001404 -0.005948 -0.000728 -0.000116 0.000083 -0.000002 1.000000
5.024790 -0.000991 -0.008897 -0.002823 -0.000372 0.000085 0.000060 1.000000
5.046484 0.001361 -0.011285 -0.003812 -0.000498 -0.000059 0.000063 1.000000
5.057420 0.000665 -0.006965 -0.005484 -0.000301 -0.000031 0.000031 1.000000
5.084818 0.001743 -0.007946 -0.002833 -0.000252 -0.000089 -0.000093 1.000000
5.096540 0.000351 -0.004523 -0.008189 -0.000063 0.000062 -0.000136 1.000000
5.115346 0.000995 -0.008163 -0.007913 -0.000345 0.000008 -0.000032 1.000000
5.123195 -0.001297 -0.006341 -0.007623 -0.000220 0.000066 -0.000067 1.000000
5.139479 -0.003056 -0.006459 -0.003191 -0.000175 0.000147 -0.000027 1.000000
5.156034 -0.005515 -0.007229 -0.003091 -0.000176 0.000320 0.000073 1.000000
5.177530 -0.003600 -0.008342 -0.006828 -0.000283 0.000253 -0.000263 1.000000
5.194971 -0.000252 -0.007238 -0.002838 -0.000233 0.000013 0.000125 1.000000
5.218628 -0.000369 -0.006790 -0.004704 -0.000221 0.000053 -0.000076 1.000000
5.231153 0.000339 -0.003304 -0.004569 0.000056 0.000074 -0.000354 1.000000
5.241244 -0.002293 -0.007541 -0.004718 -0.000293 0.000107 -0.000108 1.000000
5.260776 0.001578 -0.007774 -0.006615 -0.000280 -0.000101 -0.000022 1.000000
5.287800 -0.001924 -0.006630 -0.006570 -0.000162 0.000104 -0.000430 1.000000
5.297137 0.000872 -0.009006 -0.009254 -0.000399 -0.000030 -0.000121 1.000000
5.337760 -0.002371 -0.008465 -0.002099 -0.000276 0.000124 0.000026 1.000000
5.354121 -0.002276 -0.005957 -0.005518 -0.000130 0.000140 -0.000201 1.000000
5.363101 -0.002946 -0.010183 0.001762 -0.000321 0.000106 -0.000061 1.000000
5.379381 -0.001034 -0.008165 -0.004190 -0.000291 -0.000010 -0.000007 1.000000
5.393913 -0.001097 -0.009980 -0.004711 -0.000407 0.000016 0.000106 1.000000
5.420178 0.003129 -0.008326 -0.005000 -0.000310 -0.000165 0.000001 1.000000
5.428469 -0.002657 -0.008492 -0.004475 -0.000283 0.000150 0.000034 1.000000
5.443156 0.001527 -0.008326 -0.002372 -0.000279 -0.000110 0.000079 1.000000
5.474228 -0.002371 -0.008855 -0.004578 -0.000285 0.000103 -0.000046 1.000000
5.484447 -0.000980 -0.009219 -0.004214 -0.000405 0.000012 0.000161 1.000000
5.509367 -0.002769 -0.009431 -0.004176 -0.000411 0.000139 0.000075 1.000000
5.517128 -0.001770 -0.008128 -0.003381 -0.000264 0.000065 0.000068 1.000000
5.532549 -0.006448 -0.006213 -0.003489 -0.000124 0.000371 0.000114 1.000000
5.545829 0.000735 -0.007980 -0.005668 -0.000319 -0.000061 0.000002 1.000000
5.576696 -0.004458 -0.004231 -0.005679 -0.000030 0.000320 -0.000248 1.000000
5.584688 0.001551 -0.008238 -0.007362 -0.000299 -0.000047 -0.000076 1.000000
5.600051 -0.000345 -0.006853 -0.003865 -0.000151 -0.000058 0.000045 1.000000
5.615085 -0.001281 -0.010526 -0.004468 -0.000405 0.000012 0.000229 1.000000
5.632503 -0.004283 -0.007920 -0.004409 -0.000265 0.000262 0.000009 1.000000
5.651739 -0.003665 -0.006044 -0.003266 -0.000104 0.000185 -0.000017 1.000000
5.665327 -0.004822 -0.004928 -0.008510 -0.000061 0.000237 0.000127 1.000000
5.680086 -0.002895 -0.010500 -0.002147 -0.000419 0.000162 0.000002 1.000000
5.700861 -0.003092 -0.008091 -0.005358 -0.000246 0.000101 -0.000036 1.000000
5.723148 0.000768 -0.007274 -0.004193 -0.000214 -0.000015 -0.000039 1.000000
5.731585 -0.000907 -0.009499 -0.009304 -0.000397 0.000045 -0.000022 1.000000
5.749994 -0.000344 -0.009542 -0.002113 -0.000322 0.000019 -0.000117 1.000000
5.775266 0.002131 -0.009207 -0.007006 -0.000372 -0.000119 -0.000042 1.000000
5.790799 0.001156 -0.007107 -0.002872 -0.000234 -0.000041 -0.000152 1.000000
5.800732 0.003379 -0.007022 -0.006103 -0.000218 -0.000157 -0.000213 1.000000
5.812460 -0.001974 -0.007659 -0.004726 -0.000217 0.000066 -0.000044 1.000000
5.829730 0.002747 -0.010721 -0.004525 -0.000423 -0.000135 -0.000099 1.000000
5.861243 -0.002313 -0.009004 -0.006138 -0.000347 0.000134 0.000139 1.000000
5.868949 -0.001162 -0.013605 -0.003739 -0.000553 0.000067 -0.000052 1.000000
5.889019 -0.000171 -0.008134 -0.004094 -0.000246 -0.000018 0.000125 1.000000
5.896940 0.001651 -0.010644 -0.007078 -0.000442 -0.000094 -0.000040 1.000000
5.912380 0.000692 -0.006486 -0.004825 -0.000141 0.000001 -0.000047 1.000000
5.934988 -0.003307 -0.008124 -0.003977 -0.000245 0.000207 0.000067 1.000000
5.953365 -0.002073 -0.008175 -0.000179 -0.000221 0.000145 0.000179 1.000000
5.963613 0.001467 -0.010716 -0.003092 -0.000406 -0.000093 0.000089 1.000000
5.982465 0.001431 -0.009193 -0.006861 -0.000369 -0.000060 0.000076 1.000000
6.007638 0.002608 -0.009011 -0.001889 -0.000300 -0.000155 0.000128 1.000000
6.015075 0.000748 -0.011182 -0.003605 -0.000440 -0.000043 0.000058 1.000000
6.035343 0.001990 -0.008869 -0.004188 -0.000317 -0.000057 -0.000371 1.000000
6.056995 -0.001114 -0.010619 -0.009298 -0.000476 0.000130 -0.000190 1.000000
6.066542 -0.002593 -0.006991 -0.007474 -0.000232 0.000161 -0.000129 1.000000
6.092577 0.000858 -0.010319 -0.004343 -0.000397 -0.000014 -0.000165 1.000000
6.101364 -0.003799 -0.008483 -0.004205 -0.000269 0.000193 0.000110 1.000000
6.111863 -0.002949 -0.008979 -0.005622 -0.000324 0.000186 0.000018 1.000000
6.128850 -0.001676 -0.010877 -0.005990 -0.000460 0.000017 0.000224 1.000000
6.144903 -0.000531 -0.007870 -0.004636 -0.000266 0.000057 -0.000095 1.000000
6.175699 0.000649 -0.009275 -0.004169 -0.000258 -0.000082 0.000034 1.000000
6.187954 -0.006076 -0.010398 -0.003502 -0.000351 0.000330 -0.000010 1.000000
6.203263 0.000507 -0.007194 -0.005368 -0.000198 -0.000121 0.000075 1.000000
6.211240 0.001367 -0.012027 -0.004922 -0.000465 -0.000071 0.000165 1.000000
6.229320 0.001081 -0.012700 -0.004099 -0.000462 -0.000104 0.000062 1.000000
6.256803 -0.000202 -0.011022 -0.001861 -0.000328 -0.000021 0.000180 1.000000
6.265473 -0.000322 -0.012571 -0.003623 -0.000435 0.000072 -0.000040 1.000000
6.278330 0.000862 -0.010636 -0.008028 -0.000421 -0.000011 0.000107 1.000000
6.300399 0.000916 -0.013211 -0.002315 -0.000475 -0.000113 0.000225 1.000000
6.308354 -0.001683 -0.011490 -0.007103 -0.000446 0.000023 0.000072 1.000000
6.330085 -0.000994 -0.016256 -0.003693 -0.000655 0.000009 0.000217 1.000000
6.346448 -0.002982 -0.012938 -0.003289 -0.000466 0.000158 0.000090 1.000000
6.366667 -0.004853 -0.008004 -0.002977 -0.000179 0.000294 -0.000019 1.000000
6.374296 0.000576 -0.014157 -0.005926 -0.000581 -0.000044 0.000156 1.000000
6.405342 0.000309 -0.011920 -0.005341 -0.000452 -0.000022 -0.000020 1.000000
6.414907 0.000730 -0.013974 -0.006028 -0.000556 -0.000078 0.000145 1.000000
6.436119 -0.001976 -0.011928 -0.003816 -0.000382 0.000082 0.000176 1.000000
6.444887 0.000815 -0.015113 -0.003165 -0.000584 -0.000119 0.000272 1.000000
6.461476 0.001178 -0.015324 -0.003319 -0.000603 -0.000101 0.000239 1.000000
6.474610 0.001060 -0.009544 -0.007274 -0.000340 -0.000132 0.000257 1.000000
6.498536 -0.006967 -0.008959 -0.001624 -0.000217 0.000352 0.000241 1.000000
6.510505 0.000526 -0.010294 -0.004697 -0.000356 -0.000044 0.000164 1.000000
6.526330 0.000749 -0.012517 -0.001754 -0.000440 -0.000089 0.000103 1.000000
6.540017 -0.001258 -0.009484 -0.004812 -0.000321 0.000077 -0.000178 1.000000
6.558719 0.002425 -0.012252 -0.004770 -0.000466 -0.000137 0.000093 1.000000
6.583704 -0.001066 -0.015121 -0.004655 -0.000657 0.000088 0.000001 1.000000
6.593758 0.003187 -0.008879 -0.005259 -0.000308 -0.000173 -0.000149 1.000000
6.614295 -0.000698 -0.013143 -0.007549 -0.000605 -0.000021 0.000257 1.000000
6.624994 -0.000476 -0.011510 -0.003174 -0.000375 0.000022 0.000070 1.000000
6.648598 0.000984 -0.017053 -0.005086 -0.000787 -0.000035 0.000121 1.000000
6.656568 -0.004873 -0.012704 -0.006774 -0.000494 0.000237 0.000251 1.000000
6.670922 0.003670 -0.011336 -0.008072 -0.000402 -0.000191 0.000031 1.000000
6.688439 0.002720 -0.014404 -0.004414 -0.000569 -0.000175 0.000218 1.000000
6.706106 -0.004183 -0.009039 -0.005593 -0.000312 0.000264 0.000113 1.000000
6.725694 -0.001239 -0.008789 -0.004796 -0.000249 0.000104 -0.000066 1.000000
6.736970 0.001430 -0.010377 -0.001320 -0.000286 -0.000092 -0.000073 1.000000
6.754304 -0.002800 -0.009343 -0.002063 -0.000255 0.000158 0.000059 1.000000
6.768913 0.000501 -0.013284 -0.001653 -0.000460 -0.000025 0.000138 1.000000
6.787527 0.000413 -0.010730 0.000226 -0.000330 -0.000027 0.000160 1.000000
6.802332 -0.001174 -0.010696 -0.005327 -0.000347 0.000004 0.000327 1.000000
6.831448 0.002488 -0.012799 -0.006251 -0.000503 -0.000157 0.000041 1.000000
6.840589 -0.008796 -0.011273 -0.005001 -0.000418 0.000496 0.000338 1.000000
6.855841 0.001453 -0.013258 -0.006007 -0.000533 -0.000110 0.000283 1.000000
6.877484 -0.001159 -0.012281 -0.002451 -0.000402 0.000123 0.000045 1.000000
6.886621 -0.005291 -0.012975 -0.004878 -0.000445 0.000286 0.000245 1.000000
6.912569 -0.001542 -0.008581 -0.000013 -0.000154 0.000035 -0.000024 1.000000
6.920216 0.000510 -0.014840 -0.006748 -0.000635 -0.000109 0.000045 1.000000
6.938457 -0.005645 -0.010242 -0.003272 -0.000301 0.000258 0.000260 1.000000
6.958349 -0.006800 -0.015767 -0.003167 -0.000645 0.000385 0.000104 1.000000
6.976849 0.002262 -0.015533 -0.003628 -0.000584 -0.000164 0.000129 1.000000
6.991734 -0.000052 -0.015004 -0.002320 -0.000594 -0.000015 0.000057 1.000000
7.000196 -0.003411 -0.009248 -0.004010 -0.000180 0.000187 -0.000027 1.000000
7.023160 0.002658 -0.014582 -0.004900 -0.000570 -0.000185 0.000068 1.000000
7.045218 0.004186 -0.010117 -0.002995 -0.000283 -0.000283 0.000104 1.000000
7.052975 0.004846 -0.012375 -0.004016 -0.000479 -0.000296 0.000085 1.000000
7.067606 0.000314 -0.014476 -0.001779 -0.000527 -0.000013 0.000021 1.000000
7.096249 0.004599 -0.012096 -0.007088 -0.000445 -0.000262 0.000217 1.000000
7.108855 0.001806 -0.012929 -0.005866 -0.000509 -0.000201 0.000260 1.000000
7.124732 0.002664 -0.007350 -0.006423 -0.000178 -0.000115 0.000007 1.000000
7.144559 0.001916 -0.013925 -0.002819 -0.000439 -0.000150 0.000080 1.000000
7.152197 -0.000866 -0.017947 -0.007754 -0.000815 -0.000005 0.000020 1.000000
7.168407 -0.001008 -0.014332 -0.003493 -0.000570 0.000029 0.000073 1.000000
7.186534 -0.001324 -0.014378 -0.003706 -0.000556 0.000007 0.000349 1.000000
7.207217 -0.005516 -0.010359 -0.003924 -0.000340 0.000269 0.000276 1.000000
7.221997 -0.004883 -0.008180 0.002708 -0.000127 0.000266 -0.000044 1.000000
7.241491 -0.001001 -0.009230 -0.003648 -0.000187 -0.000019 0.000008 1.000000
7.267429 -0.006473 -0.007495 -0.000814 -0.000057 0.000281 0.000185 1.000000
7.275733 0.000610 -0.015388 -0.003148 -0.000577 -0.000066 0.000259 1.000000
7.285799 -0.001318 -0.008599 -0.005335 -0.000176 0.000075 0.000415 1.000000
7.312652 0.001793 -0.012128 -0.006108 -0.000469 -0.000068 0.000236 1.000000
7.322389 -0.001097 -0.013355 -0.005639 -0.000542 -0.000022 0.000315 1.000000
7.342988 -0.000570 -0.008507 -0.005039 -0.000208 0.000031 0.000096 1.000000
7.355394 -0.000499 -0.013716 -0.004648 -0.000544 -0.000003 0.000169 1.000000
7.365403 -0.000101 -0.010314 -0.001016 -0.000205 -0.000038 0.000106 1.000000
7.386171 -0.002517 -0.009454 -0.002258 -0.000193 0.000211 0.000096 1.000000
7.402732 -0.002352 -0.009061 -0.004353 -0.000210 0.000136 0.000261 1.000000
7.423696 0.001300 -0.011185 -0.003101 -0.000316 -0.000074 0.000157 1.000000
7.432549 0.002128 -0.013224 -0.003119 -0.000434 -0.000143 0.000261 1.000000
7.453372 0.002176 -0.016399 -0.003838 -0.000671 -0.000143 0.000141 1.000000
7.466041 0.002126 -0.015863 -0.002771 -0.000605 -0.000126 -0.000056 1.000000
7.484557 0.001484 -0.012792 -0.005005 -0.000450 -0.000047 0.000264 1.000000
7.502839 0.003207 -0.012326 -0.006909 -0.000453 -0.000218 0.000083 1.000000
7.523042 0.005337 -0.017401 -0.003346 -0.000710 -0.000283 0.000016 1.000000
7.533139 0.002782 -0.015318 -0.003376 -0.000646 -0.000165 0.000193 1.000000
7.557331 0.002449 -0.012403 -0.003773 -0.000441 -0.000185 0.000146 1.000000
7.566667 0.002259 -0.014685 -0.004436 -0.000574 -0.000165 0.000023 1.000000
7.582660 0.000924 -0.013745 -0.003224 -0.000488 -0.000006 0.000132 1.000000
7.597995 -0.002074 -0.008455 0.001862 -0.000067 0.000162 0.000060 1.000000
7.627100 0.004853 -0.012386 -0.004428 -0.000401 -0.000309 0.000188 1.000000
7.634613 0.001057 -0.014682 -0.001350 -0.000551 -0.000044 0.000087 1.000000
7.647963 0.001164 -0.015425 -0.004378 -0.000619 -0.000068 0.000254 1.000000
7.663806 -0.000188 -0.012944 -0.002226 -0.000365 0.000024 0.000260 1.000000
7.682376 -0.003914 -0.011386 0.000293 -0.000304 0.000266 0.000267 1.000000
7.695704 0.000647 -0.017655 -0.008712 -0.000808 0.000024 0.000118 1.000000
7.722552 0.000418 -0.009010 -0.003719 -0.000120 -0.000041 0.000016 1.000000
7.730255 0.002263 -0.014403 -0.005997 -0.000548 -0.000114 0.000070 1.000000
7.747892 0.001093 -0.011834 -0.006609 -0.000346 -0.000049 0.000050 1.000000
7.761640 0.001130 -0.013976 -0.005698 -0.000502 -0.000055 0.000181 1.000000
7.786363 0.002178 -0.013655 -0.003225 -0.000460 -0.000170 0.000068 1.000000
7.796628 0.001356 -0.016007 -0.004416 -0.000674 -0.000089 0.000427 1.000000
7.812795 -0.000159 -0.010899 -0.007630 -0.000403 0.000009 0.000381 1.000000
7.837967 0.000915 -0.009185 -0.006189 -0.000274 -0.000014 0.000116 1.000000
7.846589 -0.001023 -0.016068 -0.002860 -0.000625 0.000099 0.000196 1.000000
7.865242 0.000970 -0.015102 0.000335 -0.000535 -0.000156 0.000435 1.000000
7.881702 0.001992 -0.015669 -0.000729 -0.000586 -0.000088 0.000220 1.000000
7.897856 0.001887 -0.015699 0.002264 -0.000544 -0.000172 0.000073 1.000000
7.913456 0.000940 -0.017001 -0.001427 -0.000617 -0.000077 0.000100 1.000000
7.933509 0.004097 -0.015124 -0.002736 -0.000535 -0.000219 -0.000029 1.000000
7.946289 0.001902 -0.012321 -0.003728 -0.000450 -0.000117 0.000229 1.000000
7.973747 0.004631 -0.015866 -0.004852 -0.000642 -0.000330 0.000411 1.000000
7.984185 0.003017 -0.010482 -0.006648 -0.000328 -0.000195 0.000335 1.000000
7.998190 0.002753 -0.010614 -0.008099 -0.000336 -0.000154 0.000250 1.000000
8.023120 0.000511 -0.014865 -0.002851 -0.000547 -0.000040 0.000028 1.000000
8.037129 0.003404 -0.015828 -0.002894 -0.000574 -0.000209 0.000127 1.000000
8.056841 -0.002768 -0.015815 -0.003523 -0.000600 0.000164 0.000014 1.000000
8.069107 0.005391 -0.013655 -0.003077 -0.000453 -0.000344 0.000217 1.000000
8.086251 -0.000909 -0.012232 -0.005030 -0.000439 0.000076 0.000046 1.000000
8.096948 0.002963 -0.012163 -0.005317 -0.000422 -0.000208 0.000180 1.000000
8.113733 0.003375 -0.016703 -0.007294 -0.000744 -0.000178 0.000267 1.000000
8.129313 -0.004790 -0.013331 -0.004053 -0.000446 0.000209 0.000319 1.000000
8.158689 -0.000044 -0.011149 -0.006220 -0.000329 0.000009 0.000157 1.000000
8.167199 0.002544 -0.015588 -0.008350 -0.000693 -0.000167 0.000136 1.000000
8.182803 0.003960 -0.017210 -0.005925 -0.000747 -0.000198 -0.000029 1.000000
8.197242 0.000562 -0.017425 -0.005446 -0.000702 -0.000094 0.000106 1.000000
8.213964 -0.000807 -0.010984 -0.002616 -0.000278 0.000033 0.000074 1.000000
8.229852 -0.004642 -0.010708 -0.009147 -0.000402 0.000178 0.000232 1.000000
8.255524 0.001299 -0.018534 -0.004016 -0.000729 -0.000107 0.000118 1.000000
8.276031 -0.001656 -0.016135 -0.006425 -0.000615 0.000050 0.000324 1.000000
8.289755 0.001575 -0.016294 -0.002541 -0.000589 -0.000123 0.000196 1.000000
8.299484 0.002086 -0.015762 -0.005989 -0.000584 -0.000186 0.000307 1.000000
8.321568 0.003437 -0.013094 -0.005648 -0.000452 -0.000212 0.000143 1.000000
8.329601 0.002393 -0.015716 -0.008011 -0.000610 -0.000195 0.000217 1.000000
8.361922 0.001894 -0.016905 -0.004575 -0.000669 -0.000128 -0.000100 1.000000
8.369371 -0.001683 -0.011871 -0.005126 -0.000348 0.000123 0.000068 1.000000
8.382603 0.004818 -0.013880 -0.008105 -0.000522 -0.000269 0.000083 1.000000
8.398793 -0.008604 -0.010733 -0.005519 -0.000245 0.000477 0.000038 1.000000
8.415977 -0.000472 -0.014227 -0.001543 -0.000456 0.000001 0.000074 1.000000
8.437125 0.005562 -0.015218 -0.008688 -0.000609 -0.000332 0.000142 1.000000
8.447584 -0.006009 -0.015578 -0.001216 -0.000486 0.000348 0.000205 1.000000
8.463978 0.004321 -0.015773 -0.005728 -0.000567 -0.000266 0.000271 1.000000
8.480829 -0.002722 -0.015542 -0.004662 -0.000520 0.000139 0.000254 1.000000
8.501788 0.003943 -0.015433 -0.004768 -0.000604 -0.000197 -0.000034 1.000000
8.523508 -0.005876 -0.013677 -0.002874 -0.000458 0.000370 0.000074 1.000000
8.537268 0.000327 -0.013646 -0.003547 -0.000427 -0.000027 0.000019 1.000000
8.550987 0.000885 -0.014580 -0.007306 -0.000557 -0.000075 0.000016 1.000000
8.565177 -0.000226 -0.011746 -0.002509 -0.000248 0.000032 -0.000068 1.000000
8.582669 -0.004263 -0.012031 -0.002873 -0.000286 0.000280 0.000144 1.000000
8.598667 -0.004626 -0.012488 -0.001545 -0.000327 0.000234 0.000185 1.000000
8.626635 -0.001203 -0.012508 -0.005140 -0.000308 -0.000000 0.000095 1.000000
8.634062 -0.002242 -0.014652 -0.003989 -0.000495 0.000109 0.000040 1.000000
8.660230 -0.004814 -0.011223 -0.006205 -0.000326 0.000224 0.000325 1.000000
8.667740 -0.000620 -0.015977 -0.002486 -0.000554 -0.000005 0.000088 1.000000
8.693363 -0.001922 -0.014639 -0.005102 -0.000507 0.000079 0.000217 1.000000
8.700463 -0.002595 -0.020748 -0.005850 -0.000884 0.000022 0.000391 1.000000
8.714429 0.001362 -0.018620 -0.005795 -0.000746 -0.000105 0.000165 1.000000
8.733699 -0.003888 -0.014015 -0.002998 -0.000403 0.000251 0.000034 1.000000
8.749847 -0.006517 -0.014673 -0.002763 -0.000450 0.000370 0.000295 1.000000
8.765102 -0.001048 -0.017226 -0.007882 -0.000707 0.000092 0.000191 1.000000
8.790351 -0.000310 -0.013662 -0.007031 -0.000494 0.000007 0.000041 1.000000
8.810870 -0.001231 -0.016137 -0.009035 -0.000613 0.000014 0.000139 1.000000
8.828979 0.000560 -0.016734 -0.003946 -0.000595 -0.000078 0.000082 1.000000
8.838525 0.000585 -0.016891 -0.003658 -0.000578 -0.000112 0.000196 1.000000
8.853633 -0.003114 -0.015016 -0.004932 -0.000514 0.000138 0.000329 1.000000
8.866552 -0.001379 -0.011461 -0.003742 -0.000281 0.000053 0.000313 1.000000
8.885231 -0.001053 -0.013348 -0.004227 -0.000395 -0.000025 0.000345 1.000000
8.901315 0.004060 -0.017626 -0.005193 -0.000669 -0.000340 0.000531 1.000000
8.916186 -0.000878 -0.011483 -0.003090 -0.000229 0.000004 0.000159 1.000000
8.940454 -0.005975 -0.010549 -0.003318 -0.000184 0.000325 0.000036 1.000000
8.960163 0.000315 -0.014828 -0.006511 -0.000514 -0.000153 0.000350 1.000000
8.967183 -0.001037 -0.013606 -0.003239 -0.000383 0.000070 -0.000040 1.000000
8.982376 -0.000858 -0.017586 -0.001472 -0.000618 0.000035 0.000053 1.000000
9.005972 -0.000662 -0.012194 0.003628 -0.000243 -0.000050 0.000232 1.000000
9.014836 0.002656 -0.015323 -0.007023 -0.000525 -0.000157 0.000210 1.000000
9.037533 -0.001025 -0.017562 -0.004323 -0.000618 0.000044 0.000004 1.000000
9.057585 -0.002351 -0.013736 -0.010121 -0.000459 0.000090 0.000265 1.000000
9.075174 0.003118 -0.012101 -0.006095 -0.000325 -0.000260 0.000289 1.000000
9.086452 -0.000853 -0.015225 -0.006400 -0.000478 -0.000009 -0.000029 1.000000
9.100435 0.000504 -0.015545 -0.006125 -0.000494 -0.000188 0.000321 1.000000
9.121068 -0.000312 -0.015232 -0.004627 -0.000468 -0.000035 -0.000055 1.000000
9.140220 -0.000397 -0.009351 -0.004306 -0.000128 -0.000058 0.000380 1.000000
9.149976 0.001198 -0.015266 -0.006794 -0.000533 -0.000166 0.000324 1.000000
9.163806 0.000476 -0.014432 -0.005353 -0.000423 -0.000163 0.000095 1.000000
9.185160 -0.001864 -0.014729 -0.004645 -0.000464 0.000026 -0.000015 1.000000
9.198648 -0.003443 -0.010281 -0.002369 -0.000117 0.000189 0.000169 1.000000
9.223266 -0.003418 -0.011083 -0.002943 -0.000204 0.000192 0.000212 1.000000
9.231760 0.001338 -0.017445 -0.006513 -0.000684 -0.000154 0.000412 1.000000
9.252746 -0.004448 -0.016426 -0.003295 -0.000551 0.000169 0.000252 1.000000
9.276208 -0.000185 -0.013752 -0.005355 -0.000426 -0.000022 0.000372 1.000000
9.286671 0.001399 -0.015556 -0.000992 -0.000451 -0.000136 0.000077 1.000000
9.312566 -0.000113 -0.014676 -0.005384 -0.000506 -0.000105 0.000513 1.000000
9.320214 -0.002043 -0.014095 -0.005065 -0.000377 0.000091 0.000270 1.000000
9.347342 0.000018 -0.013964 -0.006897 -0.000420 -0.000028 0.000081 1.000000
9.356064 -0.004189 -0.011188 -0.004145 -0.000227 0.000169 0.000210 1.000000
9.380349 -0.002067 -0.013882 -0.002981 -0.000345 0.000114 0.000067 1.000000
9.388612 -0.001170 -0.012091 -0.003126 -0.000265 0.000015 -0.000004 1.000000
9.403164 0.000633 -0.016184 -0.005813 -0.000586 -0.000064 0.000046 1.000000
9.421686 -0.007514 -0.011514 -0.002764 -0.000253 0.000424 0.000019 1.000000
9.443682 -0.006159 -0.008026 -0.008081 -0.000059 0.000347 0.000046 1.000000
9.450919 -0.000491 -0.015295 -0.000400 -0.000423 -0.000149 0.000419 1.000000
9.467372 -0.001384 -0.012660 -0.003909 -0.000313 -0.000052 0.000187 1.000000
9.485382 0.001437 -0.016155 0.000688 -0.000500 -0.000170 0.000028 1.000000
9.501336 -0.005934 -0.011967 -0.004178 -0.000249 0.000274 0.000160 1.000000
9.513120 -0.005370 -0.014010 -0.003055 -0.000375 0.000259 0.000261 1.000000
9.540056 -0.000848 -0.011118 -0.003882 -0.000226 -0.000003 -0.000032 1.000000
9.560480 -0.000456 -0.014120 -0.002862 -0.000410 -0.000025 0.000144 1.000000
9.568849 -0.001299 -0.013866 -0.001772 -0.000355 0.000004 0.000280 1.000000
9.596609 0.001988 -0.015113 -0.002515 -0.000490 -0.000152 0.000109 1.000000
9.605132 0.001699 -0.017284 -0.000816 -0.000593 -0.000180 0.000196 1.000000
9.623004 -0.005033 -0.009841 -0.002835 -0.000136 0.000220 0.000006 1.000000
9.632747 -0.003130 -0.014295 -0.004666 -0.000454 0.000134 0.000281 1.000000
9.652709 -0.002154 -0.011015 -0.007766 -0.000237 0.000065 -0.000009 1.000000
9.665757 -0.004233 -0.013242 -0.005259 -0.000351 0.000236 0.000248 1.000000
9.682190 0.000865 -0.018151 -0.007762 -0.000675 -0.000134 0.000072 1.000000
9.698138 -0.003288 -0.014443 -0.005554 -0.000486 0.000143 -0.000026 1.000000
9.713375 0.000882 -0.011699 -0.005408 -0.000279 -0.000126 0.000318 1.000000
9.729189 -0.008367 -0.013222 -0.001428 -0.000334 0.000405 0.000310 1.000000
9.758398 -0.002191 -0.012805 -0.005119 -0.000350 0.000043 0.000154 1.000000
9.766204 -0.003643 -0.012489 -0.008028 -0.000363 0.000155 -0.000061 1.000000
9.784905 -0.004936 -0.008054 -0.006520 -0.000103 0.000333 -0.000062 1.000000
9.810113 -0.002832 -0.009220 -0.005515 -0.000166 0.000231 -0.000099 1.000000
9.818480 -0.004830 -0.007544 -0.003714 -0.000034 0.000326 -0.000010 1.000000
9.830355 -0.000907 -0.010790 -0.009158 -0.000264 -0.000030 0.000096 1.000000
9.847477 0.002241 -0.015794 -0.009571 -0.000591 -0.000130 0.000061 1.000000
9.867243 0.003602 -0.014681 -0.008493 -0.000479 -0.000189 -0.000055 1.000000
9.881259 -0.001986 -0.014910 -0.003390 -0.000426 0.000059 0.000160 1.000000
9.900675 0.002834 -0.016748 -0.003732 -0.000558 -0.000222 0.000063 1.000000
9.922602 0.000912 -0.015141 -0.008045 -0.000524 -0.000085 -0.000102 1.000000
9.935950 0.000979 -0.012082 -0.005849 -0.000305 -0.000148 0.000002 1.000000
9.951938 0.001557 -0.014579 -0.007319 -0.000441 -0.000144 -0.000041 1.000000
9.968024 -0.000769 -0.013311 -0.001658 -0.000326 -0.000013 0.000165 1.000000
9.981396 0.002582 -0.014430 -0.001122 -0.000370 -0.000189 0.000215 1.000000
9.994991 -0.002605 -0.015907 -0.003522 -0.000533 0.000066 0.000261 1.000000
10.014414 0.000250 -0.016280 -0.003375 -0.000513 -0.000073 0.000111 1.000000
10.035205 0.002078 -0.013579 -0.004621 -0.000312 -0.000226 -0.000038 1.000000
10.048635 -0.000137 -0.017139 -0.002857 -0.000568 -0.000055 -0.000076 1.000000
10.074750 -0.001753 -0.010359 -0.005076 -0.000149 0.000121 0.000168 1.000000
10.086211 -0.000139 -0.012906 -0.006307 -0.000326 -0.000014 0.000171 1.000000
10.096063 0.001651 -0.015478 -0.004819 -0.000490 -0.000177 0.000039 1.000000
10.114665 0.003017 -0.015272 -0.005256 -0.000508 -0.000213 0.000133 1.000000
10.140294 -0.000283 -0.012359 -0.008323 -0.000315 0.000020 0.000162 1.000000
10.150475 -0.001000 -0.011329 -0.008180 -0.000262 0.000037 -0.000119 1.000000
10.163507 -0.003356 -0.011482 -0.006845 -0.000286 0.000141 0.000031 1.000000
10.189899 0.003144 -0.015563 -0.002703 -0.000478 -0.000231 0.000195 1.000000
10.201184 0.003382 -0.012053 -0.004950 -0.000307 -0.000163 0.000114 1.000000
10.214837 0.004770 -0.016808 -0.003357 -0.000562 -0.000315 0.000614 1.000000
10.234733 -0.003611 -0.016766 -0.005854 -0.000550 0.000228 0.001260 0.999999
10.258318 -0.005132 -0.018776 -0.006066 -0.000649 0.000413 0.001989 0.999998
10.269985 -0.001868 -0.020544 -0.009717 -0.000838 0.000301 0.002640 0.999996
10.288699 0.004112 -0.017228 -0.005755 -0.000600 0.000003 0.003914 0.999992
10.303229 -0.004874 -0.018682 -0.013116 -0.000627 0.000939 0.005673 0.999983
10.319961 0.005658 -0.014356 -0.014143 -0.000453 0.000662 0.007270 0.999973
10.328910 -0.004482 -0.016603 -0.008261 -0.000652 0.001811 0.009481 0.999953
10.363353 -0.004916 -0.017047 -0.008078 -0.000965 0.002179 0.012594 0.999918
10.371908 0.004285 -0.021669 -0.009016 -0.001766 0.001906 0.016196 0.999865
10.389625 -0.037247 -0.066621 -0.015783 -0.005290 0.004989 0.019937 0.999775
10.404580 -0.076960 -0.067308 -0.015914 -0.005897 0.007803 0.024319 0.999656
10.422357 -0.072822 -0.066039 -0.014139 -0.006397 0.007860 0.027781 0.999563
10.432151 -0.081179 -0.071225 -0.010070 -0.007375 0.008797 0.031459 0.999439
10.467273 -0.039563 -0.035486 -0.009629 -0.005737 0.006429 0.033783 0.999392
10.475216 -0.015260 -0.037139 -0.006863 -0.006410 0.005371 0.035863 0.999322
10.503834 -0.039533 -0.003354 -0.008804 -0.004601 0.006937 0.038822 0.999211
10.513169 -0.255455 -0.250951 -0.043512 -0.020309 0.021074 0.043192 0.998638
10.525852 -0.031814 -0.010885 -0.002207 -0.005391 0.007156 0.041684 0.999091
10.543102 -0.038673 -0.033349 -0.009117 -0.006906 0.007990 0.042305 0.999049
10.559212 -0.037216 -0.032761 -0.003256 -0.006720 0.008164 0.042551 0.999038
10.581172 -0.019830 -0.012372 0.001266 -0.005228 0.007383 0.042198 0.999068
10.594821 -0.040264 -0.042295 -0.005288 -0.006783 0.009114 0.041632 0.999068
10.608618 -0.021650 -0.026258 0.005331 -0.005232 0.008177 0.040854 0.999118
10.637174 -0.026462 -0.020808 0.005860 -0.004382 0.008855 0.039604 0.999167
10.648071 -0.023385 -0.033505 0.004956 -0.004755 0.009080 0.038236 0.999216
10.656560 -0.006314 -0.011380 0.011522 -0.002638 0.008204 0.036714 0.999289
10.671282 -0.009667 0.000642 0.016850 -0.001065 0.008869 0.034747 0.999356
10.689141 -0.031870 -0.010879 0.010423 -0.001098 0.010638 0.032867 0.999403
10.707493 -0.002231 0.014247 0.017684 0.001163 0.009144 0.030980 0.999478
10.724845 -0.017162 0.004472 0.019358 0.001457 0.010483 0.028943 0.999525
10.743592 -0.012128 0.005481 0.023098 0.002456 0.010563 0.026603 0.999587
10.768017 -0.002368 -0.018078 0.027899 0.001922 0.010357 0.024661 0.999640
10.778794 0.014014 -0.033106 0.021491 0.001866 0.009788 0.022495 0.999697
10.788883 -0.006781 -0.025004 0.033879 0.003578 0.011518 0.019878 0.999730
10.815166 0.002603 -0.016274 0.030285 0.005155 0.011283 0.018024 0.999761
10.823979 0.004681 -0.038772 0.035960 0.004870 0.011543 0.016002 0.999793
10.852223 0.008302 -0.054371 0.030497 0.004907 0.011728 0.014115 0.999820
10.861826 0.017939 -0.054585 0.035534 0.006110 0.011612 0.011531 0.999847
10.870414 0.021249 -0.051482 0.037955 0.007423 0.011771 0.009859 0.999855
10.888521 0.026578 -0.049905 0.041563 0.008845 0.011882 0.008177 0.999857
10.914697 0.038882 -0.080613 0.041197 0.008085 0.011519 0.006310 0.999881
10.923617 0.017910 -0.073314 0.033778 0.009616 0.013264 0.005415 0.999851
10.944186 0.007103 -0.077514 0.039658 0.010744 0.014354 0.003447 0.999833
10.957679 0.011360 -0.093253 0.049561 0.011022 0.014551 0.002255 0.999831
10.979067 0.034721 -0.087834 0.050457 0.012747 0.013522 0.000763 0.999827
10.990732 0.054715 -0.092798 0.055331 0.013842 0.012635 -0.000403 0.999824
11.008549 0.045528 -0.113655 0.055993 0.013813 0.013757 -0.001811 0.999808
11.032782 0.041887 -0.126334 0.070002 0.014342 0.014297 -0.002332 0.999792
11.051776 0.042581 -0.134073 0.069188 0.015145 0.014586 -0.003724 0.999772
11.059828 0.034938 -0.130703 0.063957 0.016403 0.015480 -0.003917 0.999738
11.072342 0.019660 -0.157405 0.061753 0.015940 0.016748 -0.004865 0.999721
11.097529 0.044094 -0.151589 0.074696 0.017783 0.015788 -0.006290 0.999697
11.120227 0.074252 -0.200491 0.064370 0.015861 0.014251 -0.007275 0.999746
11.128703 0.090470 -0.173851 0.080246 0.018951 0.013530 -0.008083 0.999696
11.142070 0.068227 -0.179380 0.074270 0.019866 0.015454 -0.009029 0.999642
11.164298 0.107857 -0.175018 0.086939 0.021741 0.013310 -0.009911 0.999626
11.173537 0.093980 -0.164807 0.089883 0.023491 0.014556 -0.009766 0.999570
11.201853 0.090026 -0.176266 0.086259 0.024129 0.015347 -0.010838 0.999532
11.212958 0.123123 -0.219722 0.090482 0.022587 0.013500 -0.011458 0.999588
11.239008 0.106721 -0.222283 0.099608 0.025222 0.015311 -0.012518 0.999486
11.264091 0.135887 -0.230315 0.091153 0.026038 0.013825 -0.013147 0.999479
11.278577 0.137128 -0.233583 0.105974 0.027170 0.013914 -0.013286 0.999446
11.294982 0.132576 -0.271217 0.100909 0.026021 0.014620 -0.014155 0.999454
11.312372 0.151112 -0.244383 0.117283 0.029308 0.013832 -0.014854 0.999364
11.333562 0.149006 -0.248527 0.109120 0.030205 0.014360 -0.014937 0.999329
11.348775 0.150185 -0.284699 0.097707 0.029103 0.014634 -0.015597 0.999348
11.370873 0.144666 -0.302456 0.107357 0.029032 0.015219 -0.015901 0.999336
11.383595 0.149000 -0.308963 0.105259 0.029926 0.015422 -0.017008 0.999288
11.404585 0.131618 -0.285854 0.106511 0.032687 0.016751 -0.016625 0.999187
11.415226 0.125303 -0.306772 0.109707 0.032527 0.017456 -0.016785 0.999177
11.436160 0.184566 -0.289612 0.119157 0.035119 0.013998 -0.017858 0.999126
11.443784 0.178528 -0.314521 0.117129 0.034640 0.014657 -0.018471 0.999122
11.457960 0.185386 -0.373168 0.113113 0.032023 0.014417 -0.018056 0.999220
11.472504 0.186816 -0.363421 0.123941 0.033851 0.014700 -0.019222 0.999134
11.488686 0.190032 -0.345286 0.123425 0.036346 0.014887 -0.019443 0.999039
11.508790 0.191171 -0.359315 0.117396 0.036548 0.015028 -0.018910 0.999040
11.533649 0.221521 -0.419705 0.124297 0.034002 0.013204 -0.019474 0.999145
11.550404 0.219231 -0.428684 0.128479 0.034394 0.013564 -0.019431 0.999127
11.558417 0.243560 -0.439807 0.137069 0.035027 0.012294 -0.020124 0.999108
11.586515 0.213683 -0.447641 0.129528 0.035513 0.014393 -0.019700 0.999071
11.598720 0.231754 -0.451740 0.133227 0.036456 0.013436 -0.019359 0.999057
11.613762 0.255724 -0.461513 0.138341 0.036789 0.012167 -0.020238 0.999044
11.633341 0.241650 -0.475639 0.140112 0.037028 0.013304 -0.019816 0.999029
11.657640 0.243277 -0.469161 0.140280 0.038516 0.013422 -0.020077 0.998966
11.669929 0.235353 -0.488099 0.145024 0.038407 0.014132 -0.020030 0.998961
11.696275 0.256875 -0.560141 0.127640 0.034755 0.012763 -0.019807 0.999118
11.706182 0.233082 -0.561133 0.131358 0.035694 0.014476 -0.020309 0.999052
11.723511 0.236743 -0.563671 0.142032 0.036664 0.014414 -0.019891 0.999026
11.740578 0.241408 -0.573972 0.135733 0.036987 0.014375 -0.020119 0.999010
11.760709 0.215841 -0.557169 0.140016 0.039063 0.016154 -0.020095 0.998904
11.779608 0.309189 -0.631418 0.139303 0.035142 0.010162 -0.020295 0.999125
11.791963 0.311759 -0.643844 0.137490 0.035498 0.010073 -0.020105 0.999117
11.814213 0.308369 -0.646643 0.137964 0.036281 0.010445 -0.020472 0.999077
11.828781 0.286140 -0.652952 0.132368 0.036816 0.012045 -0.020402 0.999041
11.846685 0.305838 -0.673962 0.146085 0.036692 0.010839 -0.020309 0.999061
11.863667 0.313636 -0.677679 0.144813 0.037357 0.010466 -0.019668 0.999054
11.876796 0.270606 -0.669653 0.134698 0.038586 0.013577 -0.020134 0.998960
11.904830 0.348125 -0.925844 0.109091 0.022275 0.008080 -0.020777 0.999503
11.922429 0.326094 -0.926086 0.111102 0.023283 0.009604 -0.020643 0.999470
11.939760 0.338010 -0.979508 0.109756 0.020546 0.008891 -0.020561 0.999538
11.948928 0.350455 -0.971321 0.103052 0.021907 0.008254 -0.020069 0.999524
11.961765 0.323850 -1.050686 0.097807 0.017677 0.009856 -0.020068 0.999594
11.991347 0.320657 -0.989026 0.109003 0.022619 0.010234 -0.019613 0.999499
12.002728 0.310559 -0.989466 0.109472 0.023422 0.010914 -0.019191 0.999482
12.011999 0.364530 -1.103304 0.104760 0.016712 0.007351 -0.019454 0.999644
12.027376 0.352167 -1.101213 0.109734 0.017617 0.008197 -0.018866 0.999633
12.047369 0.364248 -1.114545 0.108973 0.017478 0.007338 -0.018273 0.999653
12.064045 0.369265 -1.135968 0.108414 0.016894 0.007048 -0.018146 0.999668
12.095694 0.362790 -1.135161 0.105757 0.017583 0.007518 -0.017844 0.999658
12.109250 0.372986 -1.166416 0.103092 0.016330 0.006890 -0.017722 0.999686
12.120876 0.417559 -1.230001 0.106183 0.012731 0.003801 -0.017279 0.999762
12.133478 0.419703 -1.220659 0.103664 0.014072 0.003714 -0.017269 0.999745
12.164111 0.422503 -1.247340 0.111516 0.013056 0.003524 -0.016826 0.999767
12.189113 0.425572 -1.222731 0.111508 0.015240 0.003278 -0.016660 0.999740
12.198016 0.407439 -1.268212 0.104552 0.012839 0.004428 -0.016134 0.999778
12.219808 0.448126 -1.321066 0.104765 0.009967 0.001656 -0.016125 0.999819
12.232116 0.424544 -1.299035 0.109056 0.012052 0.003227 -0.015792 0.999797
12.263192 0.394625 -1.317230 0.103081 0.011285 0.005193 -0.015476 0.999803
12.271722 0.411196 -1.329991 0.108919 0.011113 0.004007 -0.015303 0.999813
12.286424 0.430971 -1.334822 0.107280 0.011500 0.002624 -0.015052 0.999817
12.305269 0.421126 -1.370147 0.113782 0.009975 0.003113 -0.014457 0.999841
12.320788 0.433903 -1.324425 0.120216 0.013511 0.002245 -0.014085 0.999807
12.336759 0.421913 -1.327966 0.115990 0.013847 0.003027 -0.013471 0.999809
12.364976 0.419771 -1.328793 0.110862 0.014334 0.003157 -0.013475 0.999802
12.373577 0.374673 -1.379225 0.105891 0.011571 0.005929 -0.013124 0.999829
12.398756 0.403826 -1.329216 0.113219 0.015423 0.003940 -0.012705 0.999793
12.408279 0.391577 -1.344251 0.115888 0.014904 0.004789 -0.012075 0.999805
12.421956 0.385084 -1.350179 0.109493 0.015093 0.005063 -0.012195 0.999799
12.435063 0.426112 -1.371764 0.110788 0.014240 0.002352 -0.011941 0.999825
12.462655 0.404141 -1.372063 0.115555 0.014768 0.003581 -0.011693 0.999816
12.475156 0.420335 -1.392288 0.110410 0.013978 0.002422 -0.011330 0.999835
12.488094 0.422179 -1.419019 0.120586 0.012752 0.002214 -0.010733 0.999859
12.511817 0.421450 -1.438351 0.117119 0.011926 0.002126 -0.009700 0.999880
12.520450 0.423234 -1.453594 0.115207 0.011280 0.001929 -0.009573 0.999889
12.547479 0.429946 -1.467264 0.115860 0.010882 0.001447 -0.009104 0.999898
12.561158 0.401606 -1.458182 0.111138 0.011950 0.003189 -0.008770 0.999885
12.578547 0.396180 -1.473914 0.111001 0.011325 0.003428 -0.008614 0.999893
12.590311 0.402911 -1.475972 0.117415 0.011471 0.002852 -0.008324 0.999896
12.619366 0.397173 -1.483525 0.115820 0.011405 0.003036 -0.007843 0.999900
12.629552 0.377671 -1.467593 0.109110 0.012690 0.004325 -0.007874 0.999879
12.647523 0.385049 -1.491340 0.104112 0.011412 0.003691 -0.007696 0.999898
12.662035 0.397837 -1.488793 0.104644 0.011832 0.002715 -0.007401 0.999899
12.673216 0.410590 -1.508611 0.099961 0.010806 0.001762 -0.006983 0.999916
12.694577 0.376053 -1.508472 0.093794 0.011039 0.003950 -0.006506 0.999910
12.706153 0.387263 -1.499661 0.102933 0.011926 0.002984 -0.006146 0.999906
12.721256 0.369212 -1.490337 0.097688 0.012770 0.004104 -0.005715 0.999894
12.738204 0.368144 -1.500172 0.096174 0.012447 0.004066 -0.005656 0.999898
12.754707 0.384079 -1.491247 0.107009 0.013360 0.002815 -0.005275 0.999893
12.778481 0.419412 -1.525939 0.097376 0.011264 0.000512 -0.005194 0.999923
12.791368 0.411532 -1.534189 0.100565 0.010907 0.000824 -0.005162 0.999927
12.813285 0.407944 -1.545231 0.098975 0.010348 0.000967 -0.004939 0.999934
12.838508 0.416715 -1.543067 0.098771 0.010674 0.000249 -0.004664 0.999932
12.848960 0.411680 -1.542433 0.098031 0.010864 0.000485 -0.004329 0.999932
12.863792 0.404233 -1.541162 0.095824 0.011026 0.000848 -0.003952 0.999931
12.877056 0.402469 -1.544411 0.099358 0.010968 0.000900 -0.003422 0.999934
12.891677 0.398579 -1.553266 0.094704 0.010629 0.001078 -0.003257 0.999938
12.909411 0.414575 -1.596946 0.098207 0.007876 -0.000193 -0.002914 0.999965
12.923105 0.413764 -1.571644 0.101970 0.009794 -0.000282 -0.002586 0.999949
12.945819 0.389996 -1.589229 0.101013 0.008736 0.001098 -0.002307 0.999959
12.958870 0.373786 -1.587185 0.096658 0.009132 0.002049 -0.001820 0.999955
12.974360 0.404293 -1.606019 0.096231 0.008080 -0.000115 -0.001628 0.999966
12.994227 0.387659 -1.615494 0.090983 0.007585 0.000899 -0.001447 0.999970
13.009176 0.370179 -1.610566 0.091816 0.008016 0.001894 -0.000713 0.999966
13.033113 0.386737 -1.631356 0.086230 0.006966 0.000601 -0.000491 0.999975
13.043561 0.378606 -1.611503 0.084750 0.008454 0.000978 -0.000026 0.999964
13.057611 0.349378 -1.624353 0.079053 0.007793 0.002780 -0.000041 0.999966
13.074392 0.380171 -1.641525 0.082001 0.006871 0.000641 -0.000097 0.999976
13.097305 0.396507 -1.644681 0.081400 0.006729 -0.000540 0.000048 0.999977
13.105679 0.347914 -1.644572 0.073489 0.006850 0.002408 0.000709 0.999973
13.134596 0.330355 -1.641602 0.076135 0.007326 0.003402 0.001503 0.999966
13.145278 0.353331 -1.657100 0.078292 0.006559 0.001782 0.001356 0.999976
13.160579 0.341699 -1.648385 0.083100 0.007458 0.002336 0.002074 0.999967
13.177882 0.339041 -1.652658 0.082690 0.007387 0.002288 0.002137 0.999968
13.193819 0.341447 -1.662762 0.079649 0.006967 0.002030 0.002215 0.999971
13.217443 0.344247 -1.675910 0.076370 0.006368 0.001710 0.002459 0.999975
13.230745 0.347874 -1.694013 0.071466 0.005264 0.001304 0.002914 0.999981
13.251909 0.338370 -1.674307 0.071648 0.006856 0.001746 0.002906 0.999971
13.262352 0.344723 -1.670851 0.070722 0.007383 0.001139 0.003239 0.999967
13.285555 0.348372 -1.670220 0.071074 0.007675 0.000742 0.003526 0.999964
13.297646 0.343022 -1.672951 0.064266 0.007844 0.000943 0.003552 0.999962
13.342106 0.337889 -1.682883 0.070622 0.007391 0.001052 0.004053 0.999964
13.366158 0.325429 -1.676043 0.067026 0.008182 0.001701 0.004126 0.999957
13.389322 0.333779 -1.694273 0.069516 0.007224 0.000942 0.004256 0.999964
13.398150 0.338248 -1.703230 0.066935 0.007070 0.000533 0.004451 0.999965
13.417953 0.347061 -1.685782 0.062806 0.008348 -0.000270 0.004678 0.999954
13.441749 0.323418 -1.712095 0.059746 0.006909 0.001205 0.004492 0.999965
13.455483 0.315945 -1.719003 0.058330 0.006749 0.001507 0.004643 0.999965
13.481497 0.299320 -1.737766 0.055987 0.005776 0.002477 0.004647 0.999969
13.490295 0.311945 -1.739587 0.060383 0.005976 0.001466 0.004729 0.999970
13.519691 0.293729 -1.720509 0.059128 0.007457 0.002602 0.005081 0.999956
13.537469 0.301387 -1.724800 0.055530 0.007442 0.001911 0.004941 0.999958
13.550910 0.300886 -1.718466 0.052216 0.008172 0.001788 0.004597 0.999954
13.565369 0.284516 -1.727334 0.053038 0.007945 0.002779 0.004866 0.999953
13.579597 0.294453 -1.721935 0.055254 0.008491 0.002051 0.005171 0.999949
13.589191 0.304791 -1.732815 0.052444 0.007944 0.001224 0.005459 0.999953
13.618907 0.309888 -1.756074 0.051915 0.006814 0.000791 0.005233 0.999963
13.629043 0.308166 -1.749898 0.048410 0.007430 0.000796 0.005529 0.999957
13.646064 0.280587 -1.768179 0.044642 0.006520 0.002497 0.005231 0.999962
13.655286 0.295953 -1.754755 0.045200 0.007794 0.001310 0.005483 0.999954
13.670243 0.298065 -1.754419 0.040781 0.008098 0.001032 0.005829 0.999950
13.690820 0.309918 -1.746719 0.038210 0.008764 0.000113 0.005928 0.999944
13.710539 0.298744 -1.748317 0.034799 0.008872 0.000813 0.005650 0.999944
13.733572 0.298142 -1.758759 0.033357 0.008502 0.000794 0.005913 0.999946
13.743718 0.300065 -1.771132 0.028411 0.008047 0.000520 0.005807 0.999951
13.756438 0.288891 -1.793227 0.026183 0.006742 0.001106 0.006131 0.999958
13.778388 0.303465 -1.796844 0.028882 0.006708 0.000095 0.006361 0.999957
13.790155 0.293738 -1.794333 0.026810 0.007194 0.000629 0.006699 0.999951
13.819486 0.262796 -1.806026 0.025074 0.006760 0.002580 0.006514 0.999953
13.832600 0.270888 -1.817684 0.018075 0.006223 0.002056 0.006589 0.999957
13.845732 0.279491 -1.799534 0.020776 0.007571 0.001300 0.006911 0.999947
13.854755 0.289541 -1.790274 0.024381 0.008310 0.000543 0.006665 0.999943
13.884510 0.297369 -1.809603 0.018939 0.007114 -0.000018 0.006923 0.999951
13.892664 0.293234 -1.784364 0.016099 0.008898 0.000125 0.006981 0.999936
13.920509 0.285203 -1.789624 0.013771 0.008671 0.000623 0.006837 0.999939
13.931557 0.288491 -1.791733 0.014005 0.008486 0.000230 0.007394 0.999937
13.951116 0.282551 -1.811339 0.015179 0.007183 0.000566 0.007268 0.999948
13.968787 0.276995 -1.816190 0.013766 0.006899 0.000867 0.007336 0.999949
13.980882 0.289586 -1.814089 0.012898 0.007144 0.000067 0.007720 0.999945
13.994983 0.279663 -1.826429 0.009645 0.006250 0.000607 0.007661 0.999951
14.008892 0.286324 -1.839476 0.006734 0.005374 0.000111 0.007337 0.999959
14.023000 0.293104 -1.812699 0.009164 0.007150 -0.000468 0.007761 0.999944
14.046568 0.277113 -1.810341 0.002763 0.007253 0.000574 0.007983 0.999942
14.063508 0.285244 -1.812233 0.003420 0.007139 -0.000003 0.007763 0.999944
14.093442 0.287683 -1.813532 -0.002864 0.006991 -0.000301 0.006932 0.999951
14.101768 0.270174 -1.862651 -0.008595 0.003660 0.000838 0.005516 0.999978
14.124619 0.261425 -1.847570 -0.008563 0.004519 0.001243 0.004236 0.999980
14.132648 0.261979 -1.839270 -0.004425 0.005104 0.001150 0.003172 0.999981
14.147626 0.266612 -1.853273 -0.009687 0.004039 0.000842 0.001364 0.999991
14.161398 0.263639 -1.848618 -0.010920 0.004540 0.000959 -0.000100 0.999989
14.183845 0.252355 -1.881293 -0.012417 0.002517 0.001545 -0.002160 0.999993
14.196865 0.268093 -1.862000 -0.014887 0.003961 0.000450 -0.003838 0.999985
14.227883 0.231798 -1.896916 -0.022214 0.002066 0.002755 -0.005100 0.999981
14.236399 0.224071 -1.902604 -0.027163 0.002058 0.003136 -0.006324 0.999973
14.262608 0.261969 -1.898525 -0.020605 0.002674 0.000530 -0.007694 0.999967
14.271472 0.255230 -1.904943 -0.024407 0.002751 0.000745 -0.009202 0.999954
14.293073 0.213453 -1.953327 -0.028030 0.000044 0.003328 -0.010480 0.999940
14.302777 0.201590 -1.953873 -0.030701 0.000447 0.003975 -0.012082 0.999919
14.321275 0.254972 -2.000927 -0.031573 -0.001740 0.000435 -0.013494 0.999907
14.339763 0.255999 -2.017430 -0.034856 -0.002247 0.000252 -0.015460 0.999878
14.366328 0.243334 -2.012742 -0.035630 -0.001170 0.000871 -0.016629 0.999861
14.375305 0.234109 -2.037058 -0.042363 -0.002072 0.001265 -0.018182 0.999832
14.401108 0.260391 -2.043268 -0.039737 -0.001533 -0.000595 -0.020132 0.999796
14.411354 0.248798 -2.068939 -0.035495 -0.002050 -0.000102 -0.021316 0.999771
14.435909 0.269767 -2.098052 -0.033654 -0.002708 -0.001579 -0.022491 0.999742
14.446826 0.242175 -2.107736 -0.044246 -0.002189 -0.000023 -0.023244 0.999727
14.467985 0.240916 -2.121206 -0.038081 -0.002351 -0.000237 -0.025074 0.999683
14.482718 0.252858 -2.173625 -0.044391 -0.004532 -0.001244 -0.026794 0.999630
14.503885 0.236720 -2.193564 -0.042290 -0.005005 -0.000491 -0.028084 0.999593
14.518456 0.225374 -2.200238 -0.039138 -0.004502 0.000084 -0.030286 0.999531
14.529818 0.220326 -2.204221 -0.044850 -0.003987 0.000197 -0.032256 0.999472
14.559503 0.233781 -2.226902 -0.050282 -0.004541 -0.000817 -0.034308 0.999401
14.574533 0.236931 -2.278879 -0.050172 -0.006895 -0.001472 -0.036426 0.999312
14.598495 0.216136 -2.298159 -0.049712 -0.007492 -0.000461 -0.038764 0.999220
14.613877 0.228434 -2.277289 -0.053025 -0.005336 -0.001395 -0.040798 0.999152
14.629643 0.226425 -2.310091 -0.051193 -0.006797 -0.001567 -0.043473 0.999030
14.641623 0.195864 -2.377213 -0.048875 -0.010653 -0.000019 -0.045429 0.998911
14.661350 0.213536 -2.349699 -0.056146 -0.008343 -0.001436 -0.047517 0.998835
14.678272 0.214798 -2.380655 -0.058785 -0.009792 -0.001972 -0.049675 0.998716
14.699825 0.222688 -2.400151 -0.061418 -0.010576 -0.002719 -0.051915 0.998592
14.714621 0.216279 -2.388425 -0.065829 -0.009484 -0.002575 -0.054667 0.998456
14.727230 0.210761 -2.475995 -0.062055 -0.014826 -0.002761 -0.056677 0.998279
14.750911 0.198670 -2.509467 -0.064956 -0.016886 -0.002428 -0.059167 0.998102
14.760376 0.194661 -2.516356 -0.063188 -0.017046 -0.002642 -0.060924 0.997993
14.786088 0.190229 -2.513661 -0.065466 -0.017023 -0.002532 -0.063565 0.997829
14.795404 0.182713 -2.551133 -0.062867 -0.019274 -0.002588 -0.066087 0.997624
14.824008 0.203720 -2.586138 -0.060227 -0.021662 -0.004469 -0.068604 0.997399
14.834890 0.171072 -2.586308 -0.059169 -0.021870 -0.002738 -0.070456 0.997271
14.847974 0.153001 -2.650711 -0.055071 -0.026216 -0.002267 -0.072870 0.996994
14.871523 0.164058 -2.657709 -0.058957 -0.026933 -0.003450 -0.074663 0.996839
14.882738 0.162712 -2.654771 -0.059545 -0.026985 -0.003722 -0.076752 0.996678
14.894906 0.170284 -2.655837 -0.059174 -0.027364 -0.004675 -0.078982 0.996489
14.913747 0.164266 -2.672590 -0.058379 -0.028908 -0.004815 -0.081047 0.996279
14.932256 0.149738 -2.665624 -0.061727 -0.028960 -0.004380 -0.082974 0.996121
14.941319 0.161430 -2.665837 -0.057306 -0.029272 -0.005552 -0.085239 0.995915
14.958343 0.168394 -2.686542 -0.057225 -0.031197 -0.006785 -0.087092 0.995688
14.981850 0.148319 -2.662308 -0.064536 -0.030338 -0.005837 -0.089207 0.995534
14.993857 0.142773 -2.681754 -0.056229 -0.032416 -0.006252 -0.091451 0.995262
15.007936 0.137848 -2.705232 -0.057033 -0.034460 -0.006633 -0.093022 0.995045
15.035683 0.128380 -2.694874 -0.060784 -0.034493 -0.006690 -0.095020 0.994855
15.052186 0.149096 -2.752274 -0.046818 -0.038825 -0.008883 -0.096745 0.994512
15.065690 0.125269 -2.777384 -0.046940 -0.041430 -0.008254 -0.098723 0.994218
15.080487 0.114811 -2.770120 -0.038949 -0.041910 -0.008188 -0.100522 0.994018
15.099429 0.117771 -2.784815 -0.038854 -0.043788 -0.009286 -0.102059 0.993771
15.108617 0.106684 -2.774363 -0.045493 -0.044109 -0.009299 -0.103983 0.993557
15.132569 0.100813 -2.797413 -0.035903 -0.046618 -0.009845 -0.104998 0.993330
15.142336 0.089043 -2.791247 -0.035822 -0.047428 -0.009878 -0.106811 0.993098
15.154870 0.092874 -2.781561 -0.034866 -0.047831 -0.010846 -0.108359 0.992901
15.171986 0.090036 -2.790081 -0.028341 -0.049536 -0.011728 -0.110296 0.992594
15.202472 0.065073 -2.808412 -0.031897 -0.052022 -0.011144 -0.111599 0.992328
15.212259 0.054018 -2.828412 -0.020344 -0.054571 -0.011472 -0.113213 0.992005
15.225230 0.048369 -2.818671 -0.017394 -0.055220 -0.012064 -0.114415 0.991824
15.249509 0.048226 -2.826973 -0.011097 -0.056847 -0.013179 -0.115920 0.991543
15.259127 -0.045469 -2.901821 -0.003749 -0.063490 -0.008757 -0.116918 0.991071
15.272660 0.049851 -2.857163 -0.001868 -0.061085 -0.015702 -0.118367 0.990965
15.297487 0.010031 -2.870336 0.005433 -0.063391 -0.014279 -0.119357 0.990723
15.318555 -0.047777 -2.867930 0.007430 -0.065056 -0.011813 -0.120882 0.990462
15.332418 -0.105419 -2.917187 0.018606 -0.069881 -0.009724 -0.121350 0.990099
15.346771 -0.051215 -2.903200 0.015961 -0.069678 -0.014284 -0.122284 0.989943
15.367011 -0.053889 -2.871040 0.016003 -0.068915 -0.015185 -0.123363 0.989849
15.376341 -0.062585 -2.876383 0.028076 -0.070761 -0.016109 -0.124423 0.989572
15.391919 -0.058673 -2.879212 0.035737 -0.072413 -0.017622 -0.125282 0.989318
15.407816 -0.107728 -2.862551 0.036924 -0.073109 -0.015635 -0.125409 0.989284
15.433427 -0.138795 -2.906364 0.050194 -0.077529 -0.015523 -0.126131 0.988858
15.447619 -0.110987 -2.897244 0.054825 -0.078249 -0.018814 -0.127398 0.988581
15.458937 -0.186437 -2.899473 0.064985 -0.080506 -0.015326 -0.127477 0.988450
15.474412 -0.271512 -2.928212 0.084424 -0.084631 -0.011739 -0.128482 0.988024
15.500660 -0.313256 -2.922745 0.093033 -0.086245 -0.010577 -0.128726 0.987866
15.516777 -0.352794 -2.972814 0.110320 -0.091378 -0.009935 -0.128933 0.987384
15.537054 -0.344430 -2.940663 0.120409 -0.090872 -0.011846 -0.129311 0.987360
15.555291 -0.340376 -2.941277 0.123170 -0.092406 -0.013871 -0.129854 0.987120
15.572089 -0.393855 -2.955531 0.135083 -0.095436 -0.012094 -0.129380 0.986918
15.581789 -0.402988 -2.924085 0.140695 -0.095067 -0.013039 -0.129706 0.986899
15.591269 -0.435258 -2.961597 0.161779 -0.099599 -0.012923 -0.129247 0.986513
15.613906 -0.553006 -2.962900 0.187097 -0.102311 -0.007116 -0.128749 0.986360
15.623654 -0.520645 -2.943920 0.188208 -0.102167 -0.010838 -0.128648 0.986354
15.638933 -0.549736 -2.932192 0.200386 -0.103147 -0.010624 -0.128862 0.986226
15.655720 -0.632676 -2.941448 0.216565 -0.105908 -0.007172 -0.128311 0.986037
15.674885 -0.632298 -2.958805 0.229199 -0.108479 -0.009142 -0.128107 0.985767
15.690690 -0.641680 -2.906749 0.234625 -0.106426 -0.009956 -0.127298 0.986088
15.713017 -0.677683 -2.908573 0.251298 -0.108154 -0.009507 -0.126769 0.985973
15.730331 -0.713979 -2.922119 0.266690 -0.110559 -0.009040 -0.126548 0.985739
15.748886 -0.763707 -2.918781 0.287803 -0.111792 -0.007488 -0.125382 0.985762
15.766655 -0.806737 -2.938727 0.309839 -0.114457 -0.006764 -0.124595 0.985561
15.782507 -0.805058 -2.907311 0.313794 -0.113308 -0.008448 -0.124278 0.985720
15.803836 -0.861628 -2.901819 0.340096 -0.114379 -0.006355 -0.123141 0.985755
15.824669 -0.911075 -2.904711 0.364420 -0.115956 -0.004743 -0.122330 0.985681
15.834679 -0.924631 -2.924151 0.385499 -0.118372 -0.005636 -0.121756 0.985460
15.852071 -0.976006 -2.901761 0.399907 -0.118115 -0.003525 -0.120637 0.985638
15.861053 -1.002696 -2.887718 0.419901 -0.118445 -0.002939 -0.119894 0.985691
15.875181 -1.052118 -2.863085 0.442124 -0.118181 -0.000613 -0.118478 0.985899
15.897522 -1.069294 -2.890776 0.460995 -0.121116 -0.000689 -0.117051 0.985713
15.909171 -1.127534 -2.862248 0.473755 -0.120592 0.002379 -0.116870 0.985796
15.927064 -1.170223 -2.864027 0.507399 -0.121614 0.004655 -0.115359 0.985840
15.942922 -1.215990 -2.851604 0.527597 -0.121794 0.007439 -0.113844 0.985977
15.959467 -1.216650 -2.853888 0.547308 -0.122583 0.006973 -0.112975 0.985982
15.979189 -1.232077 -2.851823 0.567130 -0.123212 0.007968 -0.111472 0.986068
16.001715 -1.198185 -2.857682 0.572943 -0.123698 0.005731 -0.110383 0.986145
16.019121 -1.228973 -2.853698 0.591822 -0.123997 0.008096 -0.108520 0.986297
16.033266 -1.285062 -2.845436 0.617817 -0.124255 0.012295 -0.107422 0.986342
16.049759 -1.231437 -2.841076 0.616697 -0.124078 0.009352 -0.106696 0.986475
16.060354 -1.416459 -2.809479 0.677398 -0.123479 0.023508 -0.104456 0.986554
16.082651 -1.243458 -2.843797 0.639611 -0.124544 0.012266 -0.104056 0.986667
16.101099 -1.498056 -2.796521 0.739171 -0.123784 0.032228 -0.101799 0.986547
16.110287 -1.305775 -2.776553 0.697714 -0.119860 0.020330 -0.100242 0.987508
16.127766 -1.589776 -2.781275 0.799986 -0.122812 0.042485 -0.098235 0.986642
16.144684 -1.628433 -2.789154 0.833255 -0.123607 0.047413 -0.097086 0.986432
16.168072 -1.630534 -2.785930 0.843044 -0.122994 0.049984 -0.095641 0.986523
16.177696 -1.725571 -2.800326 0.894011 -0.124506 0.059522 -0.094014 0.985960
16.207808 -1.712259 -2.778680 0.896164 -0.122403 0.061478 -0.092180 0.986276
16.218578 -1.843150 -2.811265 0.971749 -0.125470 0.074134 -0.090819 0.985146
16.236620 -1.897033 -2.772685 1.003451 -0.122481 0.081923 -0.089250 0.985049
16.245712 -1.943436 -2.777823 1.043170 -0.122796 0.088925 -0.088580 0.984463
16.261766 -2.011655 -2.747403 1.086642 -0.120308 0.098146 -0.086737 0.984058
16.282967 -2.048321 -2.761621 1.118040 -0.120798 0.104810 -0.085321 0.983434
16.298023 -2.102517 -2.752978 1.155306 -0.119866 0.113087 -0.084008 0.982744
16.307449 -2.134256 -2.755350 1.191091 -0.119516 0.120345 -0.082583 0.982045
16.322054 -2.194492 -2.733216 1.225260 -0.117373 0.129693 -0.081078 0.981239
16.340815 -2.198568 -2.749136 1.247450 -0.117946 0.134773 -0.081090 0.980484
16.357645 -2.243783 -2.743880 1.277731 -0.116899 0.143140 -0.079399 0.979562
16.383581 -2.263746 -2.716964 1.298912 -0.114136 0.150228 -0.078780 0.978876
16.399992 -2.360904 -2.711177 1.380908 -0.113620 0.163456 -0.077917 0.976884
16.413992 -2.399548 -2.713434 1.411517 -0.112778 0.171948 -0.075977 0.975676
16.432693 -2.451819 -2.709295 1.453197 -0.111813 0.181916 -0.075171 0.974040
16.441643 -2.495085 -2.683584 1.491081 -0.109205 0.191335 -0.074163 0.972607
16.456938 -2.553495 -2.704427 1.541414 -0.110197 0.201738 -0.073342 0.970453
16.471601 -2.598185 -2.669075 1.573183 -0.106657 0.211477 -0.072353 0.968848
16.490440 -2.638016 -2.675336 1.608485 -0.106313 0.220551 -0.071340 0.966936
16.518330 -2.704101 -2.672106 1.669905 -0.105525 0.232485 -0.070172 0.964309
16.526823 -2.746747 -2.690639 1.708994 -0.105677 0.242113 -0.068821 0.962017
16.539579 -2.776592 -2.696149 1.746310 -0.105337 0.251069 -0.068675 0.959767
16.559736 -2.839178 -2.698006 1.797373 -0.104729 0.262551 -0.067319 0.956853
16.583576 -2.866984 -2.698018 1.825155 -0.103624 0.271184 -0.066147 0.954644
16.592600 -2.895787 -2.702466 1.841367 -0.102554 0.279661 -0.064966 0.952393
16.615974 -2.931406 -2.690971 1.875906 -0.100643 0.289064 -0.063959 0.949854
16.630095 -2.978113 -2.672194 1.922139 -0.098338 0.299638 -0.063321 0.946856
16.653231 -3.063780 -2.667148 2.009331 -0.097152 0.314040 -0.061383 0.942429
16.661398 -3.115061 -2.673505 2.060204 -0.097051 0.324870 -0.060693 0.938806
16.684669 -3.172437 -2.656098 2.110096 -0.094779 0.336284 -0.059212 0.935106
16.703285 -3.199002 -2.658942 2.143205 -0.093971 0.344826 -0.058525 0.932116
16.714300 -3.265351 -2.672506 2.200544 -0.094152 0.356664 -0.057059 0.927723
16.734135 -3.309759 -2.662935 2.241884 -0.092458 0.366890 -0.056186 0.923951
16.745564 -3.366087 -2.664082 2.302259 -0.091351 0.378276 -0.054060 0.919587
16.762632 -3.396816 -2.646240 2.329824 -0.088966 0.387009 -0.053426 0.916218
16.786531 -3.477629 -2.640173 2.395486 -0.087090 0.399637 -0.051721 0.911060
16.799528 -3.530782 -2.649017 2.456533 -0.086812 0.410569 -0.050826 0.906264
16.813166 -3.572229 -2.649203 2.502797 -0.085694 0.420077 -0.049715 0.902064
16.834312 -3.623892 -2.656112 2.550435 -0.085102 0.430158 -0.048580 0.897420
16.849339 -3.683669 -2.676542 2.624708 -0.085938 0.441478 -0.048148 0.891848
16.859497 -3.718509 -2.648349 2.652544 -0.082068 0.450086 -0.045681 0.888032
16.876223 -3.781893 -2.655573 2.733307 -0.081587 0.461614 -0.044297 0.882210
16.903252 -3.825521 -2.656487 2.775725 -0.080411 0.470768 -0.042532 0.877555
16.911747 -3.876111 -2.648880 2.821048 -0.078509 0.480202 -0.041128 0.872669
16.926712 -3.924096 -2.656970 2.875364 -0.077895 0.489594 -0.039106 0.867583
16.943703 -3.971754 -2.651915 2.960223 -0.076325 0.500087 -0.037249 0.861800
16.964317 -4.023880 -2.658319 2.990212 -0.075781 0.508313 -0.036204 0.857067
16.974775 -4.081931 -2.657494 3.063004 -0.074655 0.518507 -0.034790 0.851098
17.003813 -4.123261 -2.659685 3.099706 -0.073767 0.526096 -0.033408 0.846561
17.011713 -4.178772 -2.647001 3.174571 -0.071979 0.536788 -0.031023 0.840068
17.030916 -4.220683 -2.688616 3.241361 -0.073821 0.545210 -0.028689 0.834550
17.042175 -4.267979 -2.688669 3.294339 -0.072955 0.553525 -0.027888 0.829162
17.061266 -4.311369 -2.680804 3.329942 -0.070902 0.560536 -0.025958 0.824681
17.074982 -4.356321 -2.680077 3.382459 -0.069829 0.568238 -0.024814 0.819520
17.104252 -4.399816 -2.691779 3.436496 -0.069434 0.575686 -0.022635 0.814403
17.114756 -4.451539 -2.685947 3.499585 -0.068042 0.583898 -0.021414 0.808687
17.131765 -4.497110 -2.697403 3.562064 -0.068013 0.591657 -0.020210 0.803062
17.144142 -4.550370 -2.715540 3.625801 -0.068158 0.599202 -0.018579 0.797475
17.169962 -4.602227 -2.715442 3.703487 -0.066854 0.607663 -0.016738 0.791200
17.180721 -4.639903 -2.730546 3.747088 -0.066556 0.613623 -0.014832 0.786649
17.191063 -4.693821 -2.715129 3.805143 -0.064525 0.620578 -0.014294 0.781355
17.221163 -4.739621 -2.729073 3.879763 -0.064195 0.628039 -0.012242 0.775433
17.230434 -4.783706 -2.742718 3.948556 -0.063597 0.634673 -0.010059 0.770094
17.251076 -4.819676 -2.749539 4.000284 -0.062993 0.640551 -0.008636 0.765279
17.262096 -4.873333 -2.754928 4.066922 -0.061905 0.647308 -0.006651 0.759682
17.275066 -4.912135 -2.742295 4.097573 -0.059033 0.651812 -0.004150 0.756068
17.289518 -4.964831 -2.755163 4.172423 -0.058588 0.658569 -0.002181 0.750233
17.320187 -5.000924 -2.795999 4.223263 -0.060206 0.663388 -0.000425 0.745850
17.329124 -5.046828 -2.782559 4.279605 -0.057639 0.668767 0.001703 0.741232
17.352110 -5.086110 -2.795150 4.341835 -0.056925 0.674239 0.003532 0.736307
17.360626 -5.124491 -2.829271 4.414114 -0.057821 0.679715 0.006047 0.731169
17.389978 -5.183980 -2.820923 4.471781 -0.055732 0.684981 0.007602 0.726387
17.399998 -5.210052 -2.824088 4.522205 -0.054689 0.689006 0.008468 0.722640
17.425550 -5.244157 -2.842367 4.576080 -0.054454 0.693152 0.010556 0.718654
17.441700 -5.298184 -2.852938 4.649111 -0.053241 0.698599 0.013519 0.713401
17.457727 -5.339486 -2.859380 4.698957 -0.052077 0.702446 0.015506 0.709660
17.471498 -5.379829 -2.874162 4.767234 -0.051417 0.707067 0.017529 0.705057
17.487020 -5.439071 -2.908402 4.890278 -0.053119 0.713936 0.017254 0.697980
17.506586 -5.485974 -2.914252 4.944211 -0.051538 0.717789 0.019419 0.694080
17.526096 -5.528458 -2.926160 5.004747 -0.050681 0.721620 0.021469 0.690098
17.541178 -5.565886 -2.949868 5.072550 -0.050660 0.725611 0.023529 0.685835
17.564949 -5.592892 -2.959542 5.136065 -0.049485 0.729180 0.025671 0.682047
17.580870 -5.645448 -2.972605 5.199589 -0.048600 0.732873 0.027777 0.678059
17.602936 -5.675140 -2.997275 5.252150 -0.048575 0.735716 0.029358 0.674908
17.614494 -5.719897 -2.996355 5.327596 -0.046970 0.739670 0.030383 0.670641
17.625042 -5.755386 -3.007835 5.387664 -0.045771 0.742727 0.032757 0.667224
17.647596 -5.791647 -3.004571 5.438423 -0.044138 0.745323 0.033208 0.664411
17.660868 -5.827370 -3.024659 5.505124 -0.043648 0.748462 0.035332 0.660796
17.673498 -5.864286 -3.053654 5.570266 -0.043610 0.751393 0.037568 0.657340
17.705282 -5.890359 -3.068612 5.627394 -0.043077 0.753865 0.039046 0.654452
17.713114 -5.929737 -3.077163 5.696238 -0.042025 0.756775 0.040295 0.651077
17.732037 -5.955072 -3.084348 5.743255 -0.040421 0.759203 0.043399 0.648146
17.747770 -5.975420 -3.094396 5.798802 -0.039282 0.761206 0.045218 0.645739
17.767117 -6.011700 -3.113571 5.858613 -0.038687 0.763530 0.047427 0.642865
17.782578 -6.049873 -3.138587 5.916684 -0.038862 0.765628 0.049128 0.640227
17.802465 -6.085167 -3.140368 5.987136 -0.036949 0.768346 0.050872 0.636939
17.823610 -6.113356 -3.152148 6.044105 -0.036045 0.770133 0.052377 0.634707
17.838511 -6.151980 -3.163506 6.104384 -0.035185 0.772074 0.053611 0.632290
17.855532 -6.188889 -3.191170 6.159538 -0.034914 0.773754 0.056150 0.630026
17.871502 -6.212192 -3.182359 6.224701 -0.032980 0.775776 0.056552 0.627604
17.892962 -6.256080 -3.200260 6.284224 -0.032185 0.777610 0.058463 0.625195
17.923147 -6.269198 -3.229167 6.350973 -0.032503 0.779497 0.061143 0.622567
17.934679 -6.298968 -3.248226 6.400321 -0.032033 0.780380 0.063144 0.621284
17.942337 -6.298959 -3.309566 6.470526 -0.035064 0.782215 0.066319 0.618475
17.965639 -6.342162 -3.308069 6.543682 -0.032873 0.784914 0.067150 0.615077
17.997772 -6.385912 -3.359400 6.660079 -0.033604 0.787353 0.070573 0.611527
18.008459 -6.406746 -3.368683 6.726804 -0.031672 0.789149 0.072870 0.609040
18.031246 -6.466341 -3.372511 6.750165 -0.028918 0.789569 0.077231 0.608095
18.056719 -6.492197 -3.382754 6.816042 -0.027458 0.791156 0.078218 0.605970
18.067564 -6.510914 -3.434735 6.870331 -0.030634 0.791905 0.081984 0.604340
18.081781 -6.565330 -3.474009 7.062070 -0.033777 0.798870 0.077256 0.595565
18.095207 -6.599190 -3.544931 7.129046 -0.038173 0.800300 0.081226 0.592845
18.114279 -6.624517 -3.551012 7.195466 -0.036257 0.801887 0.082845 0.590592
18.136160 -6.599962 -3.589001 7.230220 -0.039784 0.802252 0.082358 0.589938
18.154417 -6.613753 -3.620230 7.299044 -0.040762 0.803838 0.083926 0.587486
18.183222 -6.639033 -3.626275 7.360328 -0.039218 0.804941 0.085082 0.585912
18.193150 -6.679595 -3.615666 7.363284 -0.038344 0.804040 0.085590 0.587131
18.215996 -6.716333 -3.632597 7.414462 -0.037154 0.804555 0.088116 0.586128
18.226587 -6.745922 -3.644677 7.472792 -0.036117 0.805444 0.089617 0.584744
18.243362 -6.691951 -3.708402 7.562682 -0.041825 0.807299 0.091623 0.581485
18.260025 -6.691352 -3.733680 7.457508 -0.043552 0.796824 0.094452 0.595192
18.273678 -6.733988 -3.703206 7.535408 -0.038364 0.799389 0.093095 0.592317
18.290573 -6.781201 -3.698513 7.520262 -0.034480 0.795930 0.096806 0.596603
18.316753 -6.848199 -3.679222 7.496282 -0.031993 0.792058 0.093398 0.602410
18.323248 -6.873095 -3.696599 7.489690 -0.032009 0.788487 0.094659 0.606879
18.337658 -6.885491 -3.710742 7.501914 -0.031678 0.786120 0.096306 0.609703
18.360840 -6.898267 -3.732837 7.472363 -0.031974 0.781058 0.098570 0.615801
18.370962 -6.936885 -3.727078 7.494528 -0.030173 0.779675 0.098462 0.617659
18.386826 -6.945778 -3.748285 7.491695 -0.030933 0.776239 0.099712 0.621735
18.402130 -6.956326 -3.805697 7.498436 -0.034054 0.773513 0.104885 0.624112
18.424795 -6.962817 -3.805821 7.487652 -0.032585 0.769467 0.106302 0.628935
18.446495 -6.974689 -3.847691 7.498647 -0.034468 0.767154 0.109890 0.631040
18.456276 -7.003281 -3.874359 7.507719 -0.034872 0.764799 0.111987 0.633503
18.471081 -7.053920 -3.736729 7.501175 -0.021552 0.761848 0.103809 0.639020
18.484304 -7.031465 -3.843008 7.507762 -0.030110 0.758854 0.110059 0.641187
18.502100 -7.045968 -3.875590 7.495351 -0.031081 0.755001 0.112645 0.645227
18.528284 -7.060814 -3.968228 7.527143 -0.037095 0.754220 0.119067 0.644670
18.544651 -7.086217 -3.914320 7.493126 -0.031244 0.749118 0.116517 0.651360
18.558960 -7.095995 -3.931303 7.517824 -0.031097 0.747753 0.117706 0.652720
18.570845 -7.113549 -3.968608 7.512492 -0.033525 0.744371 0.119390 0.656151
18.584211 -7.137718 -3.966589 7.524815 -0.031824 0.742530 0.120205 0.658170
18.605190 -7.160074 -3.976615 7.546270 -0.031351 0.741269 0.120505 0.659557
18.618015 -7.204279 -3.967037 7.538344 -0.028317 0.738235 0.120853 0.663025
18.633396 -7.208651 -3.991744 7.543989 -0.029180 0.735750 0.122666 0.665412
18.660643 -7.249878 -3.934783 7.502373 -0.024013 0.730566 0.118051 0.672132
18.668888 -7.241468 -3.969222 7.511914 -0.026080 0.728035 0.119540 0.674533
18.690691 -7.291537 -3.980385 7.524574 -0.024819 0.726748 0.120956 0.675715
18.708189 -7.279392 -3.988062 7.529405 -0.025098 0.724099 0.120553 0.678615
18.727692 -7.335842 -3.860970 7.548372 -0.014829 0.723003 0.110839 0.681735
18.735403 -7.369620 -3.896006 7.537941 -0.015271 0.719881 0.114241 0.684461
18.756346 -7.398992 -3.907956 7.564501 -0.014893 0.719392 0.114708 0.684906
18.767590 -7.421408 -3.944638 7.581377 -0.016095 0.717939 0.116938 0.686024
18.791788 -7.453040 -3.944695 7.537409 -0.015743 0.712564 0.116149 0.691748
18.812744 -7.477979 -3.906531 7.543396 -0.012061 0.710690 0.112632 0.694325
18.828722 -7.497030 -3.884798 7.569058 -0.009307 0.710115 0.110648 0.695274
18.835648 -7.479194 -3.926197 7.500303 -0.013273 0.702440 0.111874 0.702771
18.856876 -7.514970 -3.834001 7.510410 -0.006342 0.700858 0.104910 0.705515
18.866364 -7.512048 -3.813678 7.561545 -0.001581 0.701607 0.105266 0.704744
18.882818 -7.538584 -3.818624 7.588579 -0.000662 0.701276 0.105308 0.705069
18.902420 -7.607941 -3.805024 7.624694 0.002393 0.701474 0.103923 0.705073
18.916836 -7.619533 -3.814262 7.588853 0.002077 0.696829 0.103655 0.709705
18.941687 -7.628117 -3.815692 7.608908 0.002907 0.695844 0.103311 0.710718
18.951092 -7.651240 -3.844984 7.600466 0.000854 0.693395 0.103495 0.713085
18.980803 -7.660653 -3.884211 7.613070 -0.001546 0.692114 0.104725 0.714149
18.988691 -7.674168 -3.877187 7.632906 0.000374 0.691223 0.104319 0.715072
19.001925 -7.689282 -3.879158 7.662903 0.001340 0.691001 0.103570 0.715395
19.015224 -7.706542 -3.840241 7.630169 0.004580 0.686947 0.100255 0.719744
19.036125 -7.713050 -3.854804 7.612091 0.003710 0.683507 0.100023 0.723049
19.062742 -7.726561 -3.897686 7.628456 0.001301 0.682855 0.101602 0.723453
19.070841 -7.763680 -3.836898 7.613660 0.007363 0.680162 0.098244 0.726411
19.084761 -7.768552 -3.874213 7.633974 0.005292 0.679768 0.098907 0.726708
19.102694 -7.761389 -3.868659 7.658917 0.006668 0.678856 0.098451 0.727611
19.127104 -7.781497 -3.854613 7.681548 0.008780 0.678669 0.096616 0.728008
19.135374 -7.807456 -3.857413 7.611028 0.009510 0.672581 0.096673 0.733621
19.152388 -7.814266 -3.888711 7.631771 0.007413 0.672094 0.096734 0.734083
19.167366 -7.809934 -3.990515 7.699743 -0.001063 0.674855 0.098711 0.731318
19.183020 -7.841011 -3.926896 7.694020 0.005097 0.673006 0.095185 0.733469
19.201092 -7.853383 -3.948696 7.717937 0.004463 0.673046 0.095556 0.733388
19.226095 -7.893495 -3.958747 7.678985 0.003172 0.669005 0.093516 0.737345
19.243162 -7.907570 -3.940012 7.694498 0.005660 0.668457 0.091616 0.738065
19.257868 -7.919792 -3.940301 7.771809 0.006747 0.672325 0.090902 0.734623
19.272394 -7.949346 -3.900554 7.812131 0.010730 0.673664 0.087361 0.733777
19.288000 -7.947147 -3.878921 7.761146 0.012944 0.668537 0.085719 0.738609
19.306421 -7.953812 -3.897321 7.785479 0.012027 0.668693 0.085130 0.738551
19.326021 -7.950141 -4.013759 7.763884 0.004214 0.666031 0.090059 0.740455
19.347076 -7.962749 -4.012840 7.774171 0.004738 0.665309 0.088235 0.741321
19.355488 -7.967652 -4.015953 7.783118 0.005027 0.664536 0.087163 0.742138
19.378975 -7.968889 -4.028190 7.769174 0.004181 0.662224 0.085983 0.744344
19.387846 -7.978333 -4.024954 7.777663 0.005091 0.661581 0.084628 0.745065
19.402971 -7.999583 -4.026321 7.799932 0.005270 0.662130 0.082518 0.744814
19.433348 -8.005376 -4.028877 7.814388 0.007833 0.662036 0.083372 0.744779
19.443735 -8.012901 -4.033177 7.829073 0.008009 0.661905 0.082168 0.745028
19.457079 -8.018211 -4.054258 7.832208 0.006637 0.661059 0.081285 0.745888
19.477331 -8.028625 -4.005248 7.770219 0.011301 0.656079 0.078651 0.750498
19.491867 -8.043954 -3.987706 7.801502 0.013002 0.657190 0.075997 0.749771
19.512241 -8.053617 -3.995877 7.813146 0.012791 0.657114 0.074596 0.749982
19.528378 -8.051603 -4.027530 7.796605 0.011174 0.654809 0.074692 0.752011
19.541647 -8.062950 -4.014561 7.812854 0.012558 0.655080 0.072375 0.751981
19.566422 -8.068823 -4.002235 7.821061 0.014098 0.654736 0.070346 0.752445
19.575573 -8.069294 -4.071003 7.848910 0.008925 0.655649 0.071994 0.751573
19.590757 -8.078759 -4.077886 7.873698 0.008741 0.656563 0.070460 0.750922
19.606909 -8.087011 -4.049212 7.868851 0.011240 0.655412 0.067405 0.752174
19.631792 -8.083611 -4.073868 7.944657 0.010109 0.659548 0.066912 0.748610
19.647285 -8.097711 -4.049875 7.960527 0.012305 0.659962 0.063903 0.748476
19.661524 -8.099947 -4.080689 7.969584 0.010694 0.659971 0.064236 0.748463
19.675266 -8.099615 -4.084877 7.963609 0.010647 0.658765 0.062639 0.749661
19.692823 -8.113680 -4.033384 7.893757 0.015459 0.653333 0.059560 0.754566
19.710440 -8.127941 -4.017388 7.925091 0.017050 0.654788 0.057073 0.753462
19.732403 -8.132342 -4.023051 7.930289 0.017084 0.654473 0.055411 0.753859
19.756268 -8.124486 -4.051744 7.912611 0.016050 0.652710 0.055867 0.755375
19.765589 -8.132310 -4.035449 7.915461 0.017996 0.652299 0.053765 0.755838
19.777555 -8.138618 -4.077418 7.942040 0.015369 0.653568 0.054036 0.754780
19.807543 -8.148930 -4.047744 7.922103 0.018088 0.651744 0.050924 0.756511
19.816984 -8.170712 -4.055886 7.902266 0.018456 0.650199 0.049947 0.757895
19.843416 -8.175768 -4.048490 7.918678 0.019329 0.650634 0.048080 0.757622
19.856369 -8.175604 -4.049246 7.928336 0.019674 0.650748 0.046756 0.757597
19.865673 -8.180470 -4.073632 7.921220 0.018213 0.649948 0.046549 0.758333
19.879515 -8.177382 -4.076253 7.931486 0.017756 0.649999 0.044698 0.758412
19.906473 -8.184435 -4.075918 7.940370 0.018519 0.650237 0.043924 0.758234
19.918976 -8.177691 -4.130611 7.967424 0.015992 0.651847 0.045543 0.756813
19.931625 -8.186310 -4.117354 7.975869 0.017467 0.652114 0.043883 0.756648
19.954880 -8.178303 -4.130745 7.972535 0.016254 0.651330 0.042795 0.757412
19.962891 -8.189552 -4.121465 7.973645 0.017479 0.651032 0.041318 0.757724
19.990221 -8.183559 -4.106122 7.958234 0.020337 0.649678 0.040347 0.758866
20.006887 -8.183320 -4.114814 7.950530 0.020079 0.648929 0.039946 0.759535
20.023252 -8.190478 -4.137780 7.988369 0.018603 0.651138 0.039631 0.757696
20.047461 -8.197416 -4.111088 7.982467 0.020734 0.650432 0.036818 0.758389
20.063690 -8.207050 -4.070884 8.010981 0.023624 0.651917 0.033335 0.757189
20.082584 -8.206934 -4.077722 8.013695 0.023502 0.651788 0.032528 0.757339
20.090530 -8.209669 -4.070699 8.011272 0.024024 0.651322 0.030718 0.757799
20.111801 -8.203983 -4.105341 8.007331 0.021891 0.650913 0.031951 0.758164
20.133108 -8.217510 -4.076264 8.040764 0.024551 0.652852 0.029258 0.756522
20.142372 -8.216924 -4.073930 8.036126 0.024812 0.652239 0.028033 0.757088
20.168776 -8.214159 -4.136530 7.968559 0.019738 0.647081 0.029323 0.761601
20.176834 -8.215200 -4.131993 7.961230 0.020043 0.646346 0.027589 0.762282
20.190651 -8.219156 -4.135669 7.969996 0.020105 0.646739 0.026832 0.761974
20.216131 -8.222042 -4.132098 7.956309 0.020621 0.645710 0.025712 0.762871
20.223740 -8.217714 -4.153653 7.958102 0.019125 0.645539 0.025705 0.763055
20.235949 -8.217875 -4.146451 7.951909 0.020474 0.644941 0.025359 0.763537
20.256144 -8.217916 -4.143320 8.007485 0.021370 0.648600 0.024674 0.760429
20.282198 -8.218909 -4.166846 8.025880 0.019189 0.649638 0.024110 0.759619
20.294069 -8.214484 -4.167763 8.008892 0.019474 0.648311 0.023639 0.760759
20.307522 -8.216761 -4.156309 8.016029 0.020669 0.648704 0.022273 0.760434
20.324900 -8.217989 -4.174717 8.014725 0.019621 0.648511 0.022372 0.760624
20.337255 -8.206463 -4.222204 8.042006 0.016254 0.650132 0.024091 0.759266
20.354012 -8.201430 -4.209873 8.046534 0.017230 0.650256 0.022833 0.759176
20.372881 -8.213218 -4.166904 8.052872 0.020849 0.650655 0.019893 0.758827
20.388206 -8.205402 -4.190552 8.020724 0.019299 0.648374 0.020626 0.760798
20.403093 -8.208609 -4.201821 8.036819 0.018487 0.649409 0.020231 0.759945
20.431177 -8.199114 -4.210452 8.102652 0.017602 0.653637 0.020099 0.756336
20.439293 -8.206362 -4.193673 8.127549 0.018969 0.655277 0.018347 0.754928
20.456121 -8.203300 -4.196687 8.133093 0.018727 0.655536 0.017905 0.754719
20.477732 -8.202188 -4.203567 8.125095 0.018539 0.654921 0.017748 0.755261
20.491411 -8.200649 -4.216174 8.143787 0.017436 0.656142 0.017678 0.754229
20.517635 -8.207431 -4.183010 8.138557 0.020306 0.655741 0.015558 0.754552
20.526251 -8.202545 -4.195280 8.125577 0.019496 0.654910 0.015973 0.755287
20.539083 -8.217768 -4.204257 8.098746 0.018448 0.652919 0.014953 0.757055
20.561068 -8.213029 -4.234558 8.105240 0.016113 0.653267 0.015949 0.756788
20.573910 -8.211515 -4.238832 8.127522 0.015567 0.654700 0.015389 0.755572
20.595444 -8.217095 -4.223800 8.121513 0.017007 0.654358 0.014336 0.755858
20.614164 -8.219290 -4.208245 8.113317 0.018347 0.653831 0.013043 0.756306
20.625990 -8.219326 -4.205611 8.109489 0.018595 0.653642 0.012640 0.756470
20.641464 -8.220542 -4.229757 8.134289 0.016340 0.655314 0.012716 0.755072
20.661751 -8.233732 -4.158143 8.009854 0.023047 0.647133 0.010203 0.761961
20.684793 -8.231752 -4.174100 8.004047 0.021629 0.646782 0.010202 0.762300
20.698263 -8.229622 -4.184328 7.996364 0.020934 0.646234 0.010332 0.762782
20.718391 -8.231915 -4.179882 7.999412 0.021667 0.646523 0.010094 0.762520
20.725891 -8.233792 -4.188398 8.012131 0.020889 0.647468 0.009752 0.761744
20.739862 -8.222689 -4.190651 7.975462 0.020727 0.644971 0.009612 0.763865
20.757153 -8.223557 -4.203857 8.065922 0.018059 0.650890 0.007989 0.758915
20.775568 -8.221401 -4.223665 8.077305 0.016490 0.651645 0.008480 0.758297
20.793058 -8.224360 -4.202216 8.082039 0.018078 0.652062 0.006930 0.757918
20.813805 -8.219591 -4.215966 8.068142 0.017250 0.651197 0.007416 0.758676
20.830774 -8.218806 -4.216910 8.055624 0.017261 0.650455 0.006947 0.759317
20.840094 -8.214895 -4.238734 8.062280 0.015385 0.650923 0.007487 0.758951
20.865904 -8.201921 -4.234255 8.111670 0.015863 0.654241 0.007439 0.756083
20.874079 -8.202667 -4.223632 8.129265 0.016579 0.655464 0.006417 0.755018
20.904079 -8.202331 -4.218917 8.109989 0.016947 0.654284 0.005603 0.756038
20.912561 -8.204382 -4.215852 8.115970 0.017151 0.654711 0.004895 0.755668
20.938318 -8.197681 -4.227478 8.108395 0.016522 0.654273 0.005520 0.756058
20.946987 -8.196766 -4.226946 8.102031 0.016723 0.653861 0.005237 0.756412
20.972794 -8.189609 -4.234820 8.126619 0.016447 0.655583 0.005419 0.754924
20.984512 -8.191784 -4.226490 8.149333 0.017058 0.657176 0.004601 0.753530
21.000538 -8.188751 -4.260364 8.145555 0.014277 0.657024 0.005827 0.753712
21.020718 -8.192675 -4.229975 8.130911 0.016903 0.656103 0.004048 0.754471
21.039705 -8.189119 -4.262524 8.141705 0.014686 0.657074 0.005835 0.753660
21.048824 -8.188978 -4.255605 8.132679 0.014856 0.656549 0.004755 0.754122
21.065033 -8.184015 -4.258465 8.129108 0.014506 0.656333 0.004407 0.754319
21.092005 -8.193411 -4.264690 8.113246 0.014121 0.655372 0.004331 0.755162
21.104725 -8.197365 -4.247959 8.119463 0.015618 0.655972 0.003272 0.754616
21.124647 -8.186111 -4.308611 8.108967 0.010798 0.655189 0.005749 0.755366
21.148098 -8.190104 -4.291642 8.121359 0.012103 0.656232 0.004461 0.754449
21.159044 -8.186298 -4.288301 8.121710 0.012063 0.656296 0.003818 0.754398
21.170361 -8.190775 -4.274761 8.117529 0.013176 0.656149 0.002778 0.754511
21.198372 -8.185581 -4.284742 8.123280 0.013039 0.656732 0.003517 0.754003
21.215597 -8.189419 -4.285796 8.124275 0.012822 0.656976 0.003063 0.753796
21.228745 -8.185499 -4.248255 8.110371 0.015982 0.656127 0.001413 0.754480
21.247456 -8.188879 -4.275124 8.118084 0.014170 0.656908 0.002645 0.753833
21.256783 -8.190193 -4.264211 8.103571 0.015345 0.656179 0.002186 0.754446
21.285933 -8.191790 -4.255253 8.129536 0.015911 0.657997 0.001200 0.752851
21.295876 -8.186927 -4.268939 8.129226 0.014731 0.658049 0.001772 0.752829
21.309387 -8.184136 -4.295777 8.115605 0.012933 0.657262 0.003069 0.753545
21.336622 -8.186228 -4.279021 8.144592 0.013927 0.659277 0.001695 0.751769
21.356445 -8.180975 -4.297983 8.131034 0.012335 0.658497 0.001968 0.752479
21.364063 -8.178815 -4.300515 8.116098 0.012260 0.657549 0.002104 0.753309
21.377708 -8.179821 -4.284547 8.106613 0.013575 0.657108 0.001091 0.753674
21.394053 -8.192959 -4.232700 8.091450 0.017252 0.656226 -0.001851 0.754365
21.417667 -8.190592 -4.244771 8.079347 0.016499 0.655657 -0.001257 0.754878
21.426180 -8.195307 -4.233672 8.097712 0.017191 0.657080 -0.002169 0.753621
21.443745 -8.190435 -4.254625 8.101092 0.015583 0.657349 -0.001259 0.753424
21.468618 -8.182991 -4.249528 8.079822 0.015975 0.656067 -0.001452 0.754532
21.477325 -8.183960 -4.259675 8.073120 0.015290 0.655823 -0.001397 0.754758
21.504019 -8.193895 -4.242219 8.097111 0.016641 0.657645 -0.002555 0.753140
21.511587 -8.171761 -4.290733 8.116989 0.012748 0.658958 -0.000525 0.752072
21.522861 -8.168636 -4.293477 8.123590 0.012335 0.659439 -0.000861 0.751656
21.547318 -8.170499 -4.276810 8.120553 0.013240 0.659345 -0.002088 0.751721
21.565577 -8.166198 -4.302605 8.121920 0.011435 0.659587 -0.000578 0.751541
21.585768 -8.167988 -4.290100 8.116161 0.012293 0.659425 -0.001572 0.751669
21.593525 -8.170231 -4.293481 8.117364 0.012031 0.659719 -0.001470 0.751415
21.614037 -8.173056 -4.278642 8.113029 0.013235 0.659602 -0.002186 0.751496
21.623951 -8.174608 -4.276958 8.108835 0.013333 0.659456 -0.002469 0.751621
21.639200 -8.167290 -4.295166 8.112139 0.011906 0.659806 -0.001628 0.751340
21.656567 -8.165396 -4.291792 8.110716 0.011922 0.659694 -0.002014 0.751437
21.673138 -8.165703 -4.298275 8.122450 0.011160 0.660607 -0.001964 0.750647
21.692247 -8.165812 -4.303711 8.115330 0.010794 0.660401 -0.001598 0.750834
21.710127 -8.162968 -4.302774 8.100610 0.010843 0.659488 -0.001609 0.751635
21.730717 -8.158529 -4.321445 8.113363 0.009093 0.660428 -0.001099 0.750833
21.740017 -8.161472 -4.307023 8.111496 0.010333 0.660523 -0.001449 0.750734
21.762373 -8.169415 -4.293664 8.046004 0.011405 0.656414 -0.001948 0.754312
21.784538 -8.169201 -4.280659 8.027890 0.012510 0.655375 -0.002415 0.755196
21.804852 -8.173080 -4.286228 8.045810 0.011865 0.656598 -0.002394 0.754144
21.814423 -8.170687 -4.290051 8.033381 0.011253 0.655977 -0.002566 0.754693
21.834932 -8.167559 -4.288415 8.031419 0.011294 0.655977 -0.002745 0.754692
21.843746 -8.168209 -4.289643 8.034210 0.011110 0.656302 -0.002698 0.754412
21.855171 -8.169767 -4.281923 8.036089 0.011943 0.656688 -0.002692 0.754063
21.872953 -8.177052 -4.249217 8.034063 0.014376 0.656831 -0.004382 0.753888
21.899666 -8.167898 -4.299701 8.020179 0.010236 0.656012 -0.002090 0.754679
21.914085 -8.172417 -4.291534 8.058863 0.010863 0.658756 -0.002567 0.752274
21.935888 -8.161629 -4.307946 8.043037 0.009682 0.657814 -0.001586 0.753116
21.946171 -8.161912 -4.290024 8.041941 0.010975 0.657808 -0.002557 0.753102
21.970085 -8.148821 -4.335109 8.014389 0.007357 0.655920 -0.000385 0.754795
21.979555 -8.151652 -4.324164 8.027713 0.008413 0.657037 -0.000617 0.753811
22.000645 -8.150402 -4.297657 8.028204 0.010481 0.657239 -0.001955 0.753607
22.010984 -8.153423 -4.321857 8.030201 0.008528 0.657650 -0.000799 0.753275
22.031712 -8.155399 -4.327934 8.026237 0.008332 0.657652 -0.000283 0.753275
22.056293 -8.136436 -4.368087 7.993613 0.005037 0.655387 0.001610 0.755275
22.066517 -8.137829 -4.357740 8.052517 0.006142 0.659618 0.001805 0.751573
22.075869 -8.139219 -4.328930 8.054848 0.008027 0.659872 -0.000271 0.751335
22.097431 -8.143635 -4.332321 8.077927 0.007729 0.661662 0.000112 0.749762
22.121061 -8.139167 -4.346887 8.072885 0.006456 0.661463 0.000593 0.749949
22.133385 -8.140213 -4.320240 8.068549 0.008483 0.661451 -0.000823 0.749940
22.146208 -8.140995 -4.333122 8.069288 0.007591 0.661746 -0.000002 0.749690
22.162085 -8.134063 -4.339012 8.064798 0.007156 0.661388 0.000476 0.750010
22.175587 -8.140713 -4.330204 8.072344 0.007760 0.662227 -0.000383 0.749263
22.203609 -8.114193 -4.392211 8.056654 0.002485 0.661016 0.002656 0.750363
22.211901 -8.113977 -4.392332 8.046616 0.002107 0.660413 0.002144 0.750897
22.234215 -8.110897 -4.390098 8.042430 0.002396 0.660331 0.002225 0.750968
22.243673 -8.113295 -4.400329 8.052485 0.001685 0.661315 0.002713 0.750101
22.260750 -8.113359 -4.402175 8.057946 0.001375 0.661729 0.002531 0.749737
22.283047 -8.115999 -4.362200 8.045801 0.004609 0.661190 0.000366 0.750204
22.292320 -8.104586 -4.402245 8.026957 0.001147 0.659793 0.001817 0.751445
22.309439 -8.109644 -4.393083 8.035981 0.002065 0.660748 0.001525 0.750603
22.329418 -8.102631 -4.389954 8.012696 0.002374 0.659376 0.001435 0.751808
22.342005 -8.112707 -4.393064 8.006358 0.002611 0.659258 0.001519 0.751911
22.359577 -8.107683 -4.405823 7.987541 0.001610 0.658149 0.002184 0.752883
22.378206 -8.116730 -4.383944 8.021635 0.003243 0.660741 0.000524 0.750606
22.386681 -8.101664 -4.394566 7.974658 0.002733 0.657663 0.001338 0.753306
22.405119 -8.108702 -4.382616 7.992550 0.003643 0.659128 0.000440 0.752021
22.423685 -8.107097 -4.395671 7.999937 0.002364 0.659739 0.000554 0.751491
22.440201 -8.109426 -4.388396 7.993674 0.003164 0.659574 0.000167 0.751633
22.454741 -8.106884 -4.408370 7.985246 0.001322 0.659131 0.000553 0.752027
22.471428 -8.102763 -4.413938 7.990810 0.000999 0.659644 0.000732 0.751577
22.491713 -8.105940 -4.383897 7.964606 0.003816 0.658228 -0.000602 0.752809
22.504969 -8.104097 -4.386621 7.974252 0.003592 0.659008 -0.000659 0.752127
22.535217 -8.097481 -4.346547 7.976090 0.007452 0.659197 -0.002432 0.751929
22.543795 -8.088240 -4.382010 7.960133 0.004691 0.658192 -0.000877 0.752835
22.557756 -8.085112 -4.402508 7.969711 0.003159 0.658872 -0.000237 0.752249
22.576687 -8.080085 -4.411114 7.956144 0.002728 0.658052 0.000143 0.752968
22.595053 -8.078760 -4.386567 7.946136 0.004775 0.657641 -0.001387 0.753315
22.611359 -8.083374 -4.372912 7.959352 0.006211 0.658862 -0.001859 0.752236
22.623993 -8.079857 -4.398281 7.969674 0.003920 0.659563 -0.001380 0.751638
22.641651 -8.076335 -4.400405 7.948409 0.003886 0.658316 -0.001390 0.752730
22.653231 -8.075545 -4.399920 7.935009 0.004224 0.657622 -0.001711 0.753334
22.678978 -8.088962 -4.346226 7.927423 0.007210 0.657300 -0.005143 0.753577
22.686213 -8.081856 -4.375126 7.922020 0.004605 0.656927 -0.004618 0.753926
22.706087 -8.088072 -4.362184 7.943433 0.005836 0.658640 -0.005305 0.752417
22.721569 -8.086869 -4.357201 7.929527 0.006465 0.657912 -0.005873 0.753044
22.735746 -8.090117 -4.373759 7.931524 0.005429 0.658226 -0.005279 0.752783
22.760719 -8.093050 -4.344107 7.956432 0.007854 0.660083 -0.006968 0.751119
22.767752 -8.087110 -4.366493 7.936829 0.006287 0.658862 -0.006240 0.752212
22.785702 -8.088371 -4.362111 7.929509 0.006762 0.658683 -0.006730 0.752361
22.801888 -8.084515 -4.366486 7.937469 0.006788 0.659341 -0.006284 0.751787
22.822535 -8.082039 -4.353678 7.929478 0.007703 0.658877 -0.007403 0.752175
22.835752 -8.086655 -4.346915 7.924721 0.008748 0.658955 -0.007554 0.752093
22.856676 -8.081245 -4.395037 7.867766 0.004914 0.655128 -0.006024 0.755478
22.873173 -8.075938 -4.411870 7.871512 0.003601 0.655447 -0.005581 0.755212
22.885855 -8.070612 -4.408847 7.847822 0.004273 0.653969 -0.005754 0.756487
22.902245 -8.077744 -4.376233 7.860960 0.006673 0.655088 -0.007953 0.755481
22.922756 -8.078631 -4.400123 7.856645 0.005425 0.655061 -0.006656 0.755528
22.935680 -8.075629 -4.393357 7.867851 0.005977 0.655888 -0.006972 0.754802
22.964594 -8.072214 -4.389596 7.861865 0.006430 0.655547 -0.007385 0.755091
22.971710 -8.078182 -4.371242 7.857348 0.008495 0.655614 -0.008103 0.755005
22.989618 -8.059828 -4.430477 7.881662 0.004568 0.657457 -0.004844 0.753463
23.006050 -8.058907 -4.437918 7.891633 0.004375 0.658383 -0.004238 0.752658
23.022768 -8.060030 -4.413320 7.886380 0.006357 0.658162 -0.005628 0.752829
23.039112 -8.052459 -4.475926 7.896533 0.001011 0.658720 -0.003344 0.752381
23.056507 -8.056405 -4.430187 7.910595 0.004644 0.659884 -0.005832 0.751331
23.076872 -8.052420 -4.456041 7.893950 0.003401 0.658947 -0.003935 0.752171
23.086519 -8.053066 -4.448877 7.880116 0.004210 0.658287 -0.004260 0.752744
23.102484 -8.055822 -4.459270 7.894641 0.003020 0.659305 -0.004548 0.751856
23.127069 -8.049500 -4.455054 7.883528 0.003785 0.658792 -0.004282 0.752303
23.140175 -8.042709 -4.465041 7.876322 0.002830 0.658386 -0.004068 0.752665
23.157118 -8.048573 -4.455823 7.859746 0.004150 0.657629 -0.004191 0.753319
23.179686 -8.040779 -4.495253 7.837255 0.001263 0.656187 -0.002534 0.754593
23.187265 -8.045582 -4.481914 7.829794 0.002462 0.656034 -0.003171 0.754721
23.202269 -8.046819 -4.436670 7.849072 0.005883 0.657433 -0.005635 0.753469
23.217758 -8.035425 -4.435001 7.800433 0.006404 0.654240 -0.005297 0.756241
23.233606 -8.042269 -4.454511 7.846391 0.004674 0.657515 -0.004657 0.753412
23.252392 -8.041718 -4.428796 7.830106 0.006676 0.656651 -0.005902 0.754142
23.271666 -8.028072 -4.437193 7.792420 0.006158 0.654100 -0.005305 0.756364
23.286594 -8.022193 -4.454339 7.784439 0.004879 0.653569 -0.004409 0.756838
23.300177 -8.033059 -4.469708 7.845739 0.003232 0.657898 -0.004233 0.753088
23.317019 -8.022104 -4.524334 7.820050 -0.000952 0.656187 -0.001734 0.754596
23.335310 -8.036390 -4.463418 7.812468 0.003676 0.656075 -0.004427 0.754674
23.352587 -8.034495 -4.445218 7.812047 0.005337 0.656159 -0.005258 0.754585
23.369873 -8.032794 -4.439235 7.796074 0.005823 0.655231 -0.005648 0.755385
23.383427 -8.031017 -4.413941 7.773680 0.008351 0.653988 -0.006308 0.756433
23.399139 -8.040020 -4.434307 7.815184 0.006522 0.656892 -0.005788 0.753935
23.428455 -8.032098 -4.458097 7.818069 0.004560 0.657083 -0.004774 0.753790
23.435463 -8.035500 -4.440176 7.811926 0.005700 0.656794 -0.006031 0.754024
23.464754 -8.030560 -4.442452 7.782562 0.005694 0.654877 -0.006025 0.755690
23.479742 -8.027743 -4.469235 7.784235 0.003655 0.655110 -0.004757 0.755509
23.500917 -8.029574 -4.453538 7.778444 0.004841 0.654933 -0.005687 0.755650
23.509424 -8.026157 -4.457963 7.760283 0.004629 0.653928 -0.005254 0.756524
23.523046 -8.025930 -4.447875 7.754950 0.005423 0.653779 -0.005759 0.756645
23.538956 -8.043829 -4.426193 7.787434 0.006954 0.656349 -0.007183 0.754391
23.568987 -8.049889 -4.394485 7.779674 0.009525 0.656158 -0.008298 0.754518
23.576462 -8.046364 -4.397947 7.779059 0.009290 0.656229 -0.008101 0.754462
23.598528 -8.034418 -4.399656 7.757803 0.009010 0.654762 -0.007999 0.755739
23.614855 -8.038846 -4.438453 7.776274 0.005968 0.656313 -0.006205 0.754439
23.627060 -8.043016 -4.392444 7.771058 0.009640 0.656298 -0.008018 0.754398
23.646708 -8.027628 -4.421108 7.758707 0.006849 0.655290 -0.007151 0.755313
23.665073 -8.033051 -4.444225 7.790968 0.004816 0.657625 -0.005905 0.753307
23.672291 -8.031479 -4.451080 7.765494 0.003985 0.656152 -0.005974 0.754594
23.692572 -8.025523 -4.455385 7.783604 0.003487 0.657309 -0.005726 0.753592
23.715822 -8.025805 -4.413855 7.758252 0.007123 0.655833 -0.007093 0.754839
23.731510 -8.022079 -4.468220 7.758413 0.002427 0.655870 -0.004978 0.754854
23.739019 -8.022822 -4.426522 7.757188 0.005759 0.656079 -0.006664 0.754641
23.755438 -8.016637 -4.495069 7.752206 -0.000122 0.655676 -0.003862 0.755032
23.771338 -8.022934 -4.458671 7.764657 0.002639 0.656696 -0.005493 0.754131
23.787397 -8.029240 -4.433187 7.744674 0.004477 0.655529 -0.007193 0.755123
23.806776 -8.035098 -4.425916 7.750311 0.004978 0.656135 -0.007584 0.754589
23.830473 -8.037108 -4.464837 7.780679 0.001532 0.658376 -0.006034 0.752664
23.850689 -8.036631 -4.412857 7.748523 0.005882 0.656395 -0.007869 0.754354
23.857847 -8.032486 -4.384448 7.745728 0.007994 0.656217 -0.009533 0.754469
23.870501 -8.029947 -4.437022 7.760513 0.003572 0.657380 -0.007291 0.753515
23.889008 -8.029837 -4.425850 7.751399 0.004707 0.657004 -0.007631 0.753833
23.909950 -8.020777 -4.442391 7.738470 0.003592 0.656155 -0.006206 0.754592
23.932571 -8.032833 -4.396352 7.730417 0.007016 0.655843 -0.009171 0.754809
23.944136 -8.014374 -4.466678 7.728309 0.001474 0.655472 -0.005627 0.755197
23.957623 -8.008808 -4.505331 7.736534 -0.001454 0.656026 -0.003558 0.754728
23.977104 -8.003741 -4.529501 7.730372 -0.003719 0.655564 -0.003069 0.755125
23.992004 -8.001341 -4.538006 7.725293 -0.004391 0.655282 -0.002895 0.755366
24.010975 -8.004141 -4.524438 7.721604 -0.003200 0.655241 -0.003631 0.755404
24.025208 -8.013548 -4.452394 7.698124 0.003215 0.654140 -0.006530 0.756338
24.039335 -8.007538 -4.458095 7.694122 0.002603 0.653897 -0.006654 0.756549
24.054398 -8.012560 -4.442432 7.708721 0.004189 0.655066 -0.007056 0.755527
24.076254 -8.006792 -4.497702 7.716539 -0.000181 0.655610 -0.004282 0.755088
24.090052 -8.018591 -4.398366 7.736693 0.007821 0.657385 -0.009102 0.753460
24.103773 -8.025332 -4.394346 7.735221 0.008271 0.657491 -0.009239 0.753361
24.127403 -8.012400 -4.405912 7.736912 0.007644 0.657604 -0.008218 0.753281
24.139530 -8.006044 -4.437207 7.732631 0.004956 0.657272 -0.007334 0.753601
24.165546 -8.003536 -4.485817 7.753227 0.001050 0.658662 -0.004754 0.752423
24.176491 -7.996954 -4.476689 7.757384 0.001753 0.658989 -0.005158 0.752133
24.188688 -7.996736 -4.517748 7.732068 -0.001244 0.657373 -0.003080 0.753559
24.211124 -7.996296 -4.495380 7.738705 0.000689 0.657897 -0.003803 0.753098
24.221617 -7.990826 -4.534543 7.732886 -0.002374 0.657634 -0.001678 0.753332
24.241911 -7.999131 -4.473321 7.751584 0.002273 0.659109 -0.005028 0.752027
24.266508 -8.000917 -4.458484 7.742426 0.002973 0.658613 -0.006367 0.752449
24.274343 -7.994143 -4.482940 7.713817 0.001338 0.656681 -0.005004 0.754151
24.285957 -7.990099 -4.519239 7.750149 -0.001560 0.659170 -0.002954 0.751987
24.305246 -8.006527 -4.411863 7.722382 0.006682 0.657601 -0.008437 0.753289
24.328157 -7.997776 -4.442467 7.736567 0.003900 0.658491 -0.007162 0.752544
24.343693 -8.001596 -4.430525 7.741735 0.004781 0.658935 -0.007816 0.752144
24.365009 -7.993368 -4.448379 7.720785 0.003342 0.657540 -0.007033 0.753380
24.374994 -7.995647 -4.436388 7.713153 0.004486 0.657196 -0.007650 0.753668
24.399046 -7.996570 -4.430607 7.709481 0.005083 0.657060 -0.007798 0.753781
24.409100 -8.017962 -4.377505 7.729264 0.009580 0.659001 -0.009992 0.752015
24.423019 -8.009865 -4.380277 7.738534 0.008868 0.659352 -0.010515 0.751709
24.437216 -7.991466 -4.481781 7.779544 0.000641 0.661832 -0.005313 0.749633
24.464836 -8.008360 -4.405811 7.742139 0.006510 0.659756 -0.009328 0.751393
24.472162 -8.014524 -4.392194 7.748322 0.008013 0.660470 -0.009252 0.750753
24.495670 -8.013517 -4.383223 7.738708 0.008765 0.659916 -0.009828 0.751224
24.513626 -8.006262 -4.399846 7.748147 0.007240 0.660461 -0.009037 0.750771
24.522858 -8.004818 -4.398648 7.746878 0.007296 0.660397 -0.009181 0.750825
24.550303 -8.001841 -4.398174 7.742379 0.007261 0.660036 -0.009325 0.751141
24.557449 -8.001149 -4.388529 7.745712 0.008145 0.660492 -0.009678 0.750727
24.572271 -7.994371 -4.395203 7.733841 0.007842 0.659659 -0.009316 0.751467
24.589844 -7.996216 -4.393572 7.734889 0.007988 0.659826 -0.009467 0.751317
24.600534 -7.992829 -4.417431 7.732397 0.006064 0.659705 -0.008418 0.751453
24.618429 -7.994136 -4.408589 7.736157 0.006545 0.659956 -0.009388 0.751217
24.638063 -7.990175 -4.422761 7.748496 0.005589 0.660819 -0.008352 0.750478
24.650681 -7.990193 -4.425603 7.763185 0.005258 0.661796 -0.008450 0.749618
24.675457 -7.983908 -4.400909 7.725982 0.007245 0.659232 -0.009877 0.751840
24.683651 -7.979924 -4.405504 7.720525 0.006823 0.658804 -0.009944 0.752218
24.706890 -7.987168 -4.393097 7.735486 0.007522 0.659952 -0.011039 0.751189
24.719997 -7.986813 -4.383428 7.721170 0.008308 0.659163 -0.011787 0.751862
24.737225 -7.986526 -4.387540 7.727221 0.008232 0.659722 -0.011326 0.751379
24.760509 -7.990037 -4.381639 7.721660 0.009110 0.659459 -0.010911 0.751606
24.777260 -7.982574 -4.390362 7.715792 0.008341 0.659024 -0.010705 0.751999
24.784494 -7.982838 -4.375873 7.722928 0.009753 0.659617 -0.011207 0.751455
24.814854 -7.973888 -4.363625 7.721142 0.010264 0.659362 -0.012121 0.751658
24.822704 -7.973676 -4.357016 7.717793 0.011069 0.659155 -0.012160 0.751827
24.850574 -7.970895 -4.379319 7.727933 0.009231 0.659727 -0.011322 0.751363
24.860491 -7.968678 -4.369067 7.731293 0.010054 0.660024 -0.011801 0.751085
24.868620 -7.963794 -4.387229 7.721054 0.008714 0.659275 -0.010888 0.751773
24.890179 -7.965048 -4.387818 7.720604 0.008992 0.659448 -0.010511 0.751623
24.899351 -7.961806 -4.394907 7.721635 0.008406 0.659517 -0.010230 0.751573
24.916391 -7.959157 -4.374830 7.707162 0.010054 0.658570 -0.011333 0.752367
24.931305 -7.955985 -4.381534 7.726693 0.009827 0.659857 -0.010700 0.751251
24.952311 -7.955379 -4.384230 7.721328 0.009726 0.659511 -0.010600 0.751557
24.964169 -7.957594 -4.384222 7.718854 0.009684 0.659413 -0.010832 0.751640
24.985611 -7.967043 -4.404640 7.722907 0.007911 0.659787 -0.010212 0.751342
24.998653 -7.966426 -4.399918 7.735708 0.008171 0.660587 -0.010595 0.750630
25.025620 -7.961315 -4.401215 7.727016 0.008377 0.660157 -0.010172 0.751012
25.043509 -7.963761 -4.401878 7.735087 0.008416 0.660760 -0.010173 0.750481
25.050436 -7.958391 -4.367872 7.723737 0.011521 0.659914 -0.011315 0.751167
25.071405 -7.960760 -4.351060 7.723005 0.013340 0.660017 -0.011581 0.751043
25.085135 -7.953814 -4.356665 7.711838 0.012926 0.659175 -0.011536 0.751790
25.104374 -7.953094 -4.373195 7.719516 0.011690 0.659632 -0.010724 0.751421
25.117783 -7.955793 -4.369027 7.695221 0.012188 0.658153 -0.011099 0.752704
25.135189 -7.946963 -4.393728 7.714124 0.010201 0.659342 -0.009947 0.751708
25.150665 -7.953163 -4.376316 7.692215 0.011787 0.657944 -0.011291 0.752890
25.167204 -7.951240 -4.364532 7.717673 0.013051 0.659669 -0.011570 0.751354
25.187382 -7.956623 -4.357497 7.725189 0.013611 0.660271 -0.012230 0.750805
25.216431 -7.955269 -4.364509 7.714118 0.013116 0.659555 -0.012259 0.751442
25.225075 -7.948741 -4.360931 7.702420 0.013587 0.658772 -0.012203 0.752121
25.242887 -7.947091 -4.359678 7.693120 0.014032 0.658179 -0.012327 0.752630
25.252546 -7.949506 -4.346089 7.705824 0.015458 0.659129 -0.012881 0.751761
25.269655 -7.945828 -4.370264 7.696274 0.013764 0.658376 -0.011746 0.752471
25.285946 -7.945508 -4.356822 7.687819 0.014739 0.657740 -0.012876 0.752991
25.306297 -7.944409 -4.384158 7.691967 0.012148 0.657977 -0.012210 0.752841
25.324787 -7.944187 -4.359229 7.700690 0.014469 0.658685 -0.013221 0.752163
25.341667 -7.931394 -4.361472 7.633914 0.014825 0.654056 -0.012860 0.756191
25.349932 -7.939705 -4.360510 7.650724 0.014916 0.655297 -0.013144 0.755110
25.369616 -7.949841 -4.343781 7.699426 0.016239 0.658785 -0.014158 0.752023
25.383123 -7.951852 -4.335182 7.709000 0.016846 0.659468 -0.014968 0.751395
25.403629 -7.935287 -4.350503 7.700292 0.015589 0.658246 -0.014583 0.752500
25.430731 -7.935836 -4.354933 7.694781 0.015362 0.658030 -0.014336 0.752699
25.438293 -7.928828 -4.372653 7.706490 0.013717 0.658563 -0.013883 0.752272
25.451748 -7.929022 -4.354519 7.716450 0.015864 0.659343 -0.013726 0.751549
25.466904 -7.924218 -4.369427 7.685143 0.014643 0.657253 -0.013477 0.753407
25.497776 -7.925700 -4.346045 7.712307 0.017161 0.658956 -0.014025 0.751855
25.504997 -7.928464 -4.369384 7.713984 0.014660 0.659210 -0.014071 0.751684
25.521818 -7.927705 -4.394271 7.714284 0.012583 0.659184 -0.013183 0.751761
25.548941 -7.925594 -4.383461 7.712695 0.013705 0.659069 -0.013755 0.751832
25.555794 -7.928459 -4.363452 7.710141 0.015607 0.658982 -0.014563 0.751856
25.570255 -7.933976 -4.310089 7.690298 0.020466 0.657796 -0.016721 0.752732
25.599339 -7.923536 -4.368389 7.761374 0.015367 0.662589 -0.014140 0.748692
25.611343 -7.929829 -4.371895 7.746677 0.015095 0.661760 -0.014356 0.749426
25.623886 -7.931605 -4.361926 7.766376 0.015888 0.663146 -0.014833 0.748175
25.646770 -7.924551 -4.416569 7.767921 0.011144 0.663029 -0.012832 0.748401
25.666616 -7.928161 -4.387081 7.762466 0.013664 0.662818 -0.014152 0.748522
25.676182 -7.927330 -4.375134 7.757729 0.014950 0.662541 -0.014230 0.748741
25.688755 -7.924969 -4.388300 7.748598 0.014101 0.661978 -0.013537 0.749269
25.713070 -7.926251 -4.381252 7.753606 0.014586 0.662352 -0.013950 0.748921
25.723488 -7.928912 -4.390700 7.747998 0.013559 0.661991 -0.013849 0.749261
25.735987 -7.925389 -4.383739 7.768596 0.013825 0.663224 -0.014155 0.748160
25.759573 -7.925991 -4.375603 7.765883 0.014728 0.663138 -0.014289 0.748216
25.774281 -7.921446 -4.373384 7.772578 0.014958 0.663552 -0.014023 0.747849
25.787029 -7.925800 -4.352266 7.748519 0.016688 0.661995 -0.014774 0.749177
25.802177 -7.921951 -4.374708 7.772876 0.014313 0.663558 -0.014375 0.747850
25.825129 -7.923134 -4.384431 7.788277 0.013560 0.664710 -0.013560 0.746855
25.840694 -7.919494 -4.397764 7.791277 0.012123 0.664711 -0.013261 0.746885
25.870033 -7.919206 -4.430501 7.770231 0.009505 0.663339 -0.011456 0.748171
25.878057 -7.915980 -4.434136 7.783555 0.009065 0.664111 -0.010622 0.747503
25.899744 -7.920934 -4.417735 7.787435 0.010371 0.664514 -0.011381 0.747117
25.929943 -7.927260 -4.397844 7.784554 0.011910 0.664333 -0.012121 0.747243
25.947901 -7.920883 -4.414344 7.788543 0.010161 0.664575 -0.010830 0.747074
25.960976 -7.919088 -4.395482 7.773479 0.011890 0.663595 -0.011262 0.747912
25.974623 -7.925139 -4.381133 7.759723 0.013220 0.662804 -0.011686 0.748585
25.988285 -7.919113 -4.400226 7.769855 0.010558 0.663207 -0.011505 0.748273
26.010609 -7.923351 -4.377660 7.745497 0.012894 0.661683 -0.011922 0.749578
26.035334 -7.928172 -4.384881 7.772121 0.011821 0.663520 -0.011775 0.747973
26.044466 -7.924726 -4.407472 7.768541 0.009666 0.663203 -0.010429 0.748304
26.059864 -7.923424 -4.415317 7.762826 0.009409 0.662968 -0.009238 0.748532
26.086624 -7.927693 -4.385842 7.771900 0.011591 0.663554 -0.010412 0.747966
26.093647 -7.919036 -4.372838 7.730560 0.012411 0.660674 -0.011282 0.750486
26.115829 -7.927141 -4.348458 7.752856 0.014430 0.662294 -0.012047 0.749008
26.124584 -7.929361 -4.363107 7.774821 0.013360 0.663801 -0.010933 0.747710
26.144072 -7.931746 -4.350265 7.782025 0.014239 0.664394 -0.011641 0.747156
26.161514 -7.931550 -4.381845 7.767275 0.011896 0.663539 -0.009675 0.747985
26.175718 -7.935347 -4.362572 7.744548 0.013319 0.661997 -0.010984 0.749308
26.189203 -7.925882 -4.372707 7.753193 0.012368 0.662378 -0.010421 0.748995
26.213282 -7.928870 -4.379744 7.771242 0.011648 0.663737 -0.010090 0.747807
26.224606 -7.929064 -4.383727 7.776795 0.011526 0.664189 -0.009436 0.747416
26.241705 -7.933510 -4.381077 7.787992 0.011756 0.665043 -0.009477 0.746652
26.263195 -7.926875 -4.383737 7.765682 0.011602 0.663526 -0.009122 0.748007
26.274111 -7.927181 -4.359134 7.756390 0.013777 0.662941 -0.009952 0.748478
26.299541 -7.928968 -4.359272 7.760738 0.013678 0.663192 -0.010167 0.748255
26.316395 -7.932188 -4.370269 7.769174 0.012985 0.663950 -0.009233 0.747607
26.325510 -7.931918 -4.360993 7.760456 0.013832 0.663297 -0.009845 0.748164
26.343105 -7.932985 -4.348817 7.773685 0.014679 0.664232 -0.010550 0.747308
26.357693 -7.931546 -4.369205 7.755302 0.013194 0.663105 -0.009525 0.748350
26.376633 -7.930874 -4.386703 7.770023 0.011812 0.664063 -0.008774 0.747532
26.401165 -7.930750 -4.364144 7.766835 0.013859 0.663885 -0.009534 0.747645
26.414871 -7.945141 -4.348259 7.755208 0.014195 0.663161 -0.011528 0.748253
26.428211 -7.944197 -4.358416 7.751266 0.013272 0.662866 -0.011362 0.748534
26.439356 -7.940040 -4.393541 7.790499 0.010319 0.665445 -0.009685 0.746313
26.469761 -7.936370 -4.389242 7.785892 0.011013 0.664998 -0.009357 0.746705
26.477409 -7.940441 -4.348361 7.772307 0.014521 0.664111 -0.011222 0.747409
26.496176 -7.946206 -4.324196 7.771672 0.016658 0.664232 -0.012532 0.747236
26.505096 -7.943955 -4.320470 7.770186 0.016918 0.664052 -0.012717 0.747387
26.534815 -7.939541 -4.330034 7.769866 0.016026 0.664042 -0.012626 0.747417
26.543530 -7.946742 -4.328701 7.776914 0.015953 0.664630 -0.012934 0.746890
26.572376 -7.947256 -4.329698 7.780537 0.016141 0.665007 -0.012654 0.746555
26.579231 -7.946312 -4.328520 7.772871 0.016337 0.664592 -0.012461 0.746924
26.595573 -7.950983 -4.317787 7.766982 0.017294 0.664312 -0.012993 0.747142
26.606440 -7.946735 -4.321319 7.758692 0.017075 0.663734 -0.012674 0.747666
26.626522 -7.943676 -4.367956 7.790514 0.012796 0.665747 -0.010996 0.745986
26.641352 -7.937553 -4.343487 7.721908 0.015019 0.661021 -0.012116 0.750119
26.670742 -7.950871 -4.333469 7.736227 0.015542 0.662175 -0.012965 0.749075
26.681564 -7.947419 -4.348845 7.730244 0.014357 0.661787 -0.011889 0.749461
26.696177 -7.944003 -4.366251 7.746152 0.012795 0.662789 -0.011392 0.748610
26.705938 -7.938785 -4.365857 7.741934 0.012625 0.662411 -0.011436 0.748947
26.725119 -7.942402 -4.386983 7.744308 0.010740 0.662672 -0.010752 0.748756
26.741472 -7.943309 -4.400883 7.768230 0.009420 0.664323 -0.010061 0.747318
26.750294 -7.943045 -4.368487 7.741438 0.012249 0.662568 -0.011208 0.748818
26.772034 -7.948007 -4.343300 7.737315 0.014132 0.662354 -0.012595 0.748952
26.788132 -7.944293 -4.357790 7.726278 0.013044 0.661601 -0.011610 0.749653
26.815502 -7.948518 -4.352334 7.746798 0.013334 0.663149 -0.011727 0.748277
26.827482 -7.944681 -4.358194 7.728079 0.012652 0.661883 -0.011590 0.749411
26.837849 -7.940512 -4.364477 7.722888 0.012308 0.661486 -0.010984 0.749776
26.858194 -7.942804 -4.366426 7.728625 0.012054 0.661954 -0.010949 0.749368
