0.603730 0.000000 0.000000 0.000000 0.000000 0.000000 0.000000 1.000000
0.656503 0.000000 0.000000 0.000000 0.000000 0.000000 0.000000 1.000000
0.683853 0.000000 0.000000 0.000000 0.000000 0.000000 0.000000 1.000000
0.691637 0.001605 -0.002069 0.001117 -0.000114 -0.000082 0.000054 1.000000
0.713147 -0.001299 0.000566 -0.002102 -0.000036 0.000086 -0.000066 1.000000
0.730522 -0.000843 0.004271 -0.001018 0.000224 0.000058 -0.000107 1.000000
0.739137 -0.001428 0.000595 0.000748 0.000033 0.000103 -0.000008 1.000000
0.763906 -0.001702 0.003411 -0.000228 0.000177 0.000106 -0.000115 1.000000
0.773248 -0.001642 0.000217 -0.001681 -0.000026 0.000118 -0.000239 1.000000
0.800391 -0.001379 -0.000049 0.000754 -0.000007 0.000130 -0.000252 1.000000
0.808758 -0.001662 0.000169 0.001171 0.000019 0.000104 -0.000058 1.000000
0.823449 -0.002774 0.000420 0.000975 0.000034 0.000173 -0.000157 1.000000
0.846987 -0.002325 -0.000005 0.002158 -0.000000 0.000134 -0.000229 1.000000
0.862753 -0.001179 0.001878 0.000478 0.000098 0.000117 -0.000264 1.000000
0.871562 0.000433 -0.001559 0.001466 -0.000053 0.000036 -0.000161 1.000000
0.897326 -0.002021 0.000323 0.001228 0.000036 0.000137 -0.000117 1.000000
0.907169 -0.001421 0.000600 0.003010 0.000089 0.000105 -0.000050 1.000000
0.921806 -0.002408 0.000052 0.004253 0.000099 0.000189 -0.000055 1.000000
0.934089 -0.001758 0.000113 0.002443 0.000064 0.000114 -0.000005 1.000000
0.950899 -0.000962 -0.001996 0.002843 -0.000042 0.000055 -0.000017 1.000000
0.980434 -0.000386 -0.001152 -0.000141 -0.000044 0.000059 -0.000107 1.000000
0.989870 -0.000552 -0.000786 0.000930 0.000005 0.000054 -0.000098 1.000000
1.015796 -0.001616 0.000991 0.001186 0.000092 0.000114 -0.000036 1.000000
1.027316 -0.001386 -0.000574 0.000867 0.000012 0.000101 -0.000134 1.000000
1.038039 -0.000789 -0.001990 -0.001359 -0.000101 0.000101 -0.000181 1.000000
1.058958 -0.000750 -0.004716 0.001036 -0.000195 0.000081 -0.000045 1.000000
1.083848 -0.000938 -0.003138 0.000233 -0.000133 0.000049 -0.000046 1.000000
1.100271 -0.002097 -0.005021 0.000970 -0.000263 0.000143 -0.000058 1.000000
1.108788 -0.002189 -0.001043 0.000580 0.000005 0.000156 -0.000067 1.000000
1.121905 -0.000982 -0.000772 0.002564 0.000058 0.000080 0.000042 1.000000
1.148296 -0.001725 -0.002888 0.000796 -0.000106 0.000108 -0.000114 1.000000
1.160438 0.000543 -0.001002 -0.000775 -0.000019 0.000052 -0.000228 1.000000
1.187029 -0.001755 -0.001829 0.001142 -0.000029 0.000129 -0.000166 1.000000
1.196674 -0.001052 -0.001972 -0.000589 -0.000078 0.000080 -0.000161 1.000000
1.207458 -0.002555 -0.002280 0.000698 -0.000086 0.000194 -0.000102 1.000000
1.231315 -0.002173 -0.001610 0.001543 -0.000012 0.000152 -0.000036 1.000000
1.250306 -0.000607 -0.002186 -0.000186 -0.000054 0.000058 -0.000085 1.000000
1.258423 0.000862 -0.001319 -0.000263 -0.000019 0.000013 -0.000236 1.000000
1.271283 -0.000592 -0.002691 0.000209 -0.000120 0.000075 -0.000141 1.000000
1.293720 -0.000562 -0.001406 -0.001575 -0.000070 0.000083 -0.000157 1.000000
1.304701 -0.000887 -0.003849 0.000440 -0.000161 0.000069 -0.000057 1.000000
1.323629 -0.002129 -0.003050 0.000127 -0.000130 0.000143 -0.000097 1.000000
1.340142 -0.002058 -0.000257 -0.000329 0.000038 0.000129 0.000017 1.000000
1.361324 -0.001874 -0.000887 -0.000783 0.000019 0.000111 -0.000047 1.000000
1.371950 -0.001211 -0.001194 0.001245 0.000023 0.000109 -0.000138 1.000000
1.385996 -0.001528 -0.004492 0.002757 -0.000156 0.000114 -0.000017 1.000000
1.411909 -0.001252 -0.002074 -0.000481 -0.000067 0.000059 -0.000074 1.000000
1.420582 -0.001450 -0.001105 0.002498 0.000009 0.000102 0.000033 1.000000
1.440361 -0.001968 -0.003192 0.002016 -0.000139 0.000139 -0.000043 1.000000
1.454144 -0.001824 -0.001087 0.003024 0.000027 0.000136 -0.000076 1.000000
1.477785 -0.001305 -0.001786 -0.000318 -0.000055 0.000084 -0.000075 1.000000
1.489670 -0.001814 -0.001464 0.003298 -0.000005 0.000175 -0.000164 1.000000
1.503209 -0.003016 -0.002194 -0.000964 -0.000114 0.000197 -0.000130 1.000000
1.526919 -0.003133 -0.002921 0.000963 -0.000091 0.000216 -0.000184 1.000000
1.536818 -0.002407 -0.003780 -0.000163 -0.000133 0.000114 -0.000017 1.000000
1.551398 -0.001388 -0.003324 0.000396 -0.000105 0.000102 0.000003 1.000000
1.582963 -0.001634 -0.000926 0.001907 0.000044 0.000123 -0.000041 1.000000
1.596759 -0.001722 -0.001754 -0.000513 -0.000042 0.000112 -0.000020 1.000000
1.616339 -0.003197 -0.006197 0.001183 -0.000294 0.000241 -0.000066 1.000000
1.623693 -0.001122 -0.002769 0.000144 -0.000093 0.000094 -0.000157 1.000000
1.641995 -0.001844 -0.001650 -0.000176 -0.000032 0.000125 -0.000009 1.000000
1.653785 -0.002625 -0.000456 0.001029 0.000063 0.000183 -0.000046 1.000000
1.682166 -0.002656 -0.001378 0.000538 -0.000004 0.000198 -0.000077 1.000000
1.703108 -0.000759 -0.003323 -0.000363 -0.000115 0.000071 -0.000028 1.000000
1.712102 -0.002431 -0.004773 -0.000594 -0.000234 0.000152 -0.000095 1.000000
1.720311 -0.001439 -0.002342 -0.000766 -0.000072 0.000106 -0.000053 1.000000
1.742462 -0.001351 -0.002094 0.000817 -0.000062 0.000072 0.000058 1.000000
1.767993 -0.000744 -0.002619 0.000576 -0.000042 0.000072 0.000013 1.000000
1.782456 -0.000833 -0.002587 0.001044 -0.000040 0.000082 -0.000055 1.000000
1.791680 -0.001953 -0.002779 0.002228 -0.000069 0.000130 -0.000009 1.000000
1.821723 -0.000563 -0.006421 -0.000724 -0.000319 0.000059 0.000041 1.000000
1.828713 -0.002063 -0.003215 0.001875 -0.000089 0.000189 -0.000141 1.000000
1.842606 -0.001658 -0.004584 0.000852 -0.000182 0.000103 0.000006 1.000000
1.862932 -0.002478 -0.003538 -0.000897 -0.000162 0.000148 0.000027 1.000000
1.874620 -0.002857 -0.005859 -0.000133 -0.000280 0.000184 -0.000176 1.000000
1.895082 0.000505 -0.004134 -0.000047 -0.000185 -0.000008 -0.000044 1.000000
1.919427 -0.001655 -0.003179 -0.000213 -0.000117 0.000107 0.000032 1.000000
1.936035 -0.003765 0.000123 0.001403 0.000106 0.000276 -0.000055 1.000000
1.956186 -0.002058 -0.003480 0.000359 -0.000147 0.000149 -0.000044 1.000000
1.965923 -0.001654 -0.002383 0.000867 -0.000078 0.000145 -0.000093 1.000000
1.976664 -0.001156 -0.001750 0.000115 -0.000043 0.000122 -0.000167 1.000000
1.994618 -0.001356 -0.002008 0.000915 -0.000062 0.000140 -0.000156 1.000000
2.012045 -0.002751 -0.004908 -0.000568 -0.000247 0.000195 0.000066 1.000000
2.021897 -0.002112 -0.002543 0.000604 -0.000097 0.000135 0.000005 1.000000
2.042993 -0.002313 -0.003156 0.000209 -0.000115 0.000142 0.000096 1.000000
2.055597 -0.002597 -0.003155 0.000292 -0.000145 0.000195 -0.000211 1.000000
2.074307 -0.002729 -0.005736 -0.000665 -0.000299 0.000182 0.000112 1.000000
2.090529 -0.001775 -0.002207 0.001236 -0.000047 0.000146 -0.000081 1.000000
2.109990 -0.002860 -0.003183 0.000334 -0.000131 0.000173 -0.000019 1.000000
2.123359 -0.003447 -0.002810 -0.000289 -0.000093 0.000245 -0.000019 1.000000
2.143950 -0.004054 -0.006612 -0.000197 -0.000298 0.000275 0.000113 1.000000
2.159397 -0.002271 -0.000813 0.001617 0.000045 0.000165 0.000017 1.000000
2.175908 -0.002048 -0.002338 -0.000609 -0.000082 0.000104 0.000065 1.000000
2.190625 -0.002308 -0.002143 0.002125 -0.000005 0.000166 0.000001 1.000000
2.220957 -0.001477 -0.003774 0.003418 -0.000104 0.000127 0.000029 1.000000
2.233437 -0.001420 -0.002218 0.003242 -0.000003 0.000130 -0.000036 1.000000
2.250362 -0.003018 -0.001968 -0.002077 -0.000094 0.000235 -0.000192 1.000000
2.258611 -0.001856 -0.003538 0.000613 -0.000116 0.000152 -0.000087 1.000000
2.272288 -0.002755 -0.001794 -0.000197 -0.000035 0.000173 0.000080 1.000000
2.288574 -0.001628 -0.002464 -0.000459 -0.000093 0.000125 -0.000049 1.000000
2.307066 -0.001294 -0.001686 -0.001071 -0.000043 0.000110 0.000078 1.000000
2.323839 -0.001360 -0.003436 0.001274 -0.000118 0.000137 -0.000188 1.000000
2.340993 -0.000995 -0.002046 0.000296 -0.000065 0.000092 0.000024 1.000000
2.354769 -0.003725 -0.004232 -0.001863 -0.000194 0.000224 -0.000043 1.000000
2.384555 -0.001229 -0.001253 0.000588 -0.000020 0.000114 0.000006 1.000000
2.392669 -0.002700 -0.004207 -0.004368 -0.000183 0.000186 -0.000007 1.000000
2.415732 -0.001758 -0.002836 -0.001457 -0.000089 0.000149 -0.000215 1.000000
2.430706 -0.002246 -0.004412 -0.001292 -0.000178 0.000106 0.000200 1.000000
2.450299 -0.002096 -0.008204 0.000516 -0.000408 0.000149 -0.000025 1.000000
2.460654 -0.001236 -0.005517 0.000278 -0.000242 0.000078 0.000071 1.000000
2.479839 -0.002284 -0.004101 0.001786 -0.000126 0.000166 0.000030 1.000000
2.489420 -0.001001 -0.003935 0.001381 -0.000142 0.000091 -0.000016 1.000000
2.508265 -0.000708 -0.002706 0.000836 -0.000072 0.000084 -0.000066 1.000000
2.524259 -0.003368 -0.003477 -0.000461 -0.000126 0.000188 0.000130 1.000000
2.553252 -0.001717 -0.004270 -0.001168 -0.000204 0.000111 0.000107 1.000000
2.560973 -0.003333 -0.002631 -0.002205 -0.000083 0.000213 -0.000072 1.000000
2.579887 -0.003068 -0.003763 -0.002230 -0.000133 0.000197 0.000004 1.000000
2.599396 -0.002337 -0.005794 -0.000343 -0.000273 0.000153 0.000009 1.000000
2.610157 -0.001170 -0.004653 0.003076 -0.000128 0.000107 -0.000024 1.000000
2.635749 -0.006001 -0.005880 -0.003072 -0.000270 0.000398 -0.000023 1.000000
2.652095 -0.002602 -0.002118 0.000594 -0.000044 0.000159 0.000027 1.000000
2.660694 -0.001769 -0.002833 -0.002326 -0.000143 0.000097 0.000072 1.000000
2.674393 -0.001908 -0.004897 0.000397 -0.000213 0.000123 0.000063 1.000000
2.690650 -0.000783 -0.003843 0.000515 -0.000146 0.000053 -0.000093 1.000000
2.710490 -0.001722 -0.004624 0.000238 -0.000228 0.000147 -0.000158 1.000000
2.724889 -0.002002 -0.002549 0.000084 -0.000054 0.000159 0.000037 1.000000
2.752763 -0.002801 -0.001239 -0.000096 0.000047 0.000219 -0.000235 1.000000
2.762268 -0.001835 -0.005297 -0.000751 -0.000170 0.000170 -0.000160 1.000000
2.785316 -0.001533 -0.005377 -0.001832 -0.000278 0.000134 -0.000030 1.000000
2.794180 -0.003136 -0.003487 -0.001456 -0.000124 0.000268 -0.000168 1.000000
2.820765 -0.003973 -0.007287 -0.002838 -0.000346 0.000262 -0.000057 1.000000
2.829031 -0.001906 -0.002009 0.001209 -0.000004 0.000133 -0.000036 1.000000
2.850084 -0.003201 -0.004990 -0.003093 -0.000217 0.000231 -0.000278 1.000000
2.858662 -0.000982 -0.005272 -0.000950 -0.000243 0.000127 -0.000155 1.000000
2.882911 -0.001527 -0.003151 -0.001824 -0.000120 0.000104 -0.000060 1.000000
2.901596 -0.002525 -0.003971 -0.002235 -0.000151 0.000130 -0.000049 1.000000
2.910888 -0.001549 -0.003574 -0.001025 -0.000089 0.000120 -0.000089 1.000000
2.927708 -0.002531 -0.007731 -0.003337 -0.000396 0.000117 0.000097 1.000000
2.947403 -0.003562 -0.004858 -0.002209 -0.000231 0.000212 0.000110 1.000000
2.960902 -0.004140 -0.003906 0.000420 -0.000111 0.000263 0.000044 1.000000
2.983020 -0.002268 -0.005527 -0.000518 -0.000206 0.000177 -0.000113 1.000000
2.998430 -0.001663 -0.004515 0.000293 -0.000162 0.000140 -0.000092 1.000000
3.021600 -0.004055 -0.002992 -0.001216 -0.000105 0.000288 -0.000197 1.000000
3.029962 -0.004312 -0.002822 0.000860 -0.000046 0.000273 -0.000038 1.000000
3.049974 -0.001362 -0.004159 -0.000216 -0.000147 0.000077 0.000114 1.000000
3.071472 -0.002574 -0.006093 -0.000128 -0.000241 0.000169 -0.000018 1.000000
3.091336 -0.004922 -0.006850 -0.003356 -0.000305 0.000315 -0.000131 1.000000
3.110214 -0.002299 -0.006095 -0.001559 -0.000274 0.000151 0.000014 1.000000
3.118376 -0.001209 -0.006821 -0.005172 -0.000372 0.000084 -0.000009 1.000000
3.128031 -0.002782 -0.004906 0.000480 -0.000145 0.000189 -0.000149 1.000000
3.150443 -0.002131 -0.007377 0.000685 -0.000308 0.000178 -0.000078 1.000000
3.160895 -0.001814 -0.006975 -0.000412 -0.000284 0.000136 0.000093 1.000000
3.187525 -0.001395 -0.004542 0.000132 -0.000173 0.000117 0.000120 1.000000
3.200115 -0.003040 -0.002575 -0.000161 -0.000043 0.000234 -0.000146 1.000000
3.210954 -0.002445 -0.005173 -0.001082 -0.000183 0.000160 -0.000018 1.000000
3.227307 -0.000857 -0.005918 -0.000448 -0.000192 0.000083 0.000111 1.000000
3.246857 -0.004904 -0.004241 0.000860 -0.000104 0.000345 -0.000185 1.000000
3.261121 -0.001801 -0.006229 0.000179 -0.000276 0.000102 0.000011 1.000000
3.282151 -0.002332 -0.005020 -0.000009 -0.000141 0.000175 -0.000101 1.000000
3.292393 -0.001541 -0.004406 -0.001109 -0.000128 0.000096 0.000114 1.000000
3.312159 -0.004163 -0.004834 -0.001014 -0.000174 0.000235 0.000032 1.000000
3.336122 -0.000608 -0.002874 0.001637 -0.000028 0.000121 -0.000144 1.000000
3.348727 -0.003218 -0.006504 0.000876 -0.000183 0.000225 0.000042 1.000000
3.360592 -0.001672 -0.006320 0.000575 -0.000201 0.000157 -0.000167 1.000000
3.381280 -0.001413 -0.005288 0.001440 -0.000148 0.000114 0.000051 1.000000
3.396896 -0.001812 -0.003735 0.000723 -0.000068 0.000179 -0.000046 1.000000
3.411530 -0.001388 -0.004965 -0.000781 -0.000137 0.000120 0.000027 1.000000
3.427022 -0.002618 -0.005209 -0.000590 -0.000150 0.000208 -0.000060 1.000000
3.444447 -0.001540 -0.006794 0.001428 -0.000300 0.000111 0.000036 1.000000
3.471646 -0.001370 -0.003821 0.001320 -0.000062 0.000152 -0.000202 1.000000
3.489072 -0.000936 -0.006129 -0.000407 -0.000252 0.000074 -0.000008 1.000000
3.498932 -0.004444 -0.005878 0.000051 -0.000202 0.000327 -0.000133 1.000000
3.509440 -0.001264 -0.004671 0.000734 -0.000170 0.000096 0.000015 1.000000
3.525071 -0.001221 -0.007316 -0.003042 -0.000346 0.000103 -0.000066 1.000000
3.551765 -0.001795 -0.005095 -0.003115 -0.000215 0.000167 -0.000094 1.000000
3.559934 -0.002707 -0.007097 -0.004102 -0.000293 0.000207 -0.000136 1.000000
3.586372 -0.002077 -0.006170 -0.001066 -0.000227 0.000168 -0.000169 1.000000
3.595123 -0.002754 -0.005257 -0.002724 -0.000193 0.000162 0.000013 1.000000
3.611954 -0.002959 -0.008010 0.001816 -0.000264 0.000190 0.000066 1.000000
3.634278 -0.002619 -0.004892 -0.001449 -0.000208 0.000147 0.000037 1.000000
3.659237 -0.001845 -0.005329 0.000821 -0.000204 0.000171 -0.000104 1.000000
3.667841 -0.001918 -0.004873 0.000206 -0.000142 0.000152 -0.000122 1.000000
3.678424 -0.003111 -0.003757 -0.001181 -0.000093 0.000204 0.000017 1.000000
3.692498 -0.001268 -0.006026 -0.001106 -0.000252 0.000065 0.000095 1.000000
3.721631 -0.001247 -0.003737 -0.000720 -0.000117 0.000087 0.000001 1.000000
3.730265 -0.003678 -0.002742 -0.001254 -0.000052 0.000222 0.000115 1.000000
3.743037 -0.002205 -0.006377 -0.003654 -0.000238 0.000149 -0.000099 1.000000
3.758469 -0.002876 -0.005161 -0.002238 -0.000188 0.000203 -0.000209 1.000000
3.776308 -0.002235 -0.005915 -0.000900 -0.000174 0.000151 -0.000082 1.000000
3.803395 -0.002323 -0.000461 -0.003315 0.000079 0.000159 0.000063 1.000000
3.811225 -0.000822 -0.005977 -0.003434 -0.000274 0.000007 0.000162 1.000000
3.828528 -0.001574 -0.004834 -0.000286 -0.000140 0.000083 0.000125 1.000000
3.855807 -0.002051 -0.005080 0.000424 -0.000160 0.000143 -0.000099 1.000000
3.864668 -0.002733 -0.003549 -0.001714 -0.000062 0.000202 0.000072 1.000000
3.885878 -0.001990 -0.005168 -0.003133 -0.000195 0.000087 0.000188 1.000000
3.895538 -0.005736 -0.003849 -0.004017 -0.000065 0.000327 0.000108 1.000000
3.919141 -0.002900 -0.005477 -0.002394 -0.000206 0.000130 0.000293 1.000000
3.927121 -0.003030 -0.004227 -0.003717 -0.000141 0.000203 -0.000056 1.000000
3.950591 -0.003630 -0.007912 -0.005683 -0.000452 0.000184 0.000110 1.000000
3.960515 -0.000997 -0.007893 -0.003266 -0.000361 0.000016 0.000218 1.000000
3.974778 -0.001945 -0.007687 -0.006802 -0.000406 0.000139 0.000036 1.000000
3.990032 -0.003586 -0.005328 -0.003200 -0.000197 0.000213 -0.000025 1.000000
4.009644 -0.003320 -0.006184 -0.003279 -0.000237 0.000161 0.000099 1.000000
4.025940 -0.003061 -0.005585 -0.001980 -0.000172 0.000201 -0.000046 1.000000
4.044451 -0.002789 -0.006182 -0.003948 -0.000230 0.000240 -0.000181 1.000000
4.057064 -0.002208 -0.006368 -0.004042 -0.000213 0.000225 -0.000359 1.000000
4.079422 -0.001728 -0.006753 -0.002743 -0.000278 0.000078 0.000203 1.000000
4.101528 -0.000975 -0.006522 -0.001744 -0.000252 0.000095 -0.000002 1.000000
4.114299 -0.001572 -0.006285 -0.002670 -0.000206 0.000125 0.000006 1.000000
4.127965 -0.003106 -0.006198 -0.003712 -0.000216 0.000217 -0.000007 1.000000
4.144724 -0.002833 -0.004796 -0.003741 -0.000156 0.000187 0.000120 1.000000
4.167838 -0.002080 -0.007216 -0.002309 -0.000288 0.000132 0.000036 1.000000
4.182662 -0.003963 -0.005895 -0.002328 -0.000153 0.000229 -0.000012 1.000000
4.193231 -0.005234 -0.003763 -0.003508 -0.000100 0.000306 0.000055 1.000000
4.216898 -0.002857 -0.006909 -0.002538 -0.000237 0.000221 -0.000144 1.000000
4.231224 -0.003170 -0.006813 -0.003129 -0.000268 0.000263 -0.000265 1.000000
4.249188 -0.003495 -0.008618 -0.001836 -0.000358 0.000233 -0.000085 1.000000
4.258989 -0.004353 -0.005706 -0.001234 -0.000099 0.000242 0.000106 1.000000
4.274517 -0.002794 -0.007442 -0.003652 -0.000302 0.000213 -0.000083 1.000000
4.301371 -0.004477 -0.004462 -0.003604 -0.000065 0.000280 -0.000078 1.000000
4.318911 -0.003516 -0.008822 -0.001708 -0.000340 0.000212 0.000034 1.000000
4.327312 -0.004883 -0.005845 -0.005676 -0.000176 0.000292 -0.000019 1.000000
4.339937 -0.004023 -0.005185 -0.006452 -0.000224 0.000238 -0.000085 1.000000
4.361264 -0.004928 -0.004838 -0.005582 -0.000140 0.000286 0.000064 1.000000
4.380517 -0.003991 -0.006542 -0.003882 -0.000226 0.000228 0.000117 1.000000
4.388793 -0.004184 -0.007154 -0.003336 -0.000269 0.000213 0.000091 1.000000
4.420816 -0.003866 -0.007427 -0.004574 -0.000320 0.000223 0.000126 1.000000
4.429610 -0.004061 -0.007286 -0.006447 -0.000343 0.000261 0.000037 1.000000
4.452486 -0.004548 -0.003568 -0.001665 -0.000048 0.000333 0.000011 1.000000
4.464690 -0.004957 -0.006879 -0.004680 -0.000270 0.000300 0.000020 1.000000
4.474495 -0.003971 -0.007014 -0.002741 -0.000243 0.000246 0.000010 1.000000
4.490656 -0.005451 -0.007779 -0.005136 -0.000304 0.000277 -0.000009 1.000000
4.510990 -0.004859 -0.005162 -0.001792 -0.000175 0.000312 -0.000104 1.000000
4.522093 -0.005237 -0.005614 -0.002726 -0.000133 0.000296 0.000027 1.000000
4.550826 -0.003334 -0.002522 -0.000357 0.000004 0.000209 0.000028 1.000000
4.559875 -0.005536 -0.008596 -0.002400 -0.000364 0.000352 -0.000150 1.000000
4.582759 -0.004787 -0.005017 -0.002892 -0.000127 0.000288 -0.000016 1.000000
4.596807 -0.003784 -0.003683 -0.001095 -0.000021 0.000287 -0.000156 1.000000
4.609772 -0.003835 -0.006318 -0.002670 -0.000213 0.000221 -0.000045 1.000000
4.623516 -0.006387 -0.007013 -0.006530 -0.000323 0.000382 -0.000015 1.000000
4.639876 -0.004031 -0.006557 -0.004869 -0.000268 0.000212 0.000023 1.000000
4.655185 -0.005589 -0.003762 -0.005683 -0.000091 0.000347 -0.000156 1.000000
4.683973 -0.005473 -0.003797 -0.003834 -0.000088 0.000271 0.000198 1.000000
4.693617 -0.004901 -0.003845 -0.005441 -0.000079 0.000302 0.000168 1.000000
4.718679 -0.004060 -0.002070 -0.003471 0.000014 0.000206 0.000253 1.000000
4.729024 -0.003009 -0.007308 -0.002137 -0.000243 0.000195 0.000028 1.000000
4.753016 -0.002498 -0.004253 -0.004075 -0.000083 0.000168 0.000119 1.000000
4.767803 -0.005970 -0.008429 -0.003344 -0.000336 0.000383 -0.000093 1.000000
4.776792 -0.005681 -0.006038 -0.003940 -0.000202 0.000307 0.000027 1.000000
4.795880 -0.005305 -0.007610 -0.000305 -0.000218 0.000326 -0.000051 1.000000
4.819546 -0.004494 -0.005683 -0.003722 -0.000140 0.000284 -0.000105 1.000000
4.826744 -0.003478 -0.003905 -0.006779 -0.000118 0.000173 0.000157 1.000000
4.838425 -0.005365 -0.003040 -0.004977 -0.000001 0.000329 -0.000054 1.000000
4.857750 -0.004470 -0.008349 -0.004978 -0.000349 0.000280 -0.000066 1.000000
4.870463 -0.003404 -0.007117 -0.008114 -0.000331 0.000198 -0.000022 1.000000
4.897388 -0.005400 -0.007145 -0.003453 -0.000282 0.000275 0.000012 1.000000
4.913273 -0.004880 -0.006048 -0.005666 -0.000210 0.000246 0.000126 1.000000
4.932842 -0.005512 -0.005987 -0.005558 -0.000239 0.000277 0.000114 1.000000
4.952818 -0.004080 -0.006814 -0.008189 -0.000301 0.000234 0.000146 1.000000
4.961659 -0.002580 -0.006866 -0.002574 -0.000242 0.000148 0.000150 1.000000
4.983253 -0.004255 -0.004553 -0.004370 -0.000120 0.000265 -0.000065 1.000000
4.991163 -0.003885 -0.005941 -0.004271 -0.000196 0.000213 0.000031 1.000000
5.006417 -0.004268 -0.007266 -0.004230 -0.000259 0.000291 -0.000059 1.000000
5.037980 -0.002523 -0.005804 -0.001621 -0.000117 0.000171 0.000114 1.000000
5.046636 -0.004135 -0.006512 -0.006971 -0.000282 0.000261 0.000030 1.000000
5.057447 -0.004681 -0.007647 -0.003450 -0.000300 0.000286 -0.000078 1.000000
5.075949 -0.004617 -0.007642 -0.006180 -0.000305 0.000261 0.000153 1.000000
5.091511 -0.004680 -0.009377 -0.004451 -0.000403 0.000245 0.000151 1.000000
5.111253 -0.004591 -0.007521 -0.003038 -0.000217 0.000225 0.000135 1.000000
5.124151 -0.004199 -0.007146 -0.002576 -0.000226 0.000233 -0.000005 1.000000
5.140846 -0.004734 -0.006092 -0.001590 -0.000139 0.000265 0.000089 1.000000
5.155344 -0.004958 -0.008233 -0.002673 -0.000293 0.000279 0.000008 1.000000
5.183695 -0.006232 -0.006824 -0.001988 -0.000133 0.000363 -0.000232 1.000000
5.199625 -0.006276 -0.005738 -0.003005 -0.000092 0.000347 -0.000049 1.000000
5.208344 -0.004536 -0.007847 -0.001551 -0.000208 0.000252 0.000026 1.000000
5.221023 -0.004980 -0.009371 -0.000813 -0.000324 0.000313 -0.000030 1.000000
5.241271 -0.005592 -0.004681 -0.004038 -0.000083 0.000336 -0.000072 1.000000
5.257088 -0.003904 -0.005515 -0.002968 -0.000145 0.000228 0.000021 1.000000
5.272913 -0.004086 -0.006204 -0.004426 -0.000121 0.000224 0.000030 1.000000
5.290084 -0.002856 -0.006347 -0.003875 -0.000162 0.000201 -0.000105 1.000000
5.318325 -0.004672 -0.005925 -0.002278 -0.000136 0.000279 -0.000163 1.000000
5.326809 -0.006149 -0.005117 -0.003928 -0.000122 0.000367 -0.000009 1.000000
5.348413 -0.005018 -0.009016 -0.003985 -0.000350 0.000291 -0.000149 1.000000
5.357068 -0.004555 -0.006450 -0.005138 -0.000193 0.000278 -0.000023 1.000000
5.380817 -0.005713 -0.009689 -0.004854 -0.000342 0.000311 0.000019 1.000000
5.391099 -0.007407 -0.010020 -0.003141 -0.000362 0.000427 0.000085 1.000000
5.415971 -0.006548 -0.006818 -0.002917 -0.000180 0.000325 0.000073 1.000000
5.423776 -0.004395 -0.007141 -0.005416 -0.000197 0.000240 0.000138 1.000000
5.450919 -0.004911 -0.004621 -0.004223 -0.000108 0.000358 -0.000056 1.000000
5.459522 -0.004720 -0.006859 -0.004688 -0.000211 0.000291 -0.000041 1.000000
5.484734 -0.008455 -0.006688 -0.005312 -0.000138 0.000463 0.000143 1.000000
5.493688 -0.006578 -0.007027 -0.003046 -0.000174 0.000416 -0.000109 1.000000
5.513642 -0.003803 -0.008197 -0.005421 -0.000258 0.000253 -0.000169 1.000000
5.521304 -0.005215 -0.009331 -0.002380 -0.000277 0.000283 0.000104 1.000000
5.538158 -0.006538 -0.010467 -0.003115 -0.000359 0.000343 0.000092 1.000000
5.559597 -0.005186 -0.009533 -0.002293 -0.000290 0.000270 0.000004 1.000000
5.570442 -0.004010 -0.007571 -0.002188 -0.000156 0.000240 0.000061 1.000000
5.597883 -0.003173 -0.008367 -0.003842 -0.000240 0.000176 0.000022 1.000000
5.606134 -0.005679 -0.008083 -0.003621 -0.000225 0.000290 0.000066 1.000000
5.623070 -0.005209 -0.007905 -0.003969 -0.000199 0.000264 0.000085 1.000000
5.639189 -0.004891 -0.007161 -0.004105 -0.000193 0.000286 -0.000069 1.000000
5.654866 -0.005966 -0.008878 -0.003928 -0.000287 0.000295 0.000048 1.000000
5.671703 -0.007003 -0.008530 -0.004429 -0.000276 0.000354 -0.000046 1.000000
5.685942 -0.003769 -0.007882 -0.005202 -0.000217 0.000168 0.000166 1.000000
5.704288 -0.004217 -0.009121 -0.005397 -0.000246 0.000240 0.000066 1.000000
5.728187 -0.006669 -0.010586 -0.002872 -0.000324 0.000369 0.000095 1.000000
5.737620 -0.006477 -0.011169 -0.002515 -0.000416 0.000301 0.000167 1.000000
5.754056 -0.005264 -0.007688 -0.003884 -0.000253 0.000292 -0.000065 1.000000
5.776155 -0.003420 -0.008614 -0.003806 -0.000275 0.000239 -0.000133 1.000000
5.797369 -0.005769 -0.009154 -0.005704 -0.000308 0.000339 -0.000183 1.000000
5.814378 -0.003942 -0.007379 -0.002914 -0.000143 0.000237 0.000099 1.000000
5.829024 -0.004981 -0.008450 -0.005969 -0.000271 0.000224 0.000226 1.000000
5.850433 -0.007983 -0.011805 -0.006454 -0.000423 0.000404 0.000273 1.000000
5.861769 -0.005731 -0.008509 -0.004316 -0.000233 0.000305 0.000074 1.000000
5.881091 -0.009487 -0.007278 -0.005164 -0.000213 0.000499 0.000051 1.000000
5.901612 -0.005766 -0.008826 -0.003563 -0.000254 0.000338 0.000024 1.000000
5.917456 -0.008773 -0.006687 -0.003598 -0.000113 0.000499 0.000101 1.000000
5.934063 -0.006386 -0.009325 -0.004261 -0.000276 0.000294 0.000132 1.000000
5.948778 -0.006606 -0.009832 -0.005023 -0.000339 0.000324 0.000200 1.000000
5.956714 -0.006507 -0.009685 -0.006820 -0.000351 0.000304 0.000251 1.000000
5.970847 -0.004464 -0.008078 -0.004761 -0.000234 0.000239 0.000114 1.000000
5.985843 -0.004713 -0.006491 -0.005003 -0.000143 0.000242 0.000195 1.000000
6.004103 -0.005556 -0.006960 -0.005513 -0.000193 0.000309 0.000080 1.000000
6.021261 -0.002981 -0.008341 -0.005311 -0.000233 0.000150 0.000211 1.000000
6.035281 -0.004778 -0.007452 -0.003932 -0.000135 0.000223 0.000301 1.000000
6.052445 -0.005827 -0.008360 -0.007162 -0.000304 0.000314 0.000037 1.000000
6.066934 -0.005562 -0.011813 -0.006008 -0.000452 0.000287 -0.000016 1.000000
6.082438 -0.007394 -0.007969 -0.004711 -0.000193 0.000428 0.000053 1.000000
6.103948 -0.005429 -0.008204 -0.006433 -0.000245 0.000290 0.000210 1.000000
6.116010 -0.008560 -0.007996 -0.001811 -0.000179 0.000498 0.000071 1.000000
6.138701 -0.006878 -0.006567 -0.005277 -0.000052 0.000392 0.000458 1.000000
6.146325 -0.003513 -0.010248 -0.004427 -0.000324 0.000211 0.000008 1.000000
6.171271 -0.004401 -0.007907 -0.003678 -0.000192 0.000228 0.000238 1.000000
6.178878 -0.005502 -0.010046 -0.003681 -0.000277 0.000299 0.000144 1.000000
6.207176 -0.008886 -0.009586 -0.003214 -0.000250 0.000549 0.000089 1.000000
6.222783 -0.003959 -0.010302 -0.002616 -0.000310 0.000222 0.000110 1.000000
6.238681 -0.004607 -0.009414 -0.007220 -0.000299 0.000231 0.000248 1.000000
6.247106 -0.004256 -0.009962 -0.002935 -0.000257 0.000203 0.000151 1.000000
6.272089 -0.003982 -0.010092 -0.001611 -0.000261 0.000215 0.000111 1.000000
6.280650 -0.003664 -0.011208 -0.006011 -0.000349 0.000209 0.000150 1.000000
6.301184 -0.004391 -0.008734 -0.002417 -0.000222 0.000218 0.000077 1.000000
6.310336 -0.006969 -0.013707 -0.003527 -0.000526 0.000359 0.000110 1.000000
6.336885 -0.005595 -0.010177 -0.003624 -0.000267 0.000300 0.000060 1.000000
6.344763 -0.003338 -0.011282 -0.003412 -0.000332 0.000183 0.000133 1.000000
6.363378 -0.005967 -0.009774 -0.004685 -0.000270 0.000306 0.000335 1.000000
6.378546 -0.004630 -0.011111 -0.006125 -0.000398 0.000244 0.000099 1.000000
6.403471 -0.007600 -0.010655 -0.002739 -0.000283 0.000413 0.000060 1.000000
6.411355 -0.006451 -0.012266 -0.004043 -0.000444 0.000372 -0.000221 1.000000
6.428385 -0.003308 -0.009121 -0.003311 -0.000212 0.000158 0.000278 1.000000
6.443727 -0.005803 -0.010893 -0.005416 -0.000329 0.000307 0.000115 1.000000
6.472406 -0.004708 -0.010705 -0.004519 -0.000330 0.000260 0.000156 1.000000
6.484057 -0.003688 -0.009977 -0.004149 -0.000265 0.000219 0.000185 1.000000
6.494936 -0.003479 -0.010164 -0.003366 -0.000286 0.000166 0.000197 1.000000
6.521376 -0.005495 -0.011416 -0.003126 -0.000327 0.000272 0.000141 1.000000
6.528948 -0.005587 -0.011394 -0.006860 -0.000424 0.000294 0.000114 1.000000
6.553103 -0.007290 -0.012230 -0.005392 -0.000420 0.000309 0.000210 1.000000
6.562299 -0.006778 -0.009693 -0.006143 -0.000261 0.000311 0.000224 1.000000
6.585723 -0.005591 -0.010704 -0.008148 -0.000344 0.000261 0.000270 1.000000
6.593191 -0.006807 -0.009803 -0.007048 -0.000273 0.000332 0.000337 1.000000
6.612160 -0.009825 -0.008391 -0.004334 -0.000149 0.000520 0.000235 1.000000
6.626247 -0.007206 -0.014464 -0.007173 -0.000575 0.000380 0.000184 1.000000
6.641340 -0.007933 -0.011336 -0.003061 -0.000384 0.000385 0.000102 1.000000
6.655225 -0.005017 -0.009187 -0.005809 -0.000237 0.000252 0.000101 1.000000
6.672823 -0.004962 -0.009639 -0.005322 -0.000271 0.000262 0.000138 1.000000
6.688913 -0.005177 -0.010778 -0.004105 -0.000316 0.000272 0.000073 1.000000
6.712915 -0.007060 -0.012507 -0.001551 -0.000392 0.000377 0.000017 1.000000
6.721554 -0.003848 -0.010809 -0.003976 -0.000321 0.000222 0.000366 1.000000
6.751452 -0.005585 -0.011631 -0.007270 -0.000410 0.000314 0.000237 1.000000
6.764123 -0.007487 -0.012798 -0.005979 -0.000471 0.000443 0.000178 1.000000
6.774251 -0.004357 -0.011382 -0.006010 -0.000370 0.000230 0.000149 1.000000
6.788501 -0.008430 -0.006802 -0.007066 -0.000118 0.000496 0.000175 1.000000
6.804246 -0.004601 -0.018292 -0.007399 -0.000818 0.000273 0.000046 1.000000
6.830710 -0.007231 -0.009723 -0.004141 -0.000267 0.000360 0.000201 1.000000
6.840811 -0.004440 -0.011406 -0.004907 -0.000348 0.000241 0.000147 1.000000
6.853965 -0.004386 -0.012834 -0.007330 -0.000498 0.000296 -0.000099 1.000000
6.870627 -0.006223 -0.013768 -0.003173 -0.000505 0.000328 0.000020 1.000000
6.893361 -0.004355 -0.011847 -0.004154 -0.000373 0.000228 0.000059 1.000000
6.909180 -0.007968 -0.009949 -0.003512 -0.000234 0.000455 0.000014 1.000000
6.926909 -0.004984 -0.012699 -0.003425 -0.000399 0.000243 0.000139 1.000000
6.948491 -0.006133 -0.014112 -0.004433 -0.000481 0.000284 0.000193 1.000000
6.957061 -0.006433 -0.009884 -0.001337 -0.000201 0.000348 -0.000015 1.000000
6.984072 -0.005352 -0.009821 -0.008338 -0.000270 0.000244 0.000230 1.000000
6.993362 -0.004739 -0.012009 -0.002201 -0.000351 0.000182 0.000199 1.000000
7.016564 -0.006168 -0.011457 -0.006696 -0.000355 0.000354 0.000250 1.000000
7.028091 -0.003429 -0.010669 -0.005298 -0.000324 0.000224 0.000011 1.000000
7.039401 -0.004597 -0.013144 -0.007463 -0.000481 0.000206 0.000351 1.000000
7.054355 -0.005118 -0.013679 -0.004537 -0.000478 0.000213 0.000310 1.000000
7.073581 -0.008278 -0.011201 -0.002980 -0.000348 0.000465 0.000127 1.000000
7.098428 -0.007338 -0.013415 -0.002648 -0.000444 0.000370 0.000144 1.000000
7.115437 -0.005186 -0.011625 -0.010019 -0.000390 0.000314 0.000320 1.000000
7.132691 -0.006703 -0.012586 -0.002363 -0.000438 0.000355 0.000035 1.000000
7.140540 -0.009062 -0.013321 -0.002686 -0.000440 0.000485 0.000528 1.000000
7.163525 -0.006703 -0.013057 -0.006130 -0.000478 0.000350 0.000282 1.000000
7.175267 -0.010260 -0.010815 -0.004362 -0.000326 0.000608 0.000200 1.000000
7.190331 -0.006036 -0.009443 -0.004261 -0.000273 0.000340 0.000368 1.000000
7.206995 -0.004247 -0.014109 -0.007132 -0.000557 0.000226 0.000164 1.000000
7.223870 -0.011944 -0.008793 -0.004057 -0.000210 0.000678 0.000456 1.000000
7.245887 -0.004861 -0.016623 -0.004131 -0.000691 0.000272 0.000183 1.000000
7.255582 -0.006945 -0.012231 -0.001766 -0.000373 0.000354 0.000060 1.000000
7.277522 -0.004770 -0.012777 -0.003458 -0.000460 0.000287 0.000334 1.000000
7.300148 -0.008812 -0.014565 -0.006152 -0.000556 0.000466 0.000212 1.000000
7.309820 -0.004869 -0.014456 -0.007240 -0.000575 0.000208 0.000328 1.000000
7.323419 -0.005677 -0.015234 -0.004691 -0.000569 0.000297 0.000205 1.000000
7.351205 -0.005580 -0.016469 -0.003134 -0.000693 0.000307 0.000223 1.000000
7.359265 -0.007326 -0.012130 -0.008379 -0.000458 0.000409 0.000381 1.000000
7.373748 -0.005318 -0.019188 -0.004684 -0.000840 0.000258 0.000422 1.000000
7.391759 -0.006289 -0.013575 -0.003121 -0.000449 0.000360 0.000053 1.000000
7.409698 -0.006556 -0.014909 -0.001860 -0.000506 0.000328 0.000270 1.000000
7.430936 -0.004715 -0.014273 -0.004901 -0.000518 0.000242 0.000207 1.000000
7.442109 -0.003909 -0.015188 -0.004178 -0.000584 0.000240 0.000186 1.000000
7.458150 -0.005201 -0.018783 -0.005055 -0.000734 0.000228 0.000289 1.000000
7.479483 -0.003189 -0.016027 -0.005417 -0.000631 0.000235 0.000214 1.000000
7.499372 -0.005791 -0.016785 -0.002909 -0.000661 0.000300 0.000127 1.000000
7.506808 -0.005607 -0.015044 -0.002918 -0.000539 0.000272 0.000266 1.000000
7.539148 -0.004121 -0.015184 -0.003578 -0.000558 0.000236 0.000060 1.000000
7.547182 -0.004287 -0.013296 -0.004581 -0.000439 0.000215 0.000116 1.000000
7.566205 -0.005497 -0.012598 -0.004138 -0.000403 0.000359 0.000118 1.000000
7.574167 -0.002311 -0.017295 -0.003967 -0.000671 0.000176 0.000040 1.000000
7.590553 -0.005645 -0.015077 -0.004489 -0.000532 0.000284 0.000340 1.000000
7.610426 -0.009998 -0.009951 -0.001245 -0.000186 0.000532 0.000415 1.000000
7.623828 -0.004916 -0.013738 -0.004612 -0.000432 0.000295 0.000007 1.000000
7.643931 -0.004435 -0.013799 -0.004079 -0.000446 0.000219 0.000107 1.000000
7.656020 -0.006705 -0.013865 -0.000780 -0.000426 0.000354 0.000253 1.000000
7.673231 -0.008091 -0.014411 -0.004118 -0.000548 0.000448 0.000075 1.000000
7.686369 -0.006683 -0.014034 -0.004852 -0.000461 0.000397 0.000033 1.000000
7.707518 -0.003953 -0.014314 -0.006842 -0.000521 0.000234 0.000227 1.000000
7.723623 -0.003407 -0.015409 -0.007167 -0.000572 0.000190 0.000069 1.000000
7.747293 -0.004709 -0.017577 -0.005129 -0.000761 0.000341 -0.000080 1.000000
7.765105 -0.003492 -0.016906 -0.004689 -0.000693 0.000182 0.000272 1.000000
7.773342 -0.006188 -0.015213 -0.004466 -0.000575 0.000275 0.000423 1.000000
7.797901 -0.005964 -0.012205 -0.005519 -0.000438 0.000346 0.000107 1.000000
7.809642 -0.005477 -0.015530 -0.006479 -0.000565 0.000328 0.000061 1.000000
7.821768 -0.005456 -0.014273 -0.003263 -0.000500 0.000320 0.000137 1.000000
7.842237 -0.009169 -0.013531 -0.005989 -0.000413 0.000524 0.000288 1.000000
7.855837 -0.008208 -0.017593 -0.006509 -0.000693 0.000464 0.000235 1.000000
7.885393 -0.004729 -0.014314 -0.001396 -0.000510 0.000248 0.000218 1.000000
7.894897 -0.007154 -0.012948 -0.004017 -0.000427 0.000401 0.000126 1.000000
7.908080 -0.002853 -0.014877 -0.003022 -0.000493 0.000158 0.000307 1.000000
7.923770 -0.005285 -0.016468 -0.000989 -0.000573 0.000231 0.000436 1.000000
7.939083 -0.005138 -0.013840 -0.000524 -0.000435 0.000311 0.000170 1.000000
7.961869 -0.007203 -0.016336 -0.002135 -0.000582 0.000429 0.000055 1.000000
7.984626 -0.006542 -0.012405 -0.005619 -0.000359 0.000376 -0.000005 1.000000
7.995306 -0.005918 -0.020341 -0.006066 -0.000883 0.000221 0.000516 0.999999
8.013456 -0.005318 -0.015448 -0.007101 -0.000597 0.000235 0.000302 1.000000
8.035900 -0.005891 -0.018767 -0.004798 -0.000795 0.000364 0.000207 1.000000
8.045417 -0.003454 -0.014899 -0.003147 -0.000508 0.000221 0.000079 1.000000
8.057424 -0.006701 -0.015615 -0.003753 -0.000546 0.000348 0.000120 1.000000
8.071691 -0.004057 -0.020923 -0.004540 -0.000906 0.000227 0.000279 1.000000
8.097465 -0.006547 -0.017389 -0.005709 -0.000708 0.000419 -0.000016 1.000000
8.109341 -0.007631 -0.018696 -0.002221 -0.000740 0.000443 0.000022 1.000000
8.134687 -0.007053 -0.015242 -0.003639 -0.000548 0.000422 0.000148 1.000000
8.142828 -0.005612 -0.017185 -0.004613 -0.000655 0.000316 0.000174 1.000000
8.160323 -0.006031 -0.013066 -0.004342 -0.000475 0.000408 -0.000055 1.000000
8.179707 -0.005890 -0.014016 -0.002650 -0.000472 0.000355 0.000117 1.000000
8.202044 -0.004261 -0.014627 -0.004497 -0.000536 0.000214 0.000250 1.000000
8.211711 -0.005800 -0.015459 -0.004478 -0.000549 0.000298 0.000084 1.000000
8.229238 -0.005941 -0.014862 -0.005059 -0.000514 0.000283 0.000150 1.000000
8.244139 -0.005647 -0.019267 -0.005055 -0.000781 0.000318 0.000108 1.000000
8.257261 -0.006028 -0.014114 -0.002795 -0.000462 0.000387 0.000063 1.000000
8.277994 -0.005149 -0.014253 -0.001372 -0.000470 0.000275 0.000220 1.000000
8.291658 -0.007771 -0.016155 -0.000128 -0.000572 0.000418 0.000075 1.000000
8.314302 -0.007095 -0.015589 -0.001104 -0.000543 0.000389 0.000071 1.000000
8.323048 -0.007531 -0.014526 -0.002550 -0.000461 0.000393 0.000113 1.000000
8.348176 -0.007738 -0.019670 -0.004883 -0.000802 0.000412 0.000068 1.000000
8.359765 -0.006468 -0.021247 -0.002436 -0.000852 0.000325 0.000351 1.000000
8.376107 -0.008806 -0.015052 -0.007126 -0.000551 0.000502 -0.000085 1.000000
8.390484 -0.006936 -0.014799 -0.002607 -0.000492 0.000403 0.000061 1.000000
8.414092 -0.006237 -0.019354 -0.005169 -0.000848 0.000308 0.000292 1.000000
8.426372 -0.003600 -0.014842 -0.002392 -0.000516 0.000215 0.000028 1.000000
8.442163 -0.005882 -0.011320 -0.001570 -0.000264 0.000345 -0.000093 1.000000
8.466859 -0.003968 -0.019432 -0.002240 -0.000790 0.000226 0.000160 1.000000
8.480799 -0.006828 -0.018056 -0.003764 -0.000717 0.000356 0.000077 1.000000
8.500583 -0.008953 -0.013887 0.001070 -0.000439 0.000562 0.000140 1.000000
8.510482 -0.005162 -0.016760 -0.005916 -0.000665 0.000286 0.000312 1.000000
8.524024 -0.004838 -0.016778 -0.003536 -0.000596 0.000219 0.000320 1.000000
8.545338 -0.006276 -0.015199 -0.001221 -0.000476 0.000368 0.000163 1.000000
8.559558 -0.003795 -0.011609 0.000104 -0.000282 0.000196 0.000311 1.000000
8.587402 -0.007034 -0.015999 -0.000885 -0.000555 0.000370 0.000155 1.000000
8.594345 -0.005125 -0.016736 -0.003435 -0.000612 0.000302 0.000293 1.000000
8.610205 -0.005756 -0.013675 -0.003421 -0.000472 0.000320 0.000036 1.000000
8.624000 -0.007069 -0.017167 -0.004841 -0.000671 0.000402 0.000053 1.000000
8.654022 -0.005871 -0.016640 -0.003625 -0.000628 0.000312 0.000218 1.000000
8.671337 -0.003191 -0.020854 -0.007467 -0.000912 0.000227 0.000160 1.000000
8.681813 -0.009840 -0.012638 -0.003986 -0.000370 0.000567 0.000165 1.000000
8.691553 -0.006339 -0.014339 -0.004162 -0.000481 0.000403 -0.000250 1.000000
8.705462 -0.006722 -0.013341 -0.002283 -0.000409 0.000396 0.000030 1.000000
8.721632 -0.005853 -0.016225 -0.003780 -0.000598 0.000349 0.000010 1.000000
8.739452 -0.004603 -0.014768 -0.004409 -0.000532 0.000263 0.000020 1.000000
8.756216 -0.004210 -0.017102 -0.002828 -0.000667 0.000280 -0.000042 1.000000
8.779018 -0.005116 -0.015199 -0.005727 -0.000583 0.000294 0.000080 1.000000
8.795765 -0.002884 -0.014628 -0.005494 -0.000557 0.000263 -0.000163 1.000000
8.816162 -0.004906 -0.017308 -0.004877 -0.000742 0.000317 -0.000038 1.000000
8.825468 -0.005625 -0.017251 -0.002124 -0.000626 0.000316 0.000219 1.000000
8.840180 -0.006585 -0.014832 -0.003464 -0.000484 0.000398 -0.000024 1.000000
8.857222 -0.004547 -0.018559 -0.003235 -0.000699 0.000222 0.000194 1.000000
8.873322 -0.004007 -0.016170 -0.006468 -0.000630 0.000262 -0.000132 1.000000
8.899990 -0.004747 -0.010399 -0.006424 -0.000287 0.000274 0.000007 1.000000
8.908854 -0.007332 -0.015829 -0.001270 -0.000557 0.000427 -0.000013 1.000000
8.923174 -0.006103 -0.014456 -0.004050 -0.000512 0.000385 -0.000061 1.000000
8.943140 -0.005653 -0.015814 -0.004175 -0.000530 0.000364 0.000042 1.000000
8.969852 -0.006852 -0.012146 -0.002131 -0.000265 0.000407 -0.000078 1.000000
8.978302 -0.007718 -0.014781 -0.003475 -0.000487 0.000358 0.000234 1.000000
8.991835 -0.009046 -0.013586 -0.002724 -0.000393 0.000514 -0.000165 1.000000
9.016044 -0.004602 -0.015507 -0.003654 -0.000500 0.000229 0.000108 1.000000
9.028457 -0.007020 -0.015964 -0.003127 -0.000574 0.000385 0.000044 1.000000
9.043017 -0.005171 -0.018347 -0.003458 -0.000695 0.000267 0.000106 1.000000
9.071778 -0.006564 -0.015249 -0.002014 -0.000503 0.000426 0.000026 1.000000
9.081232 -0.005305 -0.014992 -0.004836 -0.000508 0.000312 0.000074 1.000000
9.103614 -0.007481 -0.012016 -0.005359 -0.000275 0.000500 -0.000206 1.000000
9.113950 -0.005172 -0.013190 -0.004316 -0.000414 0.000289 0.000200 1.000000
9.136686 -0.005050 -0.014234 -0.003348 -0.000463 0.000335 -0.000136 1.000000
9.144824 -0.007733 -0.010796 -0.000573 -0.000201 0.000427 -0.000001 1.000000
9.158229 -0.002696 -0.014395 0.000771 -0.000394 0.000192 0.000206 1.000000
9.177857 -0.005968 -0.015064 -0.004259 -0.000494 0.000342 0.000422 1.000000
9.192234 -0.007749 -0.015104 -0.006037 -0.000461 0.000419 -0.000015 1.000000
9.207723 -0.006487 -0.015363 -0.003945 -0.000491 0.000404 0.000225 1.000000
9.222295 -0.005396 -0.014556 -0.007930 -0.000499 0.000290 0.000210 1.000000
9.247009 -0.006281 -0.014589 -0.004296 -0.000503 0.000381 0.000055 1.000000
9.257131 -0.008997 -0.015418 -0.006260 -0.000522 0.000507 0.000050 1.000000
9.276971 -0.006661 -0.010529 -0.004564 -0.000231 0.000378 0.000013 1.000000
9.297566 -0.004083 -0.016463 -0.004627 -0.000576 0.000273 -0.000113 1.000000
9.306684 -0.004241 -0.016134 -0.007782 -0.000593 0.000260 -0.000132 1.000000
9.330094 -0.008197 -0.008075 -0.001514 -0.000006 0.000510 -0.000107 1.000000
9.343030 -0.007524 -0.017073 -0.002057 -0.000596 0.000418 0.000164 1.000000
9.356820 -0.007049 -0.011216 -0.004213 -0.000252 0.000428 -0.000049 1.000000
9.378418 -0.007754 -0.013184 -0.002967 -0.000342 0.000434 0.000331 1.000000
9.396150 -0.009555 -0.015481 -0.005066 -0.000504 0.000535 0.000079 1.000000
9.419783 -0.005161 -0.014204 -0.006593 -0.000475 0.000320 -0.000108 1.000000
9.427648 -0.005566 -0.014394 -0.002962 -0.000418 0.000286 -0.000078 1.000000
9.442428 -0.005743 -0.014013 -0.004928 -0.000425 0.000302 0.000085 1.000000
9.469132 -0.007014 -0.014918 -0.004853 -0.000465 0.000388 0.000046 1.000000
9.477253 -0.008828 -0.015509 -0.004605 -0.000487 0.000483 0.000104 1.000000
9.494523 -0.008898 -0.013242 -0.008017 -0.000430 0.000569 -0.000091 1.000000
9.522039 -0.008888 -0.009728 -0.004155 -0.000163 0.000540 0.000157 1.000000
9.530190 -0.007892 -0.014066 -0.008771 -0.000461 0.000498 -0.000021 1.000000
9.552297 -0.005730 -0.012146 -0.004620 -0.000333 0.000388 0.000024 1.000000
9.562757 -0.008015 -0.016125 -0.004739 -0.000552 0.000465 0.000240 1.000000
9.578494 -0.011289 -0.011691 -0.004311 -0.000259 0.000720 -0.000115 1.000000
9.594634 -0.006754 -0.017496 -0.005979 -0.000623 0.000419 -0.000031 1.000000
9.605401 -0.006340 -0.015158 -0.009037 -0.000517 0.000405 -0.000169 1.000000
9.622782 -0.007404 -0.018652 -0.005291 -0.000704 0.000433 -0.000159 1.000000
9.637690 -0.005270 -0.012865 -0.008477 -0.000402 0.000291 0.000047 1.000000
9.658480 -0.007837 -0.015737 -0.008584 -0.000576 0.000448 -0.000030 1.000000
9.675611 -0.005627 -0.015578 -0.010055 -0.000594 0.000376 -0.000013 1.000000
9.698612 -0.011386 -0.013503 -0.006548 -0.000402 0.000693 0.000060 1.000000
9.708881 -0.005972 -0.014946 -0.004850 -0.000475 0.000340 0.000034 1.000000
9.734661 -0.006572 -0.014549 -0.006779 -0.000473 0.000406 -0.000029 1.000000
9.742832 -0.006032 -0.019103 -0.007957 -0.000720 0.000397 -0.000033 1.000000
9.768164 -0.006739 -0.012017 -0.004553 -0.000299 0.000423 -0.000044 1.000000
9.775402 -0.009239 -0.014998 -0.007863 -0.000551 0.000594 -0.000127 1.000000
9.791034 -0.009005 -0.015938 -0.002254 -0.000471 0.000536 -0.000182 1.000000
9.806117 -0.010919 -0.013172 -0.004743 -0.000368 0.000603 0.000007 1.000000
9.835119 -0.006203 -0.015285 -0.007713 -0.000482 0.000396 0.000042 1.000000
9.843548 -0.008637 -0.016009 -0.008997 -0.000528 0.000550 -0.000140 1.000000
9.857695 -0.006923 -0.010697 -0.003251 -0.000146 0.000473 -0.000232 1.000000
9.875698 -0.008131 -0.014975 -0.003251 -0.000416 0.000508 -0.000074 1.000000
9.886679 -0.006919 -0.015102 -0.005024 -0.000449 0.000456 -0.000159 1.000000
9.902645 -0.005985 -0.015316 -0.004025 -0.000435 0.000396 -0.000240 1.000000
9.919374 -0.009594 -0.014274 -0.004068 -0.000380 0.000642 -0.000095 1.000000
9.941634 -0.005432 -0.015348 -0.007213 -0.000485 0.000342 -0.000224 1.000000
9.952927 -0.009592 -0.017886 -0.006881 -0.000610 0.000618 -0.000148 1.000000
9.976438 -0.008591 -0.016910 -0.009875 -0.000606 0.000499 -0.000061 1.000000
9.983281 -0.008407 -0.014552 -0.002111 -0.000353 0.000524 -0.000167 1.000000
10.004304 -0.006505 -0.014894 -0.007432 -0.000499 0.000428 -0.000139 1.000000
10.026179 -0.006666 -0.014563 -0.005478 -0.000392 0.000431 -0.000114 1.000000
10.033344 -0.008226 -0.015664 -0.005766 -0.000518 0.000490 -0.000219 1.000000
10.050797 -0.006248 -0.012075 -0.007130 -0.000292 0.000353 -0.000315 1.000000
10.080308 -0.007292 -0.012516 -0.008800 -0.000288 0.000365 0.000183 1.000000
10.091627 -0.006318 -0.016963 -0.004970 -0.000568 0.000355 -0.000047 1.000000
10.109567 -0.006283 -0.015832 -0.004634 -0.000493 0.000327 0.000232 1.000000
10.118612 -0.008313 -0.014058 -0.005637 -0.000409 0.000464 0.000088 1.000000
10.131106 -0.007117 -0.011262 -0.005429 -0.000235 0.000397 0.000008 1.000000
10.155048 -0.005741 -0.012713 -0.007195 -0.000367 0.000296 -0.000007 1.000000
10.164487 -0.006322 -0.014320 -0.005852 -0.000464 0.000414 0.000113 1.000000
10.182139 -0.007445 -0.014445 -0.004525 -0.000389 0.000411 0.000104 1.000000
10.197388 -0.008895 -0.014161 -0.009813 -0.000432 0.000524 0.000110 1.000000
10.225778 -0.007381 -0.015091 -0.005677 -0.000490 0.000415 0.000121 1.000000
10.232861 -0.007012 -0.015674 -0.006145 -0.000490 0.000452 -0.000123 1.000000
10.257314 -0.009021 -0.013294 -0.002964 -0.000370 0.000504 0.000000 1.000000
10.269184 -0.007582 -0.013830 -0.005756 -0.000375 0.000476 -0.000116 1.000000
10.279923 -0.007208 -0.010626 -0.007511 -0.000193 0.000421 0.000032 1.000000
10.298446 -0.006805 -0.014930 -0.005726 -0.000456 0.000303 0.000143 1.000000
10.310546 -0.007074 -0.015789 -0.005431 -0.000534 0.000381 0.000039 1.000000
10.329178 -0.006911 -0.017329 -0.002242 -0.000525 0.000374 0.000249 1.000000
10.347366 -0.008288 -0.016496 -0.003347 -0.000553 0.000500 0.000238 1.000000
10.360257 -0.012538 -0.013900 -0.001455 -0.000367 0.000844 0.000832 0.999999
10.382880 -0.002709 -0.008091 -0.004192 0.000052 0.000457 0.001570 0.999999
10.406519 -0.018599 0.000670 -0.001898 0.000521 0.001565 0.002854 0.999995
10.414916 -0.005769 -0.002789 0.001759 0.000091 0.000951 0.004162 0.999991
10.430940 -0.006339 -0.011180 -0.009196 -0.000923 0.001087 0.006383 0.999979
10.443918 -0.003534 -0.008856 -0.006271 -0.001019 0.001014 0.008400 0.999964
10.463223 -0.001967 -0.025499 -0.004401 -0.002308 0.001121 0.010250 0.999944
10.477462 -0.015876 -0.011623 -0.006225 -0.001704 0.001979 0.012261 0.999921
10.494036 -0.008831 -0.024112 -0.008415 -0.002803 0.001682 0.013951 0.999897
10.514850 0.001891 -0.023321 -0.005038 -0.002875 0.001112 0.015366 0.999877
10.529105 -0.013737 -0.023371 0.001386 -0.002943 0.002212 0.017208 0.999845
10.543315 -0.009061 -0.017583 -0.011566 -0.002840 0.002085 0.017774 0.999836
10.562510 0.011259 -0.021448 -0.004191 -0.003039 0.000949 0.018251 0.999828
10.579172 -0.006464 -0.038479 -0.008563 -0.004096 0.002149 0.019045 0.999808
10.593249 0.014380 -0.040891 -0.008509 -0.004117 0.000827 0.019523 0.999801
10.621428 0.006293 -0.045769 -0.005574 -0.004196 0.001544 0.019624 0.999797
10.628447 0.016137 -0.045456 -0.002219 -0.003852 0.001008 0.019235 0.999807
10.650805 0.010604 -0.061106 -0.011441 -0.004627 0.001356 0.019195 0.999804
10.657903 0.014955 -0.057726 -0.010497 -0.004003 0.001160 0.018503 0.999820
10.680075 0.092199 -0.144073 -0.023652 -0.009057 -0.003086 0.016734 0.999814
10.695407 0.123338 -0.164639 -0.029875 -0.009937 -0.004783 0.015358 0.999821
10.716417 0.120415 -0.163147 -0.034246 -0.009167 -0.004355 0.014214 0.999847
10.729286 0.119273 -0.164164 -0.028004 -0.008616 -0.004170 0.013535 0.999863
10.754483 0.145984 -0.169760 -0.032588 -0.008097 -0.005608 0.011945 0.999880
10.769745 0.138832 -0.165421 -0.030486 -0.007022 -0.005116 0.011445 0.999897
10.781033 0.174035 -0.199034 -0.034663 -0.008508 -0.007091 0.009594 0.999893
10.794594 0.170292 -0.190788 -0.022562 -0.006921 -0.006674 0.008696 0.999916
10.814206 0.159150 -0.179459 -0.018797 -0.005167 -0.005904 0.007843 0.999938
10.840721 0.209485 -0.236945 -0.027730 -0.008114 -0.008834 0.006091 0.999910
10.860216 0.200805 -0.243809 -0.029316 -0.007641 -0.008107 0.004961 0.999926
10.867668 0.211668 -0.264200 -0.028738 -0.008054 -0.008735 0.004417 0.999920
10.893404 0.202291 -0.276959 -0.036187 -0.007932 -0.007965 0.003305 0.999931
10.900826 0.197552 -0.276836 -0.028687 -0.006875 -0.007560 0.002646 0.999944
10.925720 0.199212 -0.277967 -0.030671 -0.006240 -0.007615 0.001902 0.999950
10.933581 0.178193 -0.253325 -0.020526 -0.003337 -0.006065 0.000733 0.999976
10.947622 0.164966 -0.248617 -0.020296 -0.002138 -0.005036 0.000074 0.999985
10.969198 0.186672 -0.280661 -0.017074 -0.003036 -0.006338 -0.001350 0.999974
10.977708 0.192931 -0.286413 -0.018511 -0.002538 -0.006577 -0.002252 0.999973
10.995365 0.195081 -0.283278 -0.012897 -0.001196 -0.006533 -0.002562 0.999975
11.022119 0.204003 -0.274274 -0.007395 0.000263 -0.006930 -0.003458 0.999970
11.040174 0.174031 -0.280390 -0.012610 0.000991 -0.004879 -0.003473 0.999982
11.052930 0.210770 -0.310059 -0.006052 0.000137 -0.007134 -0.004828 0.999963
11.075659 0.205316 -0.317939 -0.009213 0.000451 -0.006555 -0.005620 0.999963
11.083089 0.201959 -0.314541 -0.003521 0.001869 -0.006242 -0.005679 0.999963
11.103321 0.206796 -0.347381 -0.003203 0.000930 -0.006497 -0.006101 0.999960
11.114680 0.199443 -0.344023 0.002593 0.002136 -0.005794 -0.007024 0.999956
11.132286 0.195273 -0.342362 0.006828 0.003487 -0.005309 -0.007308 0.999953
11.156390 0.192645 -0.351704 0.002427 0.004074 -0.004950 -0.007772 0.999949
11.176455 0.183622 -0.341135 0.009077 0.005940 -0.004351 -0.008154 0.999940
11.185184 0.200246 -0.365302 0.011500 0.005502 -0.005143 -0.009056 0.999931
11.203430 0.240539 -0.370025 0.011296 0.006461 -0.007551 -0.009690 0.999904
11.217282 0.240441 -0.389004 0.005395 0.006304 -0.007440 -0.009660 0.999906
11.232350 0.229065 -0.398608 0.009105 0.006816 -0.006510 -0.010473 0.999901
11.245613 0.266996 -0.453207 0.005870 0.004335 -0.009012 -0.010484 0.999895
11.266038 0.269065 -0.471685 0.006069 0.004218 -0.009002 -0.010713 0.999893
11.280618 0.267944 -0.470311 0.008062 0.005544 -0.008827 -0.011479 0.999880
11.295859 0.278166 -0.462717 0.015999 0.007121 -0.009352 -0.011847 0.999861
11.316762 0.325296 -0.528290 0.010660 0.004173 -0.012317 -0.012271 0.999840
11.328984 0.293697 -0.482123 0.014714 0.008326 -0.010055 -0.012501 0.999837
11.359821 0.329313 -0.591580 0.005165 0.002092 -0.012392 -0.013185 0.999834
11.376319 0.313541 -0.559058 0.015864 0.005351 -0.011178 -0.013433 0.999833
11.384897 0.316072 -0.599933 0.007308 0.003755 -0.011283 -0.013317 0.999841
11.397931 0.310811 -0.582393 0.016356 0.005975 -0.010792 -0.013943 0.999827
11.415442 0.304790 -0.595989 0.011822 0.005896 -0.010348 -0.014091 0.999830
11.428634 0.312756 -0.632710 0.004336 0.004401 -0.010664 -0.014772 0.999824
11.454822 0.289298 -0.606776 0.013148 0.007136 -0.009065 -0.015195 0.999818
11.464373 0.333400 -0.640227 0.015128 0.005785 -0.011850 -0.015558 0.999792
11.487367 0.247290 -0.580277 0.017385 0.010673 -0.006094 -0.015563 0.999803
11.496679 0.235503 -0.636461 0.015985 0.007784 -0.005369 -0.015292 0.999838
11.510766 0.235726 -0.639787 0.012368 0.008234 -0.005334 -0.015808 0.999827
11.530997 0.201080 -0.649095 0.016949 0.008367 -0.002950 -0.016089 0.999831
11.557276 0.220262 -0.634237 0.018122 0.010173 -0.004062 -0.016637 0.999802
11.567487 0.171118 -0.635685 0.013085 0.010445 -0.000904 -0.016531 0.999808
11.591459 0.177254 -0.668596 0.006417 0.008967 -0.001288 -0.016560 0.999822
11.603504 0.180711 -0.674583 0.011484 0.009344 -0.001473 -0.016831 0.999814
11.618826 0.168669 -0.677965 0.016812 0.009836 -0.000602 -0.016835 0.999810
11.631984 0.245764 -0.742831 0.012915 0.006267 -0.005569 -0.017200 0.999817
11.654434 0.163237 -0.732433 0.012727 0.007588 -0.000381 -0.015893 0.999845
11.662765 0.171588 -0.749628 0.013277 0.007123 -0.000829 -0.015907 0.999848
11.683810 0.182411 -0.782670 0.017858 0.005743 -0.001564 -0.015945 0.999855
11.709790 0.173563 -0.728534 0.018963 0.009852 -0.000912 -0.015965 0.999824
11.718012 0.176321 -0.771013 0.016786 0.007654 -0.001154 -0.015163 0.999855
11.745966 0.146793 -0.809653 0.009972 0.005506 0.000751 -0.014805 0.999875
11.755738 0.131122 -0.805316 0.011839 0.006291 0.001743 -0.014786 0.999869
11.767323 0.142581 -0.773713 0.023555 0.009032 0.000946 -0.014532 0.999853
11.783733 0.154554 -0.784405 0.020857 0.009047 0.000181 -0.014087 0.999860
11.803356 0.155605 -0.776741 0.023669 0.010093 0.000107 -0.013971 0.999851
11.818601 0.148026 -0.792911 0.019307 0.009727 0.000591 -0.013410 0.999863
11.844800 0.135778 -0.836368 0.007571 0.007352 0.001317 -0.013497 0.999881
11.854795 0.134255 -0.835653 0.012838 0.008016 0.001342 -0.013274 0.999879
11.867361 0.117811 -0.859301 0.005873 0.007009 0.002351 -0.012630 0.999893
11.882067 0.131976 -0.869758 0.006691 0.006909 0.001331 -0.012252 0.999900
11.898037 0.137700 -0.859852 0.006088 0.008146 0.001034 -0.011980 0.999894
11.914216 0.118091 -0.861526 0.001384 0.008657 0.002181 -0.011560 0.999893
11.933411 0.148324 -0.885873 0.008481 0.007681 0.000150 -0.011290 0.999907
11.956284 0.164807 -0.938125 0.009036 0.005085 -0.000966 -0.010275 0.999934
11.975862 0.158369 -0.948567 0.001982 0.004925 -0.000643 -0.009933 0.999938
11.985815 0.139129 -0.942013 0.004845 0.006043 0.000519 -0.009416 0.999937
12.010696 0.132601 -0.911212 0.012242 0.008872 0.000923 -0.008951 0.999920
12.019145 0.150332 -0.953960 0.005512 0.006585 -0.000301 -0.009009 0.999938
12.041862 0.146507 -1.015394 0.003011 0.003295 -0.000225 -0.008146 0.999961
12.050067 0.147134 -0.945496 0.010360 0.008567 -0.000376 -0.007667 0.999934
12.068595 0.148027 -0.985784 0.010864 0.006783 -0.000592 -0.007354 0.999950
12.082303 0.126349 -0.998532 0.000345 0.006660 0.000840 -0.006965 0.999953
12.100014 0.112770 -1.004650 0.004695 0.006890 0.001590 -0.006682 0.999953
12.115835 0.108305 -1.008137 -0.001736 0.007332 0.001742 -0.005945 0.999954
12.144464 0.150455 -1.037815 0.002060 0.006213 -0.001046 -0.005639 0.999964
12.154588 0.154930 -1.048805 0.006105 0.006201 -0.001502 -0.005337 0.999965
12.169747 0.129552 -1.037574 0.003218 0.007617 0.000116 -0.005273 0.999957
12.183169 0.134472 -1.043671 -0.001090 0.007832 -0.000315 -0.004884 0.999957
12.209737 0.120416 -1.045094 -0.004627 0.008507 0.000505 -0.004703 0.999953
12.219842 0.111517 -1.040119 -0.007679 0.009531 0.000947 -0.004861 0.999942
12.244483 0.139945 -1.085799 -0.006330 0.007123 -0.000917 -0.004365 0.999965
12.261075 0.144991 -1.096644 -0.006363 0.007030 -0.001437 -0.004165 0.999966
12.273777 0.135783 -1.117414 -0.006382 0.006407 -0.000930 -0.003847 0.999972
12.291027 0.126493 -1.131371 -0.012718 0.006023 -0.000473 -0.003849 0.999974
12.309866 0.123426 -1.142628 -0.014998 0.005849 -0.000395 -0.003799 0.999976
12.318762 0.146211 -1.157726 -0.012601 0.005332 -0.001972 -0.003633 0.999977
12.334365 0.130524 -1.177669 -0.016462 0.004560 -0.001063 -0.003471 0.999983
12.349559 0.142088 -1.200157 -0.011446 0.003704 -0.001846 -0.003420 0.999986
12.365366 0.135066 -1.211129 -0.013182 0.003356 -0.001557 -0.002997 0.999989
12.391123 0.130380 -1.222678 -0.019290 0.003204 -0.001359 -0.002764 0.999990
12.400900 0.114269 -1.200930 -0.022344 0.005186 -0.000433 -0.002808 0.999982
12.418642 0.102352 -1.179694 -0.020919 0.006946 0.000296 -0.002476 0.999973
12.435427 0.122900 -1.192707 -0.026631 0.006553 -0.001263 -0.002380 0.999975
12.452628 0.056504 -1.207472 -0.027448 0.006104 0.002834 -0.002045 0.999975
12.478983 0.109986 -1.262642 -0.032238 0.003132 -0.000655 -0.001559 0.999994
12.490347 0.121180 -1.196032 -0.021959 0.007946 -0.001574 -0.001419 0.999966
12.511390 0.070239 -1.221196 -0.020028 0.006829 0.001487 -0.001016 0.999975
12.521586 0.069219 -1.258781 -0.022607 0.004825 0.001458 -0.000726 0.999987
12.541881 0.068818 -1.205146 -0.025917 0.008821 0.001290 -0.000231 0.999960
12.552799 0.064297 -1.282252 -0.027354 0.004274 0.001488 -0.000629 0.999990
12.566809 0.095119 -1.212831 -0.025586 0.009286 -0.000467 -0.000688 0.999957
12.579222 0.062973 -1.248790 -0.036208 0.007293 0.001428 0.000310 0.999972
12.596316 0.088689 -1.194217 -0.027708 0.011388 -0.000522 0.000242 0.999935
12.617976 0.080717 -1.283921 -0.034926 0.006185 -0.000063 0.000820 0.999981
12.631832 0.069980 -1.290459 -0.032607 0.006007 0.000447 0.001128 0.999981
12.653860 0.066199 -1.290488 -0.026947 0.006504 0.000496 0.002072 0.999977
12.665134 0.073431 -1.317601 -0.030316 0.005219 -0.000050 0.002290 0.999984
12.684340 0.072096 -1.327335 -0.030519 0.004983 -0.000024 0.002178 0.999985
12.704614 0.092552 -1.303411 -0.031203 0.006976 -0.001398 0.002897 0.999970
12.713870 0.063700 -1.335800 -0.033579 0.005260 0.000287 0.003155 0.999981
12.733413 0.061094 -1.313619 -0.039326 0.007002 0.000381 0.003870 0.999968
12.746148 0.061604 -1.359112 -0.034608 0.004531 0.000270 0.004100 0.999981
12.765364 0.058247 -1.339146 -0.040163 0.006225 0.000306 0.004308 0.999971
12.786149 0.034023 -1.322466 -0.039849 0.007713 0.001885 0.004544 0.999958
12.799467 0.057464 -1.360078 -0.038955 0.005554 0.000214 0.004621 0.999974
12.811399 0.038793 -1.353168 -0.040386 0.006338 0.001325 0.005006 0.999967
12.833076 0.023194 -1.369330 -0.043330 0.005674 0.002112 0.005158 0.999968
12.850682 0.024258 -1.360915 -0.043041 0.006433 0.001920 0.005674 0.999961
12.872015 0.029785 -1.358470 -0.039356 0.006946 0.001438 0.005407 0.999960
12.892335 0.018335 -1.379189 -0.041043 0.005924 0.002039 0.005726 0.999964
12.906124 0.013814 -1.380899 -0.044723 0.006197 0.002256 0.006223 0.999959
12.925376 0.005410 -1.378210 -0.045025 0.006742 0.002830 0.006326 0.999953
12.944669 0.017753 -1.405143 -0.046756 0.005367 0.001897 0.006224 0.999964
12.955109 0.012098 -1.379782 -0.051249 0.007290 0.002045 0.006570 0.999950
12.962914 0.018721 -1.382514 -0.049796 0.007407 0.001575 0.006225 0.999952
12.988524 0.012947 -1.421408 -0.053104 0.005196 0.001859 0.006291 0.999965
12.998521 0.011798 -1.419828 -0.051321 0.005532 0.001827 0.006202 0.999964
13.017545 0.004776 -1.453481 -0.055844 0.003547 0.002254 0.006267 0.999972
13.035597 -0.002981 -1.459848 -0.059599 0.003458 0.002589 0.006300 0.999971
13.047801 -0.010297 -1.444875 -0.056053 0.004719 0.003059 0.006458 0.999963
13.064796 -0.018191 -1.443561 -0.052969 0.005093 0.003409 0.006360 0.999961
13.081801 -0.005257 -1.425296 -0.058297 0.006550 0.002557 0.006381 0.999955
13.108288 0.003452 -1.451470 -0.056764 0.005232 0.001906 0.006432 0.999964
13.115923 -0.002157 -1.435283 -0.059929 0.006568 0.002219 0.006184 0.999957
13.143701 -0.005132 -1.431052 -0.058180 0.007141 0.002328 0.006432 0.999951
13.161024 0.005002 -1.455539 -0.059944 0.005698 0.001731 0.006516 0.999961
13.169642 -0.006551 -1.452260 -0.062586 0.006179 0.002463 0.005870 0.999961
13.188511 -0.019107 -1.454227 -0.066672 0.006318 0.003193 0.005893 0.999958
13.206409 -0.007666 -1.474844 -0.063844 0.005242 0.002329 0.006090 0.999965
13.220294 -0.009460 -1.447967 -0.063778 0.007342 0.002415 0.005979 0.999952
13.234972 -0.027177 -1.509316 -0.066801 0.003950 0.003533 0.006032 0.999968
13.248579 -0.031849 -1.532019 -0.070858 0.002688 0.003729 0.005779 0.999973
13.265396 -0.046173 -1.540254 -0.075342 0.002448 0.004691 0.005992 0.999968
13.294475 0.009783 -1.543820 -0.073415 0.002475 0.001021 0.005735 0.999980
13.302272 0.017524 -1.542725 -0.070380 0.002727 0.000475 0.005712 0.999980
13.325093 -0.038019 -1.569559 -0.071909 0.001317 0.004008 0.005125 0.999978
13.335160 -0.013006 -1.555697 -0.077447 0.002342 0.002298 0.004951 0.999982
13.349373 -0.028542 -1.562688 -0.074640 0.002088 0.003274 0.005117 0.999979
13.364956 -0.024989 -1.585647 -0.079001 0.000834 0.003069 0.005159 0.999982
13.383503 -0.014471 -1.572471 -0.076322 0.001895 0.002416 0.004942 0.999983
13.398053 -0.041431 -1.569347 -0.079008 0.002214 0.004098 0.004919 0.999977
13.414100 -0.034508 -1.572349 -0.080212 0.002125 0.003610 0.004953 0.999979
13.441453 -0.043639 -1.572992 -0.083111 0.002192 0.004114 0.004625 0.999978
13.452191 -0.043424 -1.582337 -0.084418 0.001725 0.004142 0.004378 0.999980
13.463720 -0.039473 -1.574460 -0.078637 0.002379 0.003797 0.004881 0.999978
13.478886 -0.039171 -1.579529 -0.083287 0.002224 0.003802 0.004659 0.999979
13.505495 -0.024723 -1.576108 -0.079464 0.002601 0.002898 0.004629 0.999982
13.516453 -0.033974 -1.583113 -0.087860 0.002242 0.003504 0.004743 0.999980
13.543875 -0.041235 -1.575574 -0.086322 0.002861 0.003832 0.004664 0.999978
13.553195 -0.022946 -1.597106 -0.083740 0.001639 0.002660 0.004171 0.999986
13.570624 -0.048283 -1.585214 -0.085991 0.002492 0.004336 0.003864 0.999980
13.578539 -0.031861 -1.587286 -0.087205 0.002480 0.003261 0.003752 0.999985
13.597596 -0.038306 -1.580743 -0.089733 0.003086 0.003777 0.004025 0.999980
13.611005 -0.041670 -1.581225 -0.087511 0.003283 0.003931 0.003544 0.999981
13.633382 -0.044805 -1.588772 -0.082116 0.003111 0.004098 0.003091 0.999982
13.648833 -0.037298 -1.590592 -0.086940 0.003036 0.003623 0.003157 0.999984
13.666535 -0.036754 -1.595573 -0.093479 0.002924 0.003609 0.003216 0.999984
13.679605 -0.038979 -1.598907 -0.095044 0.003002 0.003852 0.003172 0.999983
13.696484 -0.042955 -1.593508 -0.090193 0.003643 0.004079 0.002796 0.999981
13.723471 -0.033508 -1.619393 -0.097403 0.002172 0.003505 0.002965 0.999987
13.734066 -0.038810 -1.591732 -0.099017 0.004239 0.003831 0.002526 0.999981
13.747843 -0.041363 -1.593217 -0.099760 0.004356 0.004123 0.002279 0.999979
13.766481 -0.025557 -1.624800 -0.101607 0.002560 0.003172 0.002334 0.999989
13.777779 -0.045965 -1.587719 -0.095739 0.005234 0.004539 0.002227 0.999974
13.800488 -0.044708 -1.592425 -0.093786 0.005190 0.004446 0.001995 0.999975
13.817572 -0.030635 -1.586231 -0.093430 0.005928 0.003649 0.001557 0.999975
13.840652 -0.012448 -1.592664 -0.092795 0.005904 0.002445 0.001696 0.999978
13.849383 -0.016961 -1.602209 -0.096903 0.005599 0.002725 0.001859 0.999979
13.875265 -0.014897 -1.590270 -0.092134 0.006588 0.002650 0.001738 0.999973
13.883253 -0.034613 -1.579958 -0.086108 0.007752 0.003898 0.001553 0.999961
13.897587 -0.054049 -1.577219 -0.083707 0.008244 0.005141 0.001968 0.999951
13.922281 -0.030077 -1.595868 -0.090141 0.007354 0.003569 0.001715 0.999965
13.941916 -0.032418 -1.580100 -0.087235 0.008668 0.003737 0.002175 0.999953
13.959855 -0.036198 -1.593598 -0.085638 0.008117 0.004019 0.001920 0.999957
13.969352 -0.048087 -1.592175 -0.089975 0.008595 0.004797 0.001995 0.999950
13.982789 -0.037848 -1.588742 -0.088943 0.009106 0.004135 0.002047 0.999948
14.007590 -0.028888 -1.604682 -0.090553 0.008496 0.003614 0.002183 0.999955
14.015495 -0.017764 -1.629264 -0.089856 0.007286 0.002813 0.002000 0.999967
14.032777 -0.047627 -1.610701 -0.090433 0.008853 0.004869 0.002218 0.999946
14.048305 -0.035453 -1.610327 -0.089118 0.009159 0.004010 0.002870 0.999946
14.067409 -0.042476 -1.604033 -0.088666 0.009927 0.004419 0.002935 0.999937
14.092707 -0.041936 -1.627871 -0.092920 0.008671 0.004433 0.003014 0.999948
14.100882 -0.053233 -1.607103 -0.092677 0.010504 0.005200 0.003272 0.999926
14.116385 -0.030195 -1.601447 -0.096746 0.011140 0.003721 0.003448 0.999925
14.141471 -0.046607 -1.623714 -0.095011 0.009952 0.004761 0.003741 0.999932
14.154949 -0.045982 -1.610337 -0.096137 0.011123 0.004782 0.004149 0.999918
14.172894 -0.048609 -1.613135 -0.090184 0.011322 0.004842 0.003694 0.999917
14.184827 -0.033996 -1.611056 -0.093602 0.011679 0.003939 0.004337 0.999915
14.201483 -0.036646 -1.615708 -0.095124 0.011651 0.004084 0.004120 0.999915
14.218287 -0.042792 -1.604279 -0.096080 0.012558 0.004389 0.004465 0.999902
14.247300 -0.039005 -1.612979 -0.095304 0.012562 0.004192 0.004542 0.999902
14.258994 -0.034388 -1.619323 -0.096962 0.012235 0.003876 0.004382 0.999908
14.267529 -0.048441 -1.610980 -0.098118 0.013001 0.004892 0.004943 0.999891
14.282343 -0.003563 -1.643493 -0.100420 0.011120 0.001870 0.005087 0.999923
14.301644 -0.020448 -1.640394 -0.094536 0.011495 0.002923 0.005042 0.999917
14.313127 -0.031260 -1.641122 -0.097769 0.011562 0.003672 0.005182 0.999913
14.343881 -0.053032 -1.626774 -0.099704 0.012707 0.005002 0.005370 0.999892
14.353883 -0.048143 -1.620870 -0.092332 0.013262 0.004635 0.005394 0.999887
14.376085 -0.053658 -1.614019 -0.093089 0.013848 0.005009 0.005361 0.999877
14.385494 -0.021670 -1.654111 -0.094993 0.011407 0.002986 0.005500 0.999915
14.415369 -0.022036 -1.655163 -0.096795 0.011352 0.003043 0.005660 0.999915
14.427308 -0.040247 -1.646032 -0.097624 0.012012 0.004217 0.005858 0.999902
14.442912 -0.046768 -1.646764 -0.097665 0.012019 0.004615 0.005993 0.999899
14.461264 -0.051267 -1.650469 -0.099801 0.011775 0.004909 0.005917 0.999901
14.473374 -0.054735 -1.658691 -0.100441 0.011316 0.005157 0.006269 0.999903
14.490649 -0.061620 -1.643462 -0.097823 0.012264 0.005616 0.006675 0.999887
14.505560 -0.050070 -1.663485 -0.101841 0.010948 0.004982 0.006806 0.999904
14.521563 -0.038155 -1.668188 -0.102762 0.010588 0.004303 0.006553 0.999913
14.536842 -0.046644 -1.682728 -0.098752 0.009675 0.004797 0.006573 0.999920
14.561247 -0.045753 -1.673532 -0.094596 0.010186 0.004686 0.006751 0.999914
14.570527 -0.043284 -1.668488 -0.097807 0.010520 0.004625 0.006934 0.999910
14.584712 -0.041884 -1.668141 -0.098234 0.010470 0.004505 0.007015 0.999910
14.599714 -0.042663 -1.681074 -0.097801 0.009708 0.004581 0.006850 0.999919
14.616331 -0.059249 -1.646517 -0.094743 0.011876 0.005701 0.006795 0.999890
14.641983 -0.044270 -1.650239 -0.099975 0.011486 0.004765 0.006644 0.999901
14.654404 -0.051282 -1.679983 -0.097834 0.009588 0.005289 0.006687 0.999918
14.666382 -0.058191 -1.651833 -0.093958 0.011335 0.005765 0.006587 0.999897
14.682195 -0.053489 -1.656411 -0.091946 0.011042 0.005480 0.006521 0.999903
14.697836 -0.022585 -1.655137 -0.094520 0.011099 0.003530 0.006527 0.999911
14.717422 -0.019196 -1.668687 -0.094190 0.010332 0.003312 0.006485 0.999920
14.738632 -0.021861 -1.646753 -0.091912 0.011705 0.003536 0.006311 0.999905
14.751795 -0.023146 -1.657556 -0.095783 0.011037 0.003661 0.006588 0.999911
14.773805 -0.026076 -1.639394 -0.089478 0.012195 0.003894 0.006498 0.999897
14.788130 -0.017699 -1.674034 -0.091182 0.009908 0.003387 0.006242 0.999926
14.811522 -0.016147 -1.671461 -0.092566 0.010055 0.003341 0.006327 0.999924
14.821020 -0.051270 -1.660281 -0.090472 0.010736 0.005700 0.006058 0.999908
14.838616 -0.068250 -1.659029 -0.091833 0.010791 0.006887 0.005806 0.999901
14.864600 -0.041886 -1.645938 -0.089724 0.011651 0.005283 0.005650 0.999902
14.880812 -0.044632 -1.655796 -0.093711 0.010941 0.005485 0.005609 0.999909
14.904012 0.001300 -1.673484 -0.089544 0.009617 0.002698 0.005649 0.999934
14.914918 0.015910 -1.708521 -0.097025 0.007240 0.001896 0.005134 0.999959
14.927530 -0.028116 -1.646203 -0.092317 0.011166 0.004719 0.005236 0.999913
14.954863 -0.023427 -1.672828 -0.093063 0.009283 0.004450 0.004754 0.999936
14.963848 -0.006617 -1.699017 -0.091736 0.007616 0.003475 0.004797 0.999953
14.983964 -0.000841 -1.685353 -0.089617 0.008352 0.003286 0.004835 0.999948
15.008549 -0.002186 -1.672240 -0.081329 0.009133 0.003431 0.004531 0.999942
15.017364 0.034882 -1.702927 -0.085075 0.007089 0.001187 0.004389 0.999965
15.032548 -0.030765 -1.705240 -0.086619 0.006850 0.005527 0.004116 0.999953
15.047840 -0.009010 -1.716362 -0.090023 0.006035 0.004150 0.003865 0.999966
15.068439 -0.010538 -1.676990 -0.082845 0.008568 0.004367 0.003840 0.999946
15.090859 -0.016627 -1.692138 -0.081938 0.007803 0.004848 0.003623 0.999951
15.103256 -0.013181 -1.674244 -0.082536 0.009021 0.004825 0.003431 0.999942
15.119862 0.002819 -1.703974 -0.082991 0.007361 0.003954 0.003086 0.999960
15.137776 -0.023167 -1.701370 -0.083162 0.007562 0.005680 0.003041 0.999951
15.163197 -0.017588 -1.687729 -0.082622 0.008600 0.005420 0.002686 0.999945
15.175700 -0.017320 -1.682820 -0.083127 0.008866 0.005554 0.002628 0.999942
15.199321 -0.015760 -1.708075 -0.083814 0.007525 0.005565 0.002188 0.999954
15.217924 -0.002338 -1.703781 -0.079679 0.007921 0.004799 0.001854 0.999955
15.238430 0.028049 -1.727489 -0.080237 0.006519 0.002941 0.001773 0.999973
15.253611 0.001222 -1.694805 -0.083748 0.008685 0.004729 0.001888 0.999949
15.283197 0.006351 -1.698755 -0.083969 0.008595 0.004604 0.001999 0.999950
15.301224 0.036671 -1.706196 -0.079631 0.008293 0.002744 0.001471 0.999961
15.310609 0.086572 -1.729527 -0.077445 0.006986 -0.000329 0.001205 0.999975
15.341002 0.060323 -1.733222 -0.077903 0.006849 0.001468 0.001357 0.999975
15.354107 0.059524 -1.737872 -0.083197 0.006537 0.001576 0.001137 0.999977
15.375371 0.061106 -1.735560 -0.075737 0.006897 0.001621 0.001042 0.999974
15.391436 0.029289 -1.731507 -0.077466 0.007179 0.003842 0.000801 0.999967
15.408727 0.030719 -1.734822 -0.073201 0.007262 0.003844 0.000971 0.999966
15.421539 0.045415 -1.743621 -0.073426 0.006754 0.003115 0.000850 0.999972
15.439995 0.070005 -1.729360 -0.076212 0.007814 0.001606 0.000708 0.999968
15.455551 0.057013 -1.721737 -0.069459 0.008585 0.002606 0.001053 0.999959
15.482218 0.057446 -1.714129 -0.062460 0.009281 0.002689 0.000918 0.999953
15.491367 0.078864 -1.741831 -0.067087 0.007835 0.001498 0.000863 0.999968
15.504370 0.050139 -1.748790 -0.067322 0.007453 0.003435 0.000349 0.999966
15.532331 0.056977 -1.737480 -0.061621 0.008384 0.003069 0.000370 0.999960
15.542942 0.050955 -1.718420 -0.061316 0.009919 0.003652 0.000550 0.999944
15.555449 0.040539 -1.714080 -0.060761 0.010373 0.004325 0.000458 0.999937
15.579893 0.034145 -1.741475 -0.058330 0.008884 0.004886 0.000876 0.999948
15.624752 0.036330 -1.727697 -0.057071 0.010095 0.004907 0.000897 0.999937
15.689982 0.061505 -1.746038 -0.055688 0.009422 0.003532 0.000702 0.999949
15.708932 0.048978 -1.744876 -0.054789 0.009787 0.004455 0.000859 0.999942
15.722773 0.067238 -1.738703 -0.050751 0.010475 0.003561 0.000662 0.999939
15.743778 0.074758 -1.741998 -0.049295 0.010353 0.003161 0.000458 0.999941
15.752509 0.056897 -1.733655 -0.051512 0.011078 0.004392 0.000103 0.999929
15.767986 0.045401 -1.743123 -0.053877 0.010723 0.005208 0.000677 0.999929
15.790354 0.061207 -1.761662 -0.046824 0.009871 0.004353 0.001099 0.999941
15.800471 0.040860 -1.739629 -0.047363 0.011406 0.005794 0.000821 0.999918
15.813399 0.041729 -1.758088 -0.047353 0.010373 0.005790 0.000613 0.999929
15.834883 0.052391 -1.777185 -0.042312 0.009440 0.005188 0.000510 0.999942
15.846567 0.075163 -1.783113 -0.042259 0.009347 0.003888 0.000559 0.999949
15.864686 0.051249 -1.747496 -0.039580 0.011748 0.005554 0.000552 0.999915
15.883459 0.075295 -1.767854 -0.035525 0.010676 0.004163 0.000231 0.999934
15.897653 0.053627 -1.758376 -0.038902 0.011394 0.005655 0.000044 0.999919
15.914442 0.016879 -1.746597 -0.038544 0.012358 0.008202 0.000276 0.999890
15.931817 0.041481 -1.752541 -0.037430 0.012172 0.006714 0.000450 0.999903
15.946350 0.053057 -1.755195 -0.039386 0.012219 0.005999 0.000183 0.999907
15.961096 0.050249 -1.758124 -0.038182 0.012202 0.006313 -0.000117 0.999906
15.980350 0.081263 -1.755135 -0.037081 0.012642 0.004522 -0.000290 0.999910
16.008934 0.031725 -1.742516 -0.036820 0.013605 0.007750 -0.000395 0.999877
16.018993 0.030386 -1.750753 -0.034131 0.013331 0.007965 -0.000760 0.999879
16.043100 0.059119 -1.741353 -0.037457 0.014039 0.006047 -0.000847 0.999883
16.054901 0.061401 -1.742534 -0.029576 0.014125 0.005996 -0.001339 0.999881
16.065292 0.066706 -1.736499 -0.030538 0.014620 0.005789 -0.001345 0.999875
16.081768 0.061063 -1.734478 -0.023451 0.014930 0.006402 -0.001666 0.999867
16.100475 0.062437 -1.720467 -0.022859 0.015950 0.006321 -0.001809 0.999851
16.114897 0.044654 -1.728009 -0.022795 0.015406 0.007591 -0.002012 0.999850
16.145548 0.046932 -1.719394 -0.024850 0.015916 0.007494 -0.001847 0.999844
16.158270 0.047136 -1.726299 -0.022071 0.015283 0.007580 -0.002065 0.999852
16.177588 0.090881 -1.730261 -0.022179 0.014737 0.004880 -0.002378 0.999877
16.186956 0.054133 -1.732597 -0.018131 0.014552 0.007254 -0.002413 0.999865
16.200876 0.054807 -1.739576 -0.014872 0.014028 0.007313 -0.002619 0.999871
16.215971 0.056523 -1.742138 -0.017133 0.013691 0.007334 -0.002718 0.999876
16.239861 0.041759 -1.744204 -0.014366 0.013612 0.008334 -0.003046 0.999868
16.251995 0.043555 -1.741937 -0.013252 0.013839 0.008258 -0.003270 0.999865
16.274658 0.040642 -1.739245 -0.017575 0.013913 0.008557 -0.003530 0.999860
16.285122 0.046823 -1.742386 -0.015673 0.013880 0.008156 -0.003745 0.999863
16.310650 0.038421 -1.743534 -0.011467 0.013895 0.008790 -0.004024 0.999857
16.321392 0.048478 -1.728475 -0.015749 0.015017 0.008252 -0.004290 0.999844
16.347822 0.052090 -1.737250 -0.010719 0.014638 0.008060 -0.004765 0.999849
16.358515 0.060941 -1.744629 -0.013114 0.014264 0.007550 -0.004708 0.999859
16.371475 0.061506 -1.736881 -0.012598 0.014987 0.007597 -0.005248 0.999845
16.385298 0.049144 -1.732783 -0.005958 0.015515 0.008375 -0.005566 0.999829
16.401705 0.080785 -1.723278 -0.001262 0.016384 0.006482 -0.005772 0.999828
16.430061 0.062997 -1.733564 -0.001983 0.016045 0.007555 -0.006518 0.999821
16.442190 0.064357 -1.735582 0.003543 0.016231 0.007537 -0.006463 0.999819
16.457350 0.078096 -1.711918 -0.000392 0.017880 0.006687 -0.006490 0.999797
16.472670 0.057077 -1.705476 0.000224 0.018424 0.008087 -0.006845 0.999774
16.484756 0.071088 -1.715934 0.004231 0.018058 0.007226 -0.007081 0.999786
16.503632 0.073095 -1.719714 0.004499 0.018004 0.007158 -0.007380 0.999785
16.530066 0.086307 -1.714615 0.004681 0.018450 0.006364 -0.007542 0.999781
16.542408 0.057752 -1.719138 0.003904 0.018330 0.008195 -0.008096 0.999766
16.562101 0.050537 -1.721841 0.000802 0.018346 0.008743 -0.008259 0.999759
16.569967 0.075523 -1.719003 0.006575 0.018717 0.007168 -0.008494 0.999763
16.582140 0.082210 -1.722757 0.010353 0.018601 0.006769 -0.008483 0.999768
16.598022 0.082306 -1.724928 0.008911 0.018611 0.006829 -0.008637 0.999766
16.620428 0.083304 -1.734036 0.010020 0.018031 0.006738 -0.008535 0.999778
16.639999 0.079467 -1.745434 0.005359 0.017300 0.006966 -0.008730 0.999788
16.657637 0.080545 -1.733393 0.009131 0.018080 0.006920 -0.008794 0.999774
16.670456 0.061105 -1.738879 0.008920 0.017765 0.008197 -0.008846 0.999769
16.684256 0.067025 -1.738829 0.017473 0.017742 0.007780 -0.008826 0.999773
16.703442 0.071766 -1.731780 0.013332 0.018062 0.007491 -0.008633 0.999772
16.718512 0.095269 -1.720062 0.014921 0.018842 0.006008 -0.008637 0.999767
16.730907 0.054911 -1.715889 0.006602 0.018744 0.008663 -0.008271 0.999753
16.749578 0.060209 -1.737870 0.007760 0.017192 0.008272 -0.008230 0.999784
16.769274 0.048776 -1.711086 0.014006 0.018791 0.008984 -0.007705 0.999753
16.784191 0.070945 -1.713961 0.014784 0.018278 0.007629 -0.007307 0.999777
16.804819 0.077996 -1.730346 0.014782 0.016993 0.007074 -0.006988 0.999806
16.825991 0.066638 -1.722092 0.015587 0.017257 0.007772 -0.006480 0.999800
16.842920 0.080331 -1.730248 0.012293 0.016342 0.006897 -0.005969 0.999825
16.860897 0.045301 -1.718604 0.012107 0.016668 0.009137 -0.005247 0.999806
16.875738 0.076834 -1.721826 0.009891 0.016038 0.007072 -0.004656 0.999836
16.892632 0.061652 -1.716925 0.004519 0.015826 0.008073 -0.003960 0.999834
16.910837 0.069926 -1.717956 0.007434 0.015263 0.007494 -0.003961 0.999848
16.919361 0.080532 -1.721290 0.007678 0.014534 0.006811 -0.003142 0.999866
16.934015 0.078502 -1.720824 0.011375 0.014050 0.006915 -0.002267 0.999875
16.949718 0.076447 -1.729544 0.008270 0.012968 0.007012 -0.001766 0.999890
16.977102 0.077782 -1.728169 0.003800 0.012614 0.007033 -0.001340 0.999895
16.987787 0.062556 -1.696326 0.003792 0.014255 0.007905 -0.000499 0.999867
17.010582 0.057182 -1.699974 0.006507 0.013521 0.008143 0.000105 0.999875
17.019011 0.052248 -1.705863 0.013717 0.012750 0.008502 0.000159 0.999883
17.045319 0.087637 -1.711568 0.012234 0.012049 0.006260 0.000550 0.999908
17.053337 0.063326 -1.717189 0.009630 0.011244 0.007739 0.000893 0.999906
17.074728 0.055954 -1.712910 0.012139 0.011411 0.008229 0.000951 0.999901
17.087179 0.047771 -1.705342 0.009675 0.011727 0.008781 0.001257 0.999892
17.103670 0.061900 -1.699430 0.009599 0.011986 0.007874 0.001580 0.999896
17.119387 0.056572 -1.691020 0.010780 0.012323 0.008186 0.001502 0.999889
17.135643 0.084919 -1.720039 0.008797 0.010452 0.006322 0.001699 0.999924
17.156158 0.062103 -1.716497 0.009114 0.010629 0.007816 0.001716 0.999911
17.168604 0.082472 -1.684814 0.012544 0.012551 0.006503 0.002222 0.999898
17.193798 0.064302 -1.706835 0.011278 0.011132 0.007661 0.001963 0.999907
17.209932 0.071534 -1.668199 0.016917 0.013777 0.007147 0.002089 0.999877
17.220352 0.077321 -1.683069 0.011738 0.012727 0.006759 0.002159 0.999894
17.233646 0.077254 -1.690436 0.014272 0.012243 0.006788 0.002108 0.999900
17.253345 0.057523 -1.714595 0.012202 0.010736 0.008158 0.002098 0.999907
17.266714 0.053318 -1.694084 0.012938 0.012074 0.008427 0.002088 0.999889
17.283434 0.084622 -1.671187 0.020533 0.013628 0.006347 0.001985 0.999885
17.303877 0.056955 -1.712897 0.010291 0.010882 0.008169 0.001874 0.999906
17.317139 0.036032 -1.688512 0.009662 0.012392 0.009429 0.001892 0.999877
17.329317 0.081315 -1.700886 0.013904 0.011682 0.006571 0.001930 0.999908
17.353228 0.081884 -1.712920 0.009974 0.010835 0.006614 0.001979 0.999917
17.363232 0.066524 -1.700301 0.011095 0.011631 0.007586 0.002007 0.999902
17.383278 0.059159 -1.703186 0.009263 0.011465 0.008025 0.002229 0.999900
17.404192 0.046257 -1.698007 0.012723 0.011723 0.008847 0.002295 0.999889
17.425077 0.080779 -1.646949 0.013153 0.014939 0.006569 0.002187 0.999864
17.435190 0.077490 -1.652849 0.009244 0.014521 0.006859 0.002485 0.999868
17.458118 0.058943 -1.679045 0.008801 0.012735 0.008051 0.002652 0.999883
17.467419 0.068834 -1.695860 0.006674 0.011517 0.007473 0.002585 0.999902
17.493576 0.064859 -1.673558 0.006206 0.013009 0.007681 0.002560 0.999883
17.501572 0.065776 -1.681053 0.006656 0.012432 0.007725 0.002551 0.999890
17.510498 0.065433 -1.677650 -0.000660 0.012505 0.007670 0.002590 0.999889
17.530304 0.067748 -1.705181 -0.001332 0.010610 0.007575 0.002722 0.999911
17.542992 0.064962 -1.705346 -0.004417 0.010545 0.007759 0.002787 0.999910
17.570848 0.053347 -1.699587 -0.004376 0.010920 0.008467 0.002945 0.999900
17.581917 0.065932 -1.688024 0.003231 0.011630 0.007636 0.002874 0.999899
17.597368 0.085684 -1.666644 0.006527 0.012939 0.006376 0.002911 0.999892
17.626009 0.073990 -1.679909 0.002864 0.012088 0.007123 0.002912 0.999897
17.643187 0.062571 -1.661825 0.006464 0.013166 0.007875 0.003075 0.999878
17.655855 0.058524 -1.661162 0.006056 0.013180 0.008145 0.003033 0.999875
17.673151 0.082021 -1.683120 0.004892 0.011675 0.006676 0.003240 0.999904
17.692204 0.066406 -1.656192 0.003951 0.013459 0.007604 0.002949 0.999876
17.709934 0.088205 -1.667348 0.004078 0.012632 0.006245 0.002951 0.999896
17.718842 0.073633 -1.625284 0.004272 0.015256 0.007238 0.002931 0.999853
17.746647 0.073759 -1.650243 -0.001782 0.013601 0.007212 0.002965 0.999877
17.758213 0.062436 -1.649167 0.003592 0.013513 0.007956 0.003135 0.999872
17.773870 0.079445 -1.639160 0.003554 0.013767 0.006859 0.002791 0.999878
17.798206 0.054516 -1.643296 0.000713 0.013401 0.008452 0.002385 0.999872
17.809265 0.056141 -1.675144 -0.009599 0.011149 0.008436 0.002439 0.999899
17.833027 0.085649 -1.664465 -0.008651 0.011577 0.006534 0.002569 0.999908
17.842234 0.070247 -1.613655 0.001119 0.014716 0.007541 0.002343 0.999861
17.857325 0.082628 -1.652877 0.004285 0.011927 0.006799 0.002136 0.999904
17.872398 0.089607 -1.679971 -0.003591 0.009961 0.006434 0.001846 0.999928
17.895926 0.105923 -1.662358 -0.009754 0.010768 0.005499 0.001421 0.999926
17.910078 0.071741 -1.630160 -0.005275 0.012550 0.007586 0.001179 0.999892
17.923929 0.079945 -1.667195 -0.009676 0.009850 0.007135 0.001289 0.999925
17.937078 0.072690 -1.666075 -0.008933 0.009729 0.007608 0.001041 0.999923
17.958731 0.080677 -1.624648 -0.006329 0.012176 0.007128 0.000935 0.999900
17.985460 0.071626 -1.628762 -0.007602 0.011568 0.007807 0.000787 0.999902
18.001667 0.086231 -1.647373 -0.004399 0.010093 0.006963 0.000272 0.999925
18.014729 0.085284 -1.647826 -0.009787 0.009704 0.007048 0.000325 0.999928
18.023624 0.093263 -1.634642 -0.008348 0.010206 0.006612 0.000189 0.999926
18.040176 0.092104 -1.632418 -0.005824 0.010168 0.006694 0.000004 0.999926
18.066765 0.077507 -1.662739 -0.017940 0.007898 0.007641 -0.000288 0.999940
18.076431 0.098330 -1.658326 -0.015122 0.007893 0.006448 -0.000437 0.999948
18.092611 0.095000 -1.676674 -0.015089 0.006396 0.006655 -0.000227 0.999957
18.108381 0.102749 -1.664927 -0.016343 0.006822 0.006238 -0.000492 0.999957
18.122154 0.077211 -1.619018 -0.007921 0.009497 0.007903 -0.000811 0.999923
18.146961 0.073583 -1.597222 -0.014864 0.010682 0.008237 -0.000810 0.999909
18.163836 0.092689 -1.610934 -0.012708 0.009209 0.007143 -0.000601 0.999932
18.180250 0.079896 -1.674569 -0.019501 0.004620 0.008040 -0.000585 0.999957
18.188604 0.079187 -1.640282 -0.016074 0.006592 0.008171 -0.000483 0.999945
18.209665 0.067991 -1.648043 -0.020418 0.005624 0.008963 -0.000510 0.999944
18.226076 0.066714 -1.637371 -0.017139 0.006036 0.009046 -0.000612 0.999941
18.254589 0.081225 -1.615093 -0.012593 0.007111 0.008252 -0.000825 0.999940
18.264915 0.077849 -1.625078 -0.019303 0.006010 0.008631 -0.000525 0.999945
18.289343 0.095181 -1.593841 -0.021250 0.007726 0.007591 -0.000724 0.999941
18.299530 0.079093 -1.633486 -0.018580 0.004813 0.008681 -0.000592 0.999951
18.314812 0.085867 -1.642175 -0.020166 0.003952 0.008396 -0.000516 0.999957
18.335997 0.092427 -1.625517 -0.022164 0.004767 0.008005 -0.000465 0.999956
18.347219 0.091008 -1.617860 -0.020021 0.005203 0.008092 -0.000340 0.999954
18.382929 0.084060 -1.632847 -0.026142 0.003976 0.008759 -0.000194 0.999954
18.395767 0.082270 -1.630221 -0.027536 0.004079 0.008941 -0.000089 0.999952
18.409092 0.054617 -1.617170 -0.020827 0.004882 0.010793 0.000100 0.999930
18.419250 0.076686 -1.646643 -0.020108 0.002861 0.009497 0.000063 0.999951
18.440924 0.077812 -1.634714 -0.019123 0.003652 0.009465 -0.000186 0.999949
18.467915 0.077270 -1.606879 -0.022478 0.005343 0.009544 -0.000150 0.999940
18.478067 0.069941 -1.635473 -0.027819 0.003393 0.010176 -0.000387 0.999942
18.498072 0.065216 -1.634330 -0.026758 0.003480 0.010599 -0.000423 0.999938
18.507076 0.072575 -1.633418 -0.027258 0.003600 0.010221 -0.000361 0.999941
18.525192 0.071022 -1.609689 -0.030736 0.005108 0.010395 -0.000667 0.999933
18.540411 0.069622 -1.643386 -0.031533 0.002966 0.010550 -0.000555 0.999940
18.558863 0.084503 -1.622564 -0.031693 0.004268 0.009667 -0.000402 0.999944
18.580172 0.090093 -1.629879 -0.029536 0.003829 0.009336 -0.000173 0.999949
18.599644 0.076008 -1.638852 -0.034890 0.003125 0.010303 -0.000414 0.999942
18.611845 0.102953 -1.612620 -0.026819 0.004964 0.008623 -0.000521 0.999950
18.626579 0.092153 -1.607971 -0.026741 0.005264 0.009301 -0.000366 0.999943
18.638613 0.096807 -1.627984 -0.025724 0.003975 0.009162 -0.000496 0.999950
18.653870 0.089967 -1.637896 -0.031678 0.003365 0.009742 -0.000432 0.999947
18.669216 0.086934 -1.631272 -0.026605 0.003722 0.009902 -0.000631 0.999944
18.689606 0.089237 -1.652308 -0.022916 0.002298 0.009781 -0.000741 0.999949
18.705475 0.089222 -1.658492 -0.028014 0.001891 0.009787 -0.001121 0.999950
18.732059 0.118339 -1.630979 -0.027364 0.003698 0.007915 -0.000820 0.999961
18.750898 0.108917 -1.642547 -0.027065 0.002902 0.008501 -0.000750 0.999959
18.760397 0.107988 -1.628438 -0.024674 0.003896 0.008586 -0.000639 0.999955
18.785225 0.085984 -1.641111 -0.024999 0.002926 0.009984 -0.000647 0.999946
18.795940 0.091753 -1.639160 -0.025325 0.003069 0.009612 -0.000398 0.999949
18.817217 0.105552 -1.627461 -0.027053 0.003936 0.008669 -0.000308 0.999955
18.840975 0.088355 -1.642736 -0.023865 0.002960 0.009762 -0.000127 0.999948
18.856146 0.075393 -1.644185 -0.028494 0.002960 0.010546 0.000141 0.999940
18.866415 0.102169 -1.642329 -0.026119 0.003220 0.008874 0.000401 0.999955
18.882313 0.089039 -1.635358 -0.022151 0.003629 0.009757 0.000619 0.999946
18.901880 0.110674 -1.617323 -0.017725 0.004949 0.008354 0.000744 0.999953
18.914373 0.092871 -1.618984 -0.020576 0.004890 0.009491 0.001024 0.999942
18.936598 0.109191 -1.617233 -0.017714 0.005188 0.008431 0.000952 0.999951
18.950214 0.099068 -1.613780 -0.016366 0.005436 0.008995 0.001354 0.999944
18.970125 0.106873 -1.610858 -0.021665 0.005891 0.008489 0.001271 0.999946
18.991491 0.171336 -1.703217 -0.008128 -0.000355 0.004283 0.000803 0.999990
19.015856 0.162609 -1.716054 -0.015253 -0.001053 0.004813 0.000553 0.999988
19.028917 0.156954 -1.696182 -0.009630 0.000477 0.005045 0.000904 0.999987
19.041979 0.146123 -1.722769 -0.013433 -0.001029 0.005691 0.000960 0.999983
19.061163 0.160007 -1.715281 -0.010231 -0.000310 0.004869 0.000791 0.999988
19.078899 0.166136 -1.707695 -0.003682 0.000343 0.004479 0.000751 0.999990
19.094606 0.147676 -1.711544 -0.013025 0.000343 0.005581 0.000638 0.999984
19.108681 0.148467 -1.718111 -0.013387 0.000106 0.005539 0.000628 0.999984
19.118896 0.158256 -1.719261 -0.009788 0.000261 0.004809 0.000419 0.999988
19.136784 0.152479 -1.697825 -0.012209 0.001776 0.005093 0.000647 0.999985
19.150848 0.164346 -1.728811 -0.012904 -0.000004 0.004355 0.000338 0.999990
19.173279 0.162764 -1.730680 -0.013446 0.000080 0.004435 0.000128 0.999990
19.184475 0.140978 -1.722500 -0.014939 0.000793 0.005797 -0.000242 0.999983
19.203465 0.148161 -1.729220 -0.017790 0.000371 0.005237 0.000057 0.999986
19.220894 0.152974 -1.714782 -0.012573 0.001559 0.004890 -0.000209 0.999987
19.239452 0.159450 -1.722547 -0.012227 0.001192 0.004377 -0.000378 0.999990
19.256208 0.161672 -1.708960 -0.006508 0.002349 0.004205 -0.000350 0.999988
19.267132 0.155844 -1.708912 -0.007900 0.002440 0.004491 -0.000761 0.999987
19.284039 0.152269 -1.723319 -0.004915 0.001574 0.004668 -0.000907 0.999987
19.310497 0.149190 -1.720853 -0.010390 0.001900 0.004888 -0.000891 0.999986
19.320547 0.155540 -1.720850 -0.008128 0.001897 0.004399 -0.000730 0.999988
19.336285 0.157414 -1.722442 -0.004391 0.001948 0.004159 -0.000932 0.999989
19.350071 0.188530 -1.705543 0.000334 0.003161 0.002141 -0.001205 0.999992
19.366085 0.134130 -1.721052 -0.003282 0.002233 0.005550 -0.001404 0.999981
19.393608 0.153900 -1.716334 0.000178 0.002689 0.004280 -0.001763 0.999986
19.406670 0.141966 -1.727023 -0.003520 0.002096 0.004963 -0.001633 0.999984
19.429085 0.138907 -1.714087 -0.004082 0.003027 0.005230 -0.001556 0.999981
19.441294 0.137317 -1.713370 0.002254 0.003143 0.005167 -0.001910 0.999980
19.461258 0.147643 -1.716957 -0.003967 0.002896 0.004484 -0.001910 0.999984
19.474157 0.138292 -1.721198 -0.001973 0.002705 0.005045 -0.002126 0.999981
19.491501 0.136203 -1.723640 -0.000583 0.002674 0.005229 -0.002149 0.999980
19.502602 0.132535 -1.712614 0.000774 0.003485 0.005351 -0.002034 0.999978
19.522274 0.128574 -1.726554 0.004877 0.002774 0.005537 -0.002239 0.999978
19.542257 0.144479 -1.716589 0.002797 0.003316 0.004526 -0.002327 0.999982
19.551188 0.141945 -1.716765 0.004026 0.003448 0.004639 -0.002389 0.999980
19.576988 0.142637 -1.709464 0.002265 0.003885 0.004589 -0.002408 0.999979
19.585135 0.132211 -1.711026 0.003512 0.003839 0.005168 -0.002619 0.999976
19.601660 0.137043 -1.714782 0.003979 0.003533 0.004825 -0.002619 0.999979
19.619509 0.139728 -1.700670 0.004210 0.004426 0.004625 -0.002621 0.999976
19.633896 0.142292 -1.733590 0.003542 0.002381 0.004419 -0.002843 0.999983
19.650202 0.180579 -1.740777 0.005817 0.001845 0.001876 -0.002711 0.999993
19.671686 0.149436 -1.727390 0.006445 0.002622 0.003854 -0.002546 0.999986
19.693583 0.150009 -1.725676 0.005485 0.002574 0.003778 -0.002705 0.999986
19.703934 0.127233 -1.720983 0.005882 0.002756 0.005216 -0.002438 0.999980
19.714876 0.135335 -1.706743 0.004937 0.003586 0.004649 -0.002699 0.999979
19.730822 0.145763 -1.712200 0.008566 0.003022 0.004008 -0.002466 0.999984
19.749907 0.139988 -1.718793 0.005659 0.002493 0.004368 -0.002455 0.999984
19.769648 0.138725 -1.733081 0.005324 0.001394 0.004494 -0.002732 0.999985
19.793634 0.137080 -1.727893 0.006602 0.001626 0.004502 -0.002496 0.999985
19.803959 0.131397 -1.730758 0.006268 0.001236 0.004886 -0.002459 0.999984
19.818630 0.137774 -1.724715 0.008949 0.001460 0.004434 -0.002314 0.999986
19.836187 0.134906 -1.726736 0.009849 0.001110 0.004640 -0.002247 0.999986
19.851767 0.140382 -1.748991 0.002791 -0.000431 0.004284 -0.002454 0.999988
19.864906 0.145041 -1.733889 0.002808 0.000504 0.003965 -0.002404 0.999989
19.882113 0.144837 -1.733759 0.009003 0.000456 0.003974 -0.002403 0.999989
19.899405 0.130287 -1.746052 0.006571 -0.000397 0.004912 -0.002286 0.999985
19.915808 0.128854 -1.742773 0.006521 -0.000250 0.005033 -0.002417 0.999984
19.930735 0.133800 -1.746623 0.006997 -0.000522 0.004782 -0.002357 0.999986
19.949381 0.142554 -1.736087 0.008849 0.000056 0.004197 -0.002090 0.999989
19.962351 0.124746 -1.744656 0.007284 -0.000546 0.005258 -0.002077 0.999984
19.981821 0.125467 -1.735556 0.007643 0.000119 0.005273 -0.001941 0.999984
20.010321 0.138569 -1.727735 0.008865 0.000637 0.004396 -0.002030 0.999988
20.019514 0.129764 -1.749868 0.005303 -0.000847 0.005019 -0.001954 0.999985
20.032009 0.135426 -1.742257 0.004621 -0.000273 0.004733 -0.001999 0.999987
20.048042 0.135222 -1.730486 0.002999 0.000358 0.004710 -0.001777 0.999987
20.069040 0.125414 -1.731026 0.007797 0.000599 0.005315 -0.001548 0.999985
20.093508 0.114239 -1.734027 0.009027 0.000330 0.006052 -0.001263 0.999981
20.108286 0.120440 -1.725880 0.010448 0.001013 0.005720 -0.001012 0.999983
20.123890 0.124953 -1.725503 0.010875 0.001136 0.005313 -0.000586 0.999985
20.142483 0.119647 -1.740058 0.009128 0.000233 0.005768 -0.000771 0.999983
20.153231 0.120106 -1.737409 0.010924 0.000483 0.005718 -0.000435 0.999983
20.176058 0.102605 -1.732983 0.011176 0.000862 0.006776 -0.000218 0.999977
20.187077 0.107862 -1.724497 0.007515 0.001523 0.006570 0.000138 0.999977
20.208113 0.128180 -1.736048 0.008986 0.001028 0.005273 0.000546 0.999985
20.217669 0.104028 -1.742032 0.006515 0.000672 0.006849 0.000573 0.999976
20.231842 0.119130 -1.716946 0.013179 0.002432 0.005786 0.001257 0.999979
20.245529 0.117747 -1.747230 0.015073 0.000779 0.005894 0.001274 0.999982
20.264511 0.100669 -1.742991 0.008332 0.001179 0.007066 0.001354 0.999973
20.293356 0.084613 -1.735374 0.012750 0.001991 0.008134 0.001438 0.999964
20.302561 0.088898 -1.739525 0.009318 0.001784 0.007886 0.001820 0.999966
20.318052 0.110167 -1.734834 0.018191 0.002325 0.006509 0.001646 0.999975
20.332411 0.120166 -1.725161 0.014902 0.003071 0.005879 0.002018 0.999976
20.358873 0.109408 -1.742514 0.016582 0.002232 0.006577 0.002021 0.999974
20.367809 0.115701 -1.721328 0.015582 0.003688 0.006171 0.002194 0.999972
20.381592 0.106795 -1.739308 0.013880 0.002578 0.006722 0.002429 0.999971
20.402109 0.106111 -1.739141 0.013465 0.002744 0.006773 0.002500 0.999970
20.419088 0.126219 -1.741199 0.015024 0.002756 0.005547 0.002656 0.999977
20.436241 0.110400 -1.745618 0.012748 0.002687 0.006496 0.002807 0.999971
20.450754 0.117747 -1.737421 0.013381 0.003302 0.006079 0.002838 0.999972
20.480515 0.118633 -1.747387 0.016569 0.002744 0.005993 0.003103 0.999973
20.492359 0.114795 -1.750842 0.014059 0.002539 0.006307 0.003185 0.999972
20.501598 0.104103 -1.752185 0.016607 0.002451 0.006970 0.003291 0.999967
20.516117 0.105323 -1.759387 0.016808 0.002090 0.006888 0.003262 0.999969
20.530807 0.095958 -1.747280 0.018008 0.002918 0.007447 0.003426 0.999962
20.550938 0.111904 -1.756995 0.019816 0.002393 0.006464 0.003704 0.999969
20.566381 0.100970 -1.750319 0.018484 0.002849 0.007110 0.003531 0.999964
20.590673 0.105892 -1.759956 0.018625 0.002253 0.006870 0.003559 0.999968
20.601467 0.125187 -1.757343 0.020059 0.002545 0.005581 0.003616 0.999975
20.625204 0.103864 -1.755637 0.017560 0.002675 0.006967 0.003537 0.999966
20.634148 0.116348 -1.751642 0.022404 0.003011 0.006176 0.003635 0.999970
20.658613 0.114891 -1.762334 0.022768 0.002359 0.006172 0.003620 0.999972
20.668512 0.113499 -1.762672 0.023183 0.002303 0.006343 0.003642 0.999971
20.692619 0.118842 -1.753306 0.026022 0.002932 0.005968 0.003618 0.999971
20.701880 0.112448 -1.754041 0.021396 0.002914 0.006375 0.003523 0.999969
20.728935 0.102888 -1.749543 0.026976 0.003234 0.006934 0.003614 0.999964
20.742826 0.129866 -1.758678 0.024847 0.002695 0.005260 0.003286 0.999977
20.758808 0.108845 -1.766836 0.025336 0.002216 0.006622 0.003463 0.999970
20.768404 0.126682 -1.763646 0.025530 0.002470 0.005517 0.003144 0.999977
20.790138 0.099932 -1.754062 0.023146 0.003134 0.007210 0.003281 0.999964
20.802553 0.108399 -1.759387 0.021548 0.002820 0.006707 0.003018 0.999969
20.822117 0.126041 -1.763390 0.022026 0.002711 0.005615 0.003144 0.999976
20.836081 0.118580 -1.774351 0.017646 0.002108 0.006052 0.002569 0.999976
20.847830 0.118082 -1.771162 0.020303 0.002331 0.006036 0.002812 0.999975
20.864244 0.116198 -1.764233 0.018825 0.002840 0.006149 0.002699 0.999973
20.884274 0.108160 -1.761141 0.020746 0.003069 0.006682 0.002558 0.999970
20.904182 0.101548 -1.772923 0.019341 0.002435 0.007141 0.002129 0.999969
20.914936 0.097731 -1.767699 0.023615 0.002866 0.007363 0.001948 0.999967
20.932276 0.099672 -1.774956 0.021824 0.002381 0.007246 0.001991 0.999969
20.952044 0.101812 -1.782863 0.022659 0.001997 0.007114 0.001789 0.999971
20.969454 0.102525 -1.776374 0.024512 0.002453 0.007101 0.001552 0.999971
20.980894 0.106735 -1.781037 0.024014 0.002113 0.006830 0.001616 0.999973
21.001818 0.094347 -1.760042 0.024989 0.003443 0.007649 0.001528 0.999964
21.025303 0.101297 -1.763302 0.026402 0.003322 0.007211 0.001395 0.999968
21.045670 0.095865 -1.773516 0.022384 0.002500 0.007574 0.001226 0.999967
21.056730 0.099723 -1.773869 0.022838 0.002343 0.007249 0.001235 0.999970
21.068562 0.103566 -1.779585 0.021270 0.001826 0.007037 0.001067 0.999973
21.079508 0.128945 -1.783432 0.025357 0.001503 0.005402 0.000848 0.999984
21.102674 0.097455 -1.781120 0.021682 0.001457 0.007360 0.000960 0.999971
21.124769 0.115002 -1.797692 0.025972 0.000321 0.006249 0.000814 0.999980
21.138716 0.111205 -1.795616 0.021417 0.000292 0.006531 0.000727 0.999978
21.150427 0.109429 -1.791022 0.019806 0.000435 0.006719 0.000641 0.999977
21.175243 0.099563 -1.786811 0.023098 0.000702 0.007346 0.000696 0.999973
21.194071 0.093615 -1.785228 0.021091 0.000770 0.007684 0.000246 0.999970
21.204966 0.096771 -1.812754 0.021749 -0.001094 0.007476 0.000077 0.999971
21.216114 0.119121 -1.829956 0.025468 -0.002257 0.006024 -0.000210 0.999979
21.239332 0.109419 -1.804999 0.023709 -0.000715 0.006742 -0.000197 0.999977
21.250790 0.096518 -1.821883 0.019567 -0.001891 0.007450 -0.000581 0.999970
21.266195 0.119697 -1.825776 0.025529 -0.002105 0.005970 -0.000780 0.999980
21.283810 0.113903 -1.791538 0.027018 0.000076 0.006323 -0.000451 0.999980
21.299719 0.115926 -1.791286 0.026145 0.000080 0.006140 -0.000737 0.999981
21.314514 0.117261 -1.821210 0.028022 -0.001788 0.006055 -0.000676 0.999980
21.342361 0.126809 -1.834760 0.027826 -0.002523 0.005443 -0.000838 0.999982
21.352480 0.120333 -1.811015 0.029525 -0.000828 0.005853 -0.000883 0.999982
21.364149 0.124955 -1.809109 0.032834 -0.000538 0.005627 -0.000694 0.999984
21.386292 0.125689 -1.812115 0.033387 -0.000728 0.005497 -0.000816 0.999984
21.406775 0.132459 -1.809648 0.032639 -0.000482 0.005058 -0.001028 0.999987
21.425882 0.127943 -1.805644 0.032709 -0.000137 0.005278 -0.001248 0.999985
21.442366 0.116334 -1.826864 0.030888 -0.001549 0.006023 -0.001276 0.999980
21.457142 0.118456 -1.829153 0.035086 -0.001569 0.005797 -0.001375 0.999981
21.478624 0.120359 -1.833152 0.034330 -0.001838 0.005715 -0.001132 0.999981
21.488686 0.119604 -1.846415 0.033377 -0.002691 0.005749 -0.001339 0.999979
21.506321 0.126520 -1.830832 0.034525 -0.001693 0.005324 -0.001277 0.999984
21.521011 0.119100 -1.819065 0.034391 -0.000994 0.005728 -0.001180 0.999982
21.541674 0.119016 -1.829140 0.033723 -0.001580 0.005724 -0.001163 0.999982
21.552393 0.118102 -1.821147 0.037084 -0.001057 0.005774 -0.001296 0.999982
21.575686 0.127034 -1.805867 0.038241 -0.000095 0.005210 -0.001066 0.999986
21.594444 0.116497 -1.827689 0.033215 -0.001508 0.005838 -0.001033 0.999981
21.607229 0.123482 -1.819515 0.037284 -0.000981 0.005433 -0.001167 0.999984
21.635237 0.131869 -1.806803 0.036619 -0.000220 0.004879 -0.000884 0.999988
21.651562 0.134151 -1.809064 0.037400 -0.000339 0.004656 -0.000903 0.999989
21.671349 0.135936 -1.805362 0.039267 -0.000146 0.004552 -0.000794 0.999989
21.682514 0.135889 -1.808279 0.039108 -0.000266 0.004521 -0.000748 0.999989
21.709372 0.130409 -1.791294 0.039361 0.000739 0.004850 -0.000503 0.999988
21.721989 0.142752 -1.809964 0.040465 -0.000418 0.004023 -0.000544 0.999992
21.745043 0.130664 -1.813884 0.038971 -0.000616 0.004754 -0.000735 0.999988
21.754429 0.122564 -1.806459 0.037920 -0.000072 0.005269 -0.000688 0.999986
21.778275 0.123813 -1.808580 0.040201 -0.000238 0.005210 -0.000472 0.999986
21.787159 0.115812 -1.804389 0.037738 0.000060 0.005712 -0.000586 0.999983
21.799850 0.136849 -1.787484 0.040889 0.001295 0.004349 -0.000585 0.999990
21.817463 0.140953 -1.783484 0.043128 0.001483 0.004071 -0.000496 0.999990
21.839748 0.157371 -1.785434 0.042676 0.001455 0.002991 -0.000405 0.999994
21.848413 0.154624 -1.796842 0.041047 0.000746 0.003222 -0.000705 0.999994
21.870260 0.149407 -1.790390 0.043458 0.001150 0.003511 -0.000683 0.999993
21.884489 0.156621 -1.770529 0.044861 0.002558 0.002997 -0.000769 0.999992
21.904430 0.158011 -1.767606 0.048355 0.002846 0.002910 -0.000641 0.999991
21.925045 0.134876 -1.783064 0.042815 0.001893 0.004346 -0.000411 0.999989
21.938702 0.130692 -1.777043 0.044067 0.002569 0.004523 -0.000427 0.999986
21.955513 0.129680 -1.785666 0.047314 0.002241 0.004619 -0.000320 0.999987
21.967999 0.129945 -1.785694 0.049571 0.002358 0.004562 -0.000155 0.999987
21.984087 0.124554 -1.786039 0.044165 0.002500 0.004918 0.000092 0.999985
22.004194 0.136145 -1.792401 0.047427 0.002124 0.004257 0.000078 0.999989
22.017313 0.140226 -1.792142 0.048203 0.002300 0.003910 0.000034 0.999990
22.034243 0.147052 -1.766911 0.053121 0.004141 0.003469 -0.000048 0.999985
22.059725 0.135071 -1.803125 0.050920 0.001907 0.004206 0.000503 0.999989
22.077509 0.137008 -1.834317 0.047436 0.000022 0.004191 0.000322 0.999991
22.090942 0.126635 -1.821969 0.046716 0.000929 0.004846 0.000446 0.999988
22.105072 0.122753 -1.836188 0.046529 0.000084 0.005077 0.000590 0.999987
22.120277 0.120194 -1.835315 0.046341 0.000157 0.005237 0.000695 0.999986
22.138052 0.123408 -1.836582 0.049886 0.000203 0.005037 0.000531 0.999987
22.153309 0.118097 -1.816329 0.048461 0.001574 0.005407 0.000440 0.999984
22.175276 0.127311 -1.810015 0.051500 0.002031 0.004784 0.000403 0.999986
22.185129 0.117757 -1.812483 0.051232 0.001888 0.005344 0.000321 0.999984
22.203320 0.127288 -1.810027 0.055736 0.002183 0.004760 0.000304 0.999986
22.221302 0.120569 -1.842753 0.048384 0.000020 0.005230 0.000254 0.999986
22.235308 0.123803 -1.810273 0.051998 0.002094 0.005009 0.000315 0.999985
22.260105 0.138586 -1.823504 0.052687 0.001323 0.004123 0.000368 0.999991
22.280703 0.135066 -1.814929 0.054073 0.001933 0.004300 0.000389 0.999989
22.291821 0.138304 -1.818682 0.055737 0.001743 0.004127 0.000374 0.999990
22.308455 0.139065 -1.812177 0.055820 0.002202 0.004059 0.000507 0.999989
22.327251 0.134317 -1.813578 0.055404 0.002025 0.004379 0.000564 0.999988
22.339714 0.136450 -1.807619 0.057050 0.002440 0.004187 0.000644 0.999988
22.359081 0.136858 -1.815535 0.056527 0.001940 0.004124 0.000895 0.999989
22.367762 0.141188 -1.794023 0.061214 0.003363 0.003886 0.000999 0.999986
22.393673 0.135505 -1.808975 0.059800 0.002355 0.004240 0.000986 0.999988
22.408838 0.126309 -1.799769 0.061769 0.002907 0.004762 0.001261 0.999984
22.417789 0.128084 -1.801420 0.061153 0.002813 0.004695 0.001400 0.999984
22.445225 0.116530 -1.793783 0.062488 0.003301 0.005437 0.001454 0.999979
22.455521 0.115540 -1.792523 0.061843 0.003334 0.005534 0.001420 0.999978
22.469818 0.116704 -1.798280 0.059039 0.002938 0.005434 0.001507 0.999980
22.484211 0.122338 -1.787949 0.059520 0.003572 0.005064 0.001632 0.999979
22.499710 0.121382 -1.789516 0.057017 0.003449 0.005107 0.001617 0.999980
22.516758 0.139211 -1.795701 0.063044 0.003089 0.003903 0.001585 0.999986
22.544346 0.142007 -1.794925 0.059961 0.003032 0.003743 0.001448 0.999987
22.553587 0.138720 -1.797716 0.064738 0.002870 0.003910 0.001558 0.999987
22.581079 0.140080 -1.795936 0.065556 0.002994 0.003835 0.001490 0.999987
22.594843 0.145022 -1.793521 0.062714 0.003149 0.003517 0.001596 0.999988
22.605125 0.143100 -1.799484 0.059839 0.002715 0.003688 0.001345 0.999989
22.616398 0.131283 -1.804844 0.061286 0.002411 0.004426 0.001332 0.999986
22.635895 0.132635 -1.799141 0.060672 0.002786 0.004367 0.001197 0.999986
22.654537 0.129845 -1.807533 0.058880 0.002222 0.004580 0.001256 0.999986
22.664476 0.132347 -1.804934 0.057203 0.002361 0.004432 0.001103 0.999987
22.680319 0.129119 -1.803853 0.059216 0.002498 0.004590 0.001012 0.999986
22.701551 0.130354 -1.805701 0.060578 0.002451 0.004533 0.000927 0.999986
22.713266 0.144459 -1.805808 0.059020 0.002439 0.003684 0.000719 0.999990
22.738941 0.126434 -1.803831 0.060115 0.002360 0.004859 0.000436 0.999985
22.755070 0.120533 -1.816222 0.055555 0.001630 0.005286 0.000375 0.999985
22.765820 0.119456 -1.812228 0.059878 0.001901 0.005282 0.000232 0.999984
22.783585 0.127969 -1.818672 0.057086 0.001379 0.004810 0.000260 0.999987
22.802492 0.122721 -1.800508 0.059453 0.002601 0.005144 0.000227 0.999983
22.817177 0.132672 -1.788935 0.061088 0.003401 0.004522 -0.000351 0.999984
22.835764 0.130531 -1.797457 0.057919 0.002746 0.004783 -0.000353 0.999985
22.854368 0.127860 -1.796070 0.058836 0.002819 0.004988 -0.000555 0.999983
22.868774 0.126588 -1.809550 0.058856 0.001955 0.005034 -0.000645 0.999985
22.896271 0.123976 -1.802538 0.058026 0.002346 0.005183 -0.000731 0.999984
22.908480 0.128782 -1.802315 0.059594 0.002277 0.004919 -0.000938 0.999985
22.922070 0.134645 -1.797013 0.062517 0.002553 0.004530 -0.001024 0.999986
22.935108 0.132543 -1.786260 0.061834 0.003179 0.004652 -0.001329 0.999983
22.953957 0.137321 -1.786222 0.059327 0.003086 0.004371 -0.001357 0.999985
22.970434 0.131622 -1.802019 0.056057 0.002042 0.004767 -0.001514 0.999985
22.983681 0.133853 -1.794646 0.055068 0.002427 0.004699 -0.001703 0.999985
22.998274 0.132206 -1.790149 0.058800 0.002635 0.004787 -0.001809 0.999983
23.020294 0.130398 -1.794503 0.056334 0.002255 0.004852 -0.001875 0.999984
23.039560 0.121975 -1.784587 0.055579 0.002700 0.005434 -0.001888 0.999980
23.052343 0.120266 -1.787539 0.060478 0.002474 0.005569 -0.002116 0.999979
23.071064 0.110620 -1.776248 0.061174 0.003089 0.006174 -0.002186 0.999974
23.088655 0.118281 -1.798001 0.060405 0.001581 0.005707 -0.002171 0.999980
23.117033 0.133421 -1.791582 0.061166 0.001867 0.004693 -0.002220 0.999985
23.128929 0.102100 -1.799214 0.057898 0.001230 0.006757 -0.002300 0.999974
23.144579 0.099187 -1.797739 0.055601 0.001250 0.006932 -0.002305 0.999973
23.163858 0.113359 -1.796945 0.058528 0.001316 0.006057 -0.002510 0.999978
23.188042 0.128923 -1.782414 0.062669 0.002200 0.005133 -0.002332 0.999982
23.199841 0.129712 -1.781840 0.060718 0.002245 0.005089 -0.002428 0.999982
23.213120 0.138047 -1.778357 0.059056 0.002420 0.004681 -0.002522 0.999983
23.231468 0.127570 -1.786378 0.057671 0.001866 0.005390 -0.002231 0.999981
23.248690 0.121379 -1.779873 0.056708 0.002274 0.005678 -0.002313 0.999979
23.263575 0.132943 -1.778805 0.057052 0.002334 0.004968 -0.002257 0.999982
23.283850 0.133385 -1.773085 0.055622 0.002650 0.004906 -0.002120 0.999982
23.313328 0.124199 -1.781426 0.052851 0.002186 0.005518 -0.002362 0.999980
23.323917 0.129020 -1.778457 0.054444 0.002335 0.005221 -0.002182 0.999981
23.344046 0.123619 -1.780949 0.052478 0.002207 0.005529 -0.002145 0.999980
23.354916 0.130318 -1.779582 0.054647 0.002331 0.005107 -0.002129 0.999982
23.370441 0.128988 -1.794980 0.050714 0.001328 0.005172 -0.001924 0.999984
23.391878 0.131790 -1.789353 0.053512 0.001749 0.004987 -0.001964 0.999984
23.401993 0.127667 -1.775226 0.053780 0.002747 0.005236 -0.001559 0.999981
23.427912 0.136980 -1.779123 0.051932 0.002471 0.004619 -0.001522 0.999985
23.442181 0.121992 -1.767240 0.058494 0.003302 0.005487 -0.001233 0.999979
23.452721 0.122452 -1.774228 0.054566 0.002952 0.005478 -0.000994 0.999980
23.468784 0.130604 -1.776743 0.055050 0.002862 0.005024 -0.000741 0.999983
23.483368 0.147230 -1.779077 0.054232 0.002741 0.003957 -0.000649 0.999988
23.512392 0.135638 -1.771082 0.050898 0.003265 0.004646 -0.000342 0.999984
23.522430 0.141039 -1.773981 0.050601 0.003115 0.004247 -0.000269 0.999986
23.537333 0.139786 -1.781800 0.050334 0.002665 0.004311 -0.000227 0.999987
23.551683 0.138745 -1.780363 0.052101 0.002850 0.004340 0.000204 0.999986
23.570789 0.129516 -1.778785 0.047637 0.002890 0.004895 0.000276 0.999984
23.589037 0.125546 -1.786001 0.047556 0.002574 0.005125 0.000481 0.999983
23.614643 0.131710 -1.780070 0.048845 0.003006 0.004722 0.000787 0.999984
23.630333 0.135850 -1.784140 0.048731 0.002704 0.004446 0.001033 0.999986
23.641031 0.113926 -1.797285 0.045912 0.001864 0.005828 0.001048 0.999981
23.669340 0.118093 -1.795244 0.047457 0.001976 0.005602 0.001140 0.999982
23.678202 0.131829 -1.791823 0.045918 0.002121 0.004632 0.001162 0.999986
23.699152 0.122459 -1.789639 0.045849 0.002220 0.005254 0.001165 0.999983
23.712706 0.134584 -1.772150 0.046747 0.003227 0.004410 0.001023 0.999985
23.730886 0.137835 -1.783891 0.043077 0.002344 0.004243 0.001048 0.999988
23.754808 0.145896 -1.777496 0.044575 0.002641 0.003734 0.001027 0.999989
23.771418 0.126957 -1.775822 0.044284 0.002537 0.004989 0.000883 0.999984
23.789412 0.145059 -1.775408 0.047935 0.002447 0.003702 0.001132 0.999990
23.799593 0.141109 -1.795981 0.046312 0.000899 0.003893 0.001045 0.999991
23.819357 0.137366 -1.795198 0.045353 0.000646 0.004129 0.000831 0.999991
23.838594 0.142831 -1.801756 0.045224 0.000110 0.003797 0.000559 0.999993
23.851379 0.130712 -1.788903 0.042435 0.000625 0.004527 0.000780 0.999989
23.866924 0.134791 -1.787046 0.045568 0.000564 0.004268 0.000892 0.999990
23.884115 0.133640 -1.775266 0.040615 0.001221 0.004303 0.000837 0.999990
23.901085 0.134528 -1.768957 0.043562 0.001546 0.004124 0.000986 0.999990
23.918840 0.145674 -1.755902 0.047612 0.002195 0.003511 0.000742 0.999991
23.952185 0.125665 -1.768044 0.044287 0.001181 0.004783 0.000345 0.999988
23.965139 0.136711 -1.772313 0.045717 0.000738 0.004057 0.000290 0.999991
23.978189 0.130609 -1.766063 0.044900 0.001160 0.004488 0.000446 0.999989
23.993790 0.137410 -1.774788 0.042408 0.000617 0.004070 0.000385 0.999991
24.006687 0.135153 -1.779610 0.039740 0.000321 0.004239 0.000325 0.999991
24.034105 0.135256 -1.781168 0.036996 0.000212 0.004233 0.000151 0.999991
24.043793 0.136350 -1.780685 0.038506 0.000272 0.004187 0.000275 0.999991
24.059565 0.138134 -1.785860 0.038187 -0.000082 0.004140 0.000033 0.999991
24.081982 0.137397 -1.780277 0.037452 0.000222 0.004176 0.000182 0.999991
24.110512 0.136150 -1.785003 0.039682 -0.000223 0.004214 -0.000076 0.999991
24.120388 0.138562 -1.788733 0.039014 -0.000535 0.004147 -0.000129 0.999991
24.143656 0.135956 -1.785147 0.033872 -0.000434 0.004352 -0.000006 0.999990
24.156593 0.141869 -1.778436 0.034361 -0.000095 0.003923 0.000170 0.999992
24.173582 0.133205 -1.778130 0.035125 -0.000280 0.004541 0.000079 0.999990
24.193871 0.126384 -1.778211 0.035975 -0.000443 0.005025 -0.000233 0.999987
24.216846 0.137544 -1.775550 0.037216 -0.000349 0.004248 -0.000290 0.999991
24.230122 0.138756 -1.781494 0.033478 -0.000846 0.004197 -0.000170 0.999991
24.243477 0.124737 -1.792300 0.036027 -0.001678 0.005169 -0.000544 0.999985
24.256527 0.137618 -1.799416 0.033636 -0.002276 0.004418 -0.000460 0.999988
24.273615 0.138626 -1.785300 0.035302 -0.001449 0.004420 -0.000157 0.999989
24.284689 0.131564 -1.787924 0.035249 -0.001722 0.004882 -0.000445 0.999987
24.300323 0.135300 -1.790889 0.033683 -0.002020 0.004683 -0.000410 0.999987
24.324034 0.135430 -1.785993 0.034472 -0.001766 0.004664 -0.000326 0.999987
24.337029 0.132188 -1.780774 0.032442 -0.001559 0.004854 -0.000179 0.999987
24.346420 0.141034 -1.779003 0.035381 -0.001421 0.004318 -0.000243 0.999990
24.370110 0.117408 -1.783820 0.030955 -0.001862 0.005955 -0.000103 0.999981
24.382479 0.119683 -1.789581 0.029119 -0.002483 0.005907 -0.000346 0.999979
24.396200 0.115091 -1.776157 0.029787 -0.001686 0.006236 -0.000055 0.999979
24.411911 0.116110 -1.786603 0.026572 -0.002483 0.006193 -0.000093 0.999978
24.433279 0.107056 -1.788090 0.025913 -0.002788 0.006893 -0.000079 0.999972
24.449514 0.118641 -1.775448 0.026530 -0.001894 0.006130 -0.000108 0.999979
24.469444 0.121387 -1.778440 0.024279 -0.002158 0.006020 -0.000112 0.999980
24.477995 0.148632 -1.767805 0.028489 -0.001469 0.004289 -0.000024 0.999990
24.494978 0.126451 -1.767144 0.028655 -0.001534 0.005730 0.000001 0.999982
24.514736 0.118030 -1.775495 0.025515 -0.002191 0.006274 0.000288 0.999978
24.539406 0.123225 -1.777833 0.030015 -0.002268 0.005927 0.000291 0.999980
24.554752 0.121424 -1.773307 0.029170 -0.002016 0.006070 -0.000007 0.999980
24.563709 0.116274 -1.775025 0.027932 -0.002156 0.006473 0.000068 0.999977
24.593031 0.117567 -1.771388 0.023936 -0.001909 0.006409 -0.000013 0.999978
24.602058 0.127878 -1.768575 0.025650 -0.001679 0.005813 0.000171 0.999982
24.629276 0.134024 -1.769211 0.029489 -0.001703 0.005484 0.000122 0.999983
24.643583 0.138825 -1.760310 0.034889 -0.001085 0.005191 0.000195 0.999986
24.651867 0.129987 -1.773205 0.035189 -0.001871 0.005789 0.000364 0.999981
24.676548 0.139115 -1.768038 0.034572 -0.001453 0.005198 0.000604 0.999985
24.688492 0.127232 -1.779950 0.025470 -0.002311 0.006060 0.000600 0.999979
24.710197 0.151320 -1.760924 0.033963 -0.000994 0.004441 0.000492 0.999990
24.724585 0.127488 -1.761451 0.029529 -0.001030 0.006004 0.000867 0.999981
24.736765 0.129781 -1.756346 0.031077 -0.000734 0.005920 0.000923 0.999982
24.747053 0.121123 -1.767889 0.030101 -0.001404 0.006464 0.000764 0.999978
24.763008 0.120234 -1.768976 0.030983 -0.001461 0.006547 0.000815 0.999977
24.786278 0.118023 -1.774742 0.025765 -0.001785 0.006684 0.000984 0.999976
24.796291 0.113188 -1.777637 0.029466 -0.001966 0.006941 0.001037 0.999973
24.815243 0.122938 -1.763852 0.034238 -0.000972 0.006314 0.001279 0.999979
24.833660 0.107561 -1.776202 0.030641 -0.001743 0.007321 0.001270 0.999971
24.853579 0.122988 -1.764753 0.035586 -0.001003 0.006350 0.001083 0.999979
24.877861 0.121264 -1.769780 0.034751 -0.001118 0.006435 0.001469 0.999978
24.886803 0.122757 -1.777540 0.036870 -0.001624 0.006362 0.001317 0.999978
24.904284 0.134751 -1.766528 0.035221 -0.000857 0.005630 0.001678 0.999982
24.918623 0.130307 -1.771982 0.038123 -0.001183 0.005872 0.001948 0.999980
24.932291 0.124989 -1.771450 0.037463 -0.001047 0.006209 0.002276 0.999978
24.947256 0.119407 -1.779173 0.035817 -0.001593 0.006571 0.002016 0.999975
24.959993 0.118765 -1.781408 0.036639 -0.001678 0.006593 0.002338 0.999974
24.989288 0.123532 -1.776605 0.038989 -0.001301 0.006265 0.002386 0.999977
25.003620 0.123845 -1.776159 0.038633 -0.001133 0.006248 0.002480 0.999977
25.016329 0.096316 -1.786697 0.036499 -0.001814 0.008026 0.002542 0.999963
25.032967 0.108350 -1.785821 0.038691 -0.001658 0.007219 0.002664 0.999969
25.049255 0.105653 -1.779991 0.036727 -0.001277 0.007423 0.002567 0.999968
25.072351 0.098882 -1.791133 0.039340 -0.001995 0.007874 0.003020 0.999962
25.092918 0.105060 -1.795476 0.038676 -0.002186 0.007493 0.003051 0.999965
25.101439 0.105341 -1.779179 0.038546 -0.001116 0.007430 0.003093 0.999967
25.114292 0.134739 -1.776492 0.038973 -0.000880 0.005556 0.003248 0.999979
25.143875 0.130723 -1.765237 0.037995 -0.000201 0.005796 0.003427 0.999977
25.153379 0.158110 -1.774710 0.041601 -0.000766 0.004033 0.003554 0.999985
25.175444 0.158266 -1.786612 0.036917 -0.001508 0.004109 0.003255 0.999985
25.193611 0.136356 -1.773583 0.039364 -0.000597 0.005477 0.003779 0.999978
25.202206 0.142318 -1.762764 0.042159 0.000170 0.005078 0.003890 0.999979
25.220165 0.135733 -1.782931 0.040064 -0.001092 0.005539 0.003846 0.999977
25.231590 0.133810 -1.788875 0.034583 -0.001432 0.005722 0.003505 0.999976
25.244961 0.128366 -1.797517 0.039918 -0.001962 0.006067 0.004109 0.999971
25.263422 0.133769 -1.784537 0.039299 -0.001092 0.005700 0.004161 0.999974
25.295664 0.141969 -1.789268 0.043434 -0.001267 0.005161 0.003970 0.999978
25.307909 0.144017 -1.781503 0.047091 -0.000699 0.005062 0.004075 0.999979
25.322758 0.148456 -1.778811 0.043977 -0.000396 0.004769 0.004203 0.999980
25.344084 0.145764 -1.767723 0.051024 0.000402 0.004950 0.004352 0.999978
25.355228 0.136644 -1.781424 0.045028 -0.000435 0.005543 0.004101 0.999976
25.366150 0.141269 -1.781097 0.046079 -0.000274 0.005235 0.004257 0.999977
25.385801 0.138324 -1.776007 0.042298 -0.000004 0.005418 0.004051 0.999977
25.402212 0.136905 -1.782442 0.042589 -0.000456 0.005563 0.003926 0.999977
25.413044 0.139724 -1.780713 0.044599 -0.000353 0.005454 0.003686 0.999978
25.428373 0.136598 -1.778283 0.045280 -0.000142 0.005651 0.003620 0.999977
25.453070 0.128789 -1.784426 0.048335 -0.000552 0.006250 0.003428 0.999974
25.468304 0.145614 -1.779468 0.050681 -0.000228 0.005168 0.003417 0.999981
25.492796 0.147044 -1.780680 0.053617 -0.000290 0.005088 0.003279 0.999982
25.508039 0.133343 -1.776222 0.052233 -0.000015 0.005983 0.003403 0.999976
25.519308 0.136200 -1.765408 0.052648 0.000661 0.005741 0.003083 0.999979
25.538897 0.135351 -1.790209 0.051774 -0.000944 0.005797 0.002532 0.999979
25.550671 0.150881 -1.778186 0.056904 -0.000124 0.004771 0.002228 0.999986
25.563509 0.162370 -1.763415 0.062304 0.000899 0.004039 0.002357 0.999989
25.584394 0.144347 -1.777787 0.058761 -0.000082 0.005316 0.002204 0.999983
25.610514 0.145813 -1.782106 0.061235 -0.000281 0.005147 0.002047 0.999985
25.624319 0.135217 -1.772656 0.059759 0.000491 0.005828 0.001690 0.999981
25.641970 0.140245 -1.792503 0.063356 -0.000800 0.005493 0.001531 0.999983
25.654148 0.140729 -1.794159 0.061310 -0.000886 0.005398 0.001263 0.999984
25.672684 0.144350 -1.785768 0.055796 -0.000214 0.005190 0.001218 0.999986
25.682108 0.152733 -1.773013 0.056835 0.000611 0.004567 0.000917 0.999989
25.695572 0.145894 -1.793724 0.060671 -0.000668 0.005010 0.000416 0.999987
25.713163 0.149827 -1.778122 0.060154 0.000323 0.004633 0.000255 0.999989
25.731009 0.148978 -1.780584 0.062525 0.000238 0.004498 -0.000012 0.999990
25.756128 0.146258 -1.795405 0.064083 -0.000813 0.004680 -0.000406 0.999989
25.769304 0.146988 -1.796235 0.064963 -0.000830 0.004404 -0.000401 0.999990
25.785629 0.156755 -1.791957 0.066286 -0.000497 0.003591 -0.001062 0.999993
25.807924 0.120407 -1.787301 0.065953 -0.000209 0.005870 -0.000855 0.999982
25.822075 0.135760 -1.792704 0.062002 -0.000632 0.004678 -0.001131 0.999988
25.831984 0.125529 -1.771261 0.065348 0.000712 0.005152 -0.001245 0.999986
25.853987 0.118842 -1.779656 0.063421 -0.000018 0.005391 -0.001565 0.999984
25.867388 0.114902 -1.764359 0.068978 0.001077 0.005457 -0.001318 0.999984
25.881884 0.122140 -1.765791 0.064565 0.000799 0.004747 -0.001299 0.999988
25.898346 0.125075 -1.794984 0.063747 -0.001198 0.004260 -0.001514 0.999989
25.914476 0.135886 -1.787283 0.070973 -0.000724 0.003178 -0.001927 0.999993
25.940096 0.160881 -1.778265 0.072636 -0.000246 0.001311 -0.002150 0.999997
25.949598 0.125782 -1.777235 0.069793 -0.000147 0.003270 -0.002029 0.999993
25.961916 0.138996 -1.785520 0.072822 -0.000589 0.001975 -0.002041 0.999996
25.979792 0.134999 -1.772866 0.076179 0.000166 0.001833 -0.002386 0.999995
25.993422 0.140852 -1.765302 0.073245 0.000669 0.001072 -0.002374 0.999996
26.018353 0.145905 -1.765625 0.078388 0.000557 0.000322 -0.002550 0.999997
26.029131 0.159273 -1.770316 0.079136 0.000311 -0.000950 -0.002577 0.999996
26.044031 0.108676 -1.775386 0.076966 -0.000106 0.001776 -0.002507 0.999995
26.059072 0.143752 -1.793396 0.075773 -0.001271 -0.001092 -0.002526 0.999995
26.075991 0.105829 -1.762905 0.079512 0.000707 0.000836 -0.002593 0.999996
26.092304 0.148794 -1.776513 0.083010 -0.000160 -0.002551 -0.002309 0.999994
26.110008 0.159332 -1.763291 0.085233 0.000749 -0.003880 -0.002299 0.999990
26.130093 0.150389 -1.759487 0.084105 0.000963 -0.003796 -0.002547 0.999989
26.143929 0.138078 -1.761658 0.085913 0.000866 -0.003661 -0.002368 0.999990
26.159979 0.150095 -1.769142 0.081551 0.000404 -0.005171 -0.002688 0.999983
26.179316 0.124130 -1.766766 0.083021 0.000717 -0.004146 -0.002828 0.999987
26.196562 0.124807 -1.753673 0.082248 0.001579 -0.004944 -0.002873 0.999982
26.217838 0.125554 -1.764917 0.083347 0.000878 -0.005772 -0.002924 0.999979
26.234343 0.140596 -1.765390 0.088228 0.000830 -0.007636 -0.002573 0.999967
26.247444 0.121044 -1.767594 0.086015 0.000761 -0.007181 -0.002914 0.999970
26.269678 0.139208 -1.759498 0.086437 0.001355 -0.009137 -0.002861 0.999953
26.284733 0.105695 -1.760486 0.087523 0.001389 -0.007792 -0.002797 0.999965
26.300816 0.132471 -1.787326 0.086183 -0.000433 -0.010625 -0.002771 0.999940
26.310490 0.156447 -1.783057 0.087741 0.000007 -0.013026 -0.003141 0.999910
26.328150 0.160610 -1.773297 0.096927 0.000631 -0.014390 -0.002808 0.999892
26.349955 0.154149 -1.781615 0.096188 0.000160 -0.014923 -0.002865 0.999885
26.359554 0.140147 -1.764578 0.095332 0.001284 -0.015025 -0.002983 0.999882
26.381466 0.151620 -1.768030 0.094459 0.001183 -0.016934 -0.003163 0.999851
26.408800 0.149664 -1.780262 0.096593 0.000512 -0.017930 -0.002655 0.999836
26.423002 0.136274 -1.784014 0.095102 0.000230 -0.018206 -0.002719 0.999831
26.433409 0.117720 -1.782166 0.096672 0.000282 -0.018085 -0.003109 0.999832
26.441954 0.155290 -1.782263 0.098074 0.000486 -0.021751 -0.002918 0.999759
26.465244 0.140775 -1.789418 0.102564 0.000000 -0.022141 -0.003112 0.999750
26.490257 0.147168 -1.785010 0.106386 0.000383 -0.023793 -0.003335 0.999711
26.502956 0.149791 -1.787827 0.103833 0.000228 -0.025321 -0.003407 0.999674
26.520603 0.165243 -1.775427 0.110250 0.001173 -0.027650 -0.003674 0.999610
26.534344 0.145724 -1.800928 0.106519 -0.000600 -0.027778 -0.003653 0.999607
26.549171 0.140509 -1.799035 0.108988 -0.000477 -0.028780 -0.003933 0.999578
26.566685 0.147117 -1.791868 0.110271 0.000073 -0.030659 -0.004142 0.999521
26.576910 0.143437 -1.785912 0.113273 0.000430 -0.031961 -0.004364 0.999479
26.599600 0.149945 -1.774967 0.112315 0.001097 -0.033872 -0.004555 0.999415
26.615135 0.128875 -1.774224 0.116816 0.001028 -0.034190 -0.004731 0.999404
26.636269 0.159351 -1.758496 0.116580 0.001854 -0.037692 -0.004918 0.999276
26.654646 0.123763 -1.761071 0.112276 0.001641 -0.036938 -0.005007 0.999304
26.676666 0.145066 -1.760810 0.117013 0.001555 -0.040070 -0.005511 0.999180
26.692720 0.147924 -1.772927 0.118544 0.000515 -0.041983 -0.006034 0.999100
26.702372 0.110759 -1.780415 0.120140 -0.000184 -0.041306 -0.005815 0.999130
26.716076 0.134175 -1.756241 0.123149 0.001150 -0.044555 -0.005935 0.998989
26.731977 0.131583 -1.797063 0.122664 -0.001724 -0.046130 -0.006414 0.998913
26.746574 0.120195 -1.780821 0.130294 -0.000824 -0.047337 -0.006437 0.998858
26.761414 0.110603 -1.775694 0.123438 -0.000765 -0.048525 -0.006885 0.998798
26.786650 0.117542 -1.763691 0.127441 -0.000111 -0.050852 -0.006605 0.998684
26.804358 0.088008 -1.771094 0.125672 -0.000851 -0.050888 -0.006964 0.998680
26.819530 0.136546 -1.767142 0.121153 -0.000750 -0.056049 -0.007072 0.998403
26.843027 0.113519 -1.784658 0.127243 -0.002175 -0.056522 -0.007057 0.998374
26.855967 0.109022 -1.766260 0.133073 -0.001095 -0.058217 -0.007357 0.998276
26.868273 0.109977 -1.786783 0.135408 -0.002753 -0.060380 -0.006967 0.998147
26.891285 0.096595 -1.788979 0.128540 -0.002960 -0.061671 -0.007306 0.998065
26.899523 0.125520 -1.782255 0.132268 -0.002745 -0.065644 -0.007727 0.997809
26.909575 0.123452 -1.805105 0.136722 -0.004387 -0.067788 -0.007401 0.997663
26.924675 0.126325 -1.749962 0.142241 -0.000740 -0.070023 -0.007736 0.997515
26.948318 0.128591 -1.796097 0.141426 -0.003933 -0.072378 -0.008231 0.997335
26.962059 0.119698 -1.762910 0.143452 -0.001927 -0.073961 -0.008878 0.997220
26.992334 0.113900 -1.771745 0.146329 -0.002617 -0.075784 -0.008313 0.997086
27.000782 0.120205 -1.773516 0.148868 -0.002807 -0.078467 -0.008455 0.996877
27.027695 0.108666 -1.767522 0.152773 -0.002429 -0.079924 -0.008757 0.996759
27.038994 0.113294 -1.780199 0.156079 -0.003566 -0.082395 -0.009064 0.996552
27.050573 0.122964 -1.753183 0.160090 -0.001621 -0.085443 -0.008908 0.996302
27.062801 0.122581 -1.769914 0.158836 -0.002935 -0.087599 -0.009581 0.996105
27.088760 0.112936 -1.786329 0.154249 -0.004107 -0.089100 -0.009484 0.995969
27.100718 0.115173 -1.787229 0.155983 -0.004270 -0.091407 -0.009180 0.995762
27.114336 0.104486 -1.795567 0.156539 -0.004909 -0.093036 -0.009130 0.995609
27.131157 0.092781 -1.785301 0.158668 -0.004257 -0.094514 -0.008989 0.995474
27.147699 0.087334 -1.793599 0.154535 -0.005010 -0.096352 -0.009493 0.995289
27.161148 0.088414 -1.781943 0.155503 -0.004277 -0.098686 -0.010108 0.995058
27.185986 0.116213 -1.779044 0.158770 -0.004078 -0.102701 -0.010062 0.994653
27.195213 0.095834 -1.785754 0.156245 -0.004554 -0.103554 -0.009976 0.994563
27.214470 0.088624 -1.787258 0.159316 -0.004756 -0.105141 -0.009969 0.994396
27.231619 0.090108 -1.810661 0.160673 -0.006371 -0.107523 -0.010162 0.994130
27.259693 0.110761 -1.777583 0.167255 -0.004172 -0.110867 -0.010681 0.993769
27.275972 0.083747 -1.798644 0.163256 -0.005592 -0.111243 -0.010737 0.993719
27.287401 0.087970 -1.810193 0.165200 -0.006339 -0.113709 -0.010773 0.993436
27.298794 0.110909 -1.781289 0.176514 -0.004577 -0.117189 -0.011336 0.993034
27.316713 0.105331 -1.772194 0.175888 -0.003921 -0.118845 -0.011318 0.992841
27.329090 0.106594 -1.790797 0.170886 -0.005305 -0.120942 -0.011725 0.992576
27.343992 0.108460 -1.788985 0.171834 -0.005173 -0.122857 -0.011720 0.992342
27.363079 0.114309 -1.789620 0.181219 -0.005258 -0.125307 -0.012117 0.992030
27.379862 0.065047 -1.783590 0.177337 -0.004966 -0.123840 -0.012799 0.992207
27.410238 0.084853 -1.790132 0.175586 -0.005524 -0.127122 -0.013071 0.991786
27.426531 0.078832 -1.791773 0.175169 -0.005792 -0.128499 -0.013088 0.991606
27.444832 0.085620 -1.801159 0.177746 -0.006521 -0.130704 -0.013325 0.991310
27.457163 0.068440 -1.794622 0.174983 -0.006246 -0.131218 -0.013664 0.991240
27.470995 0.073730 -1.801954 0.181616 -0.006789 -0.133250 -0.014228 0.990957
27.495735 0.081037 -1.808926 0.183969 -0.007344 -0.135321 -0.014832 0.990664
27.505798 0.065818 -1.787864 0.188380 -0.006055 -0.135884 -0.015909 0.990579
27.526808 0.072730 -1.786443 0.189051 -0.006075 -0.137985 -0.015757 0.990290
27.535847 0.082299 -1.783342 0.192203 -0.005851 -0.140118 -0.016192 0.989985
27.547365 0.079531 -1.788597 0.197187 -0.006243 -0.141402 -0.016912 0.989788
27.576061 0.073214 -1.792347 0.199428 -0.006585 -0.142359 -0.016964 0.989648
27.586805 0.082994 -1.788642 0.205936 -0.006453 -0.144477 -0.017603 0.989331
27.595575 0.077887 -1.796776 0.207592 -0.006991 -0.145427 -0.017569 0.989188
27.618572 0.083010 -1.779296 0.204111 -0.005956 -0.146966 -0.018318 0.988954
27.627968 0.053941 -1.831042 0.204232 -0.009511 -0.146318 -0.018699 0.989015
27.648052 0.076294 -1.796060 0.201826 -0.007169 -0.148880 -0.018932 0.988648
27.675308 0.047089 -1.846172 0.210956 -0.010554 -0.148303 -0.019218 0.988699
27.685482 0.073813 -1.794804 0.214965 -0.007093 -0.151173 -0.019566 0.988288
27.707733 0.074006 -1.803835 0.211633 -0.007765 -0.152324 -0.020236 0.988093
27.720249 0.095559 -1.808414 0.222473 -0.008024 -0.154721 -0.020272 0.987718
27.742622 0.086658 -1.819415 0.214883 -0.008835 -0.155085 -0.020967 0.987639
27.751564 0.085783 -1.802070 0.227784 -0.007635 -0.155889 -0.021064 0.987520
27.764425 0.084786 -1.789208 0.228564 -0.006789 -0.156766 -0.021466 0.987379
27.784103 0.086966 -1.804086 0.233426 -0.007738 -0.157835 -0.021448 0.987202
27.799679 0.044187 -1.837566 0.232831 -0.010002 -0.155814 -0.021616 0.987499
27.814837 0.059930 -1.809335 0.231659 -0.008097 -0.157582 -0.022138 0.987225
27.832668 0.035797 -1.822184 0.237712 -0.008896 -0.156690 -0.022040 0.987362
27.851402 0.006904 -1.822266 0.236803 -0.008822 -0.155375 -0.022210 0.987566
27.865114 0.053336 -1.826585 0.240767 -0.008919 -0.159076 -0.022130 0.986978
27.883596 0.011632 -1.835146 0.238654 -0.009584 -0.156950 -0.022333 0.987308
27.907162 0.049375 -1.823447 0.243839 -0.008759 -0.159858 -0.022874 0.986836
27.921848 0.014306 -1.851793 0.243192 -0.010619 -0.158124 -0.023391 0.987085
27.937275 0.053507 -1.843446 0.248078 -0.009901 -0.161172 -0.023099 0.986606
27.947882 0.028566 -1.861640 0.256038 -0.011048 -0.160001 -0.023247 0.986781
27.966919 0.080786 -1.815502 0.271707 -0.007765 -0.163708 -0.023322 0.986203
27.981419 0.019568 -1.901765 0.267035 -0.013428 -0.160136 -0.023152 0.986732
27.997581 0.070395 -1.819463 0.276537 -0.007649 -0.163688 -0.024683 0.986174
28.010817 0.063682 -1.808364 0.269691 -0.006809 -0.163478 -0.024425 0.986221
28.031658 0.009029 -1.848102 0.271910 -0.009110 -0.160076 -0.024070 0.986769
28.054726 0.005803 -1.848573 0.277675 -0.008971 -0.160035 -0.024324 0.986771
28.062988 0.040721 -1.852052 0.283353 -0.008842 -0.162559 -0.024230 0.986362
28.088282 0.018436 -1.860627 0.287601 -0.009352 -0.161133 -0.024858 0.986575
28.099979 -0.003509 -1.866195 0.280145 -0.009504 -0.159651 -0.024982 0.986812
28.126991 0.001497 -1.820702 0.289614 -0.006136 -0.160060 -0.025373 0.986762
28.144375 0.056249 -1.821790 0.296141 -0.006151 -0.163695 -0.025941 0.986151
28.156590 0.009453 -1.876267 0.299699 -0.009420 -0.160666 -0.025433 0.986636
28.167551 0.003762 -1.878439 0.302681 -0.009332 -0.160154 -0.025696 0.986713
28.187412 -0.007714 -1.872347 0.305565 -0.008842 -0.159361 -0.025885 0.986841
28.212719 -0.004015 -1.870216 0.307536 -0.008566 -0.159385 -0.026373 0.986827
28.225296 -0.022480 -1.853098 0.311503 -0.007213 -0.157960 -0.026465 0.987064
28.240461 -0.020047 -1.853137 0.317055 -0.006842 -0.158030 -0.026140 0.987064
28.249590 -0.020779 -1.855733 0.313483 -0.006911 -0.157735 -0.026843 0.987092
28.273058 -0.031269 -1.879898 0.316948 -0.008374 -0.156831 -0.026484 0.987235
28.281473 -0.054118 -1.881898 0.320586 -0.008319 -0.155045 -0.026499 0.987517
28.302502 -0.039346 -1.895987 0.329435 -0.009071 -0.155761 -0.026352 0.987401
28.315788 -0.030745 -1.871405 0.328641 -0.007209 -0.155972 -0.026417 0.987382
28.344524 -0.049960 -1.884766 0.331268 -0.007962 -0.154478 -0.026211 0.987616
28.352154 -0.051518 -1.849925 0.337929 -0.005409 -0.153955 -0.026552 0.987706
28.362980 -0.043998 -1.885040 0.339240 -0.007665 -0.154028 -0.026449 0.987683
28.379492 -0.044998 -1.869327 0.350315 -0.006407 -0.153648 -0.026019 0.987762
28.396465 -0.029031 -1.868852 0.352376 -0.006124 -0.154427 -0.026294 0.987635
28.419182 -0.110798 -1.906643 0.344923 -0.008608 -0.148317 -0.026236 0.988554
28.442530 -0.113015 -1.905892 0.354323 -0.008417 -0.147783 -0.025946 0.988644
28.456247 -0.102851 -1.945736 0.357002 -0.011006 -0.147981 -0.025806 0.988592
28.468943 -0.047383 -1.905704 0.365806 -0.007974 -0.151334 -0.025465 0.988122
28.485279 -0.077039 -1.932748 0.372707 -0.009709 -0.148745 -0.025130 0.988508
28.497467 -0.086531 -1.921551 0.372148 -0.008814 -0.147566 -0.025401 0.988687
28.512688 -0.075051 -1.892648 0.372856 -0.006597 -0.147554 -0.024727 0.988723
28.541021 -0.095273 -1.914339 0.377977 -0.007835 -0.145728 -0.024692 0.988986
28.551300 -0.078331 -1.895353 0.385804 -0.006272 -0.146192 -0.025175 0.988916
28.579582 -0.080716 -1.924172 0.389301 -0.008019 -0.145611 -0.024615 0.989003
28.591982 -0.141410 -1.928054 0.390769 -0.008139 -0.140693 -0.023807 0.989733
28.614218 -0.107383 -1.901784 0.400933 -0.006122 -0.142316 -0.024082 0.989509
28.626572 -0.120502 -1.924339 0.401685 -0.007569 -0.140717 -0.023326 0.989746
28.640335 -0.125935 -1.938244 0.405027 -0.008204 -0.139537 -0.023182 0.989911
28.659048 -0.134901 -1.971923 0.408814 -0.010169 -0.138287 -0.022578 0.990083
28.667791 -0.142965 -1.961953 0.406379 -0.009149 -0.136970 -0.022243 0.990283
28.689829 -0.250973 -1.954368 0.409043 -0.008447 -0.128820 -0.021869 0.991391
28.699390 -0.144510 -1.917419 0.418039 -0.005362 -0.135346 -0.022673 0.990524
28.721203 -0.171609 -1.907696 0.421051 -0.004419 -0.132710 -0.022538 0.990889
28.735809 -0.254595 -1.969444 0.421922 -0.008254 -0.126094 -0.021203 0.991757
28.753199 -0.167308 -1.933439 0.433508 -0.005541 -0.131051 -0.021505 0.991127
28.769032 -0.244436 -2.004187 0.432369 -0.010227 -0.124942 -0.020865 0.991892
28.780066 -0.290667 -1.975219 0.437637 -0.007834 -0.120848 -0.019961 0.992439
28.806524 -0.143216 -1.921954 0.449175 -0.003611 -0.130215 -0.020446 0.991268
28.816374 -0.214105 -1.967607 0.451086 -0.006688 -0.124368 -0.020057 0.992011
28.827999 -0.249119 -1.993140 0.440110 -0.008265 -0.120868 -0.019681 0.992439
28.846079 -0.207068 -1.979821 0.463673 -0.007042 -0.122748 -0.019876 0.992214
28.880983 -0.339194 -2.036550 0.456143 -0.010969 -0.112730 -0.018747 0.993388
28.893892 -0.153102 -1.929686 0.466202 -0.002954 -0.124570 -0.019056 0.992023
28.904587 -0.346668 -2.016484 0.476502 -0.009059 -0.110111 -0.018052 0.993714
28.919725 -0.315910 -2.025559 0.481601 -0.009596 -0.111211 -0.017953 0.993588
28.935308 -0.365444 -2.008251 0.485170 -0.008056 -0.106726 -0.017688 0.994098
28.949684 -0.356616 -2.036392 0.484327 -0.009691 -0.106332 -0.016994 0.994138
28.971285 -0.394048 -2.028159 0.490832 -0.008991 -0.102542 -0.016788 0.994546
28.985720 -0.403223 -2.044185 0.494565 -0.009955 -0.100766 -0.016395 0.994725
28.997734 -0.457641 -2.064114 0.493530 -0.011268 -0.095916 -0.016580 0.995188
29.020962 -0.425491 -2.040392 0.504335 -0.009271 -0.097039 -0.016143 0.995106
29.031445 -0.400888 -2.061796 0.510250 -0.010603 -0.097600 -0.015100 0.995055
29.052528 -0.452505 -2.089445 0.512541 -0.012439 -0.092935 -0.014981 0.995482
29.076607 -0.430644 -2.045270 0.522127 -0.009188 -0.093274 -0.014876 0.995487
29.089935 -0.429257 -2.048936 0.527864 -0.009312 -0.092129 -0.015241 0.995587
29.112892 -0.465129 -2.062171 0.526169 -0.010070 -0.088398 -0.015244 0.995918
29.121042 -0.514522 -2.088193 0.529594 -0.011678 -0.083800 -0.014834 0.996304
29.138292 -0.482192 -2.072719 0.542064 -0.010511 -0.084982 -0.014619 0.996220
29.156420 -0.507682 -2.103860 0.535972 -0.012405 -0.081907 -0.013890 0.996466
29.168415 -0.634144 -2.120153 0.556290 -0.013298 -0.071912 -0.013533 0.997231
29.181458 -0.583921 -2.117175 0.556164 -0.013014 -0.074174 -0.013758 0.997065
29.201958 -0.648505 -2.140738 0.553564 -0.014441 -0.068432 -0.012914 0.997468
29.227949 -0.616769 -2.120469 0.560962 -0.012953 -0.069458 -0.013383 0.997411
29.243647 -0.569857 -2.094123 0.566929 -0.010720 -0.071526 -0.013054 0.997296
29.251554 -0.606017 -2.112137 0.573129 -0.011915 -0.067792 -0.013165 0.997541
29.277372 -0.663094 -2.116721 0.580841 -0.012148 -0.062520 -0.012382 0.997893
29.307838 -0.731515 -2.138145 0.593543 -0.013413 -0.056688 -0.012287 0.998226
29.322729 -0.724089 -2.134520 0.596373 -0.013083 -0.055828 -0.011893 0.998284
29.335546 -0.733446 -2.122244 0.603980 -0.011928 -0.053932 -0.011812 0.998404
29.361801 -0.762020 -2.179689 0.612263 -0.015927 -0.050741 -0.011379 0.998520
29.370914 -0.814175 -2.173610 0.624085 -0.015201 -0.045839 -0.010612 0.998777
29.385506 -0.792396 -2.192458 0.618607 -0.016480 -0.046203 -0.010758 0.998738
29.401865 -0.769312 -2.179009 0.631628 -0.015446 -0.046573 -0.010250 0.998743
29.415169 -0.806193 -2.172308 0.637839 -0.014616 -0.042680 -0.009898 0.998933
29.431055 -0.805300 -2.187625 0.640922 -0.015586 -0.041562 -0.009734 0.998967
29.450958 -0.760295 -2.168197 0.638067 -0.014103 -0.043605 -0.009736 0.998902
29.465481 -0.836765 -2.142137 0.652962 -0.012170 -0.036855 -0.009298 0.999203
29.495646 -0.810931 -2.184958 0.657967 -0.015025 -0.037334 -0.009057 0.999149
29.509636 -0.864215 -2.164298 0.670131 -0.013450 -0.032435 -0.009399 0.999339
29.525253 -0.874059 -2.215720 0.667883 -0.016813 -0.030579 -0.008494 0.999355
29.533859 -0.906374 -2.213905 0.684809 -0.016521 -0.027148 -0.008870 0.999456
29.549927 -0.935315 -2.206604 0.689349 -0.015897 -0.023936 -0.008373 0.999552
29.569910 -0.846697 -2.188665 0.687615 -0.014272 -0.028939 -0.008454 0.999444
29.582890 -0.885278 -2.185515 0.698748 -0.013778 -0.024954 -0.008218 0.999560
29.610138 -0.917864 -2.206866 0.713169 -0.015010 -0.021410 -0.008585 0.999621
29.622129 -0.943876 -2.227464 0.713253 -0.016291 -0.018525 -0.008830 0.999657
29.638353 -0.971468 -2.212190 0.722686 -0.014827 -0.015190 -0.008496 0.999739
29.646858 -0.974719 -2.213251 0.726603 -0.014551 -0.013864 -0.008688 0.999760
29.662502 -1.035377 -2.247826 0.752175 -0.016662 -0.008492 -0.008510 0.999789
29.684521 -1.005461 -2.215793 0.756009 -0.013965 -0.009418 -0.008679 0.999820
29.710699 -1.075189 -2.267597 0.770377 -0.017451 -0.003446 -0.008655 0.999804
29.720526 -1.052042 -2.268590 0.773190 -0.017198 -0.003913 -0.008725 0.999806
29.744961 -1.090066 -2.274885 0.789377 -0.017402 -0.000164 -0.008953 0.999808
29.754652 -1.109628 -2.259086 0.791425 -0.015906 0.002245 -0.008991 0.999831
29.768524 -1.102867 -2.264055 0.801639 -0.015794 0.002817 -0.008855 0.999832
29.791706 -1.101018 -2.280089 0.802799 -0.016588 0.003621 -0.009393 0.999812
29.801603 -1.101409 -2.295570 0.809237 -0.017378 0.004754 -0.008746 0.999799
29.827354 -1.106579 -2.257892 0.807081 -0.014220 0.006004 -0.008846 0.999842
29.837688 -1.127188 -2.277849 0.824056 -0.015405 0.008460 -0.009289 0.999802
29.861782 -1.134349 -2.267110 0.833473 -0.014121 0.010132 -0.008965 0.999809
29.881418 -1.121792 -2.300633 0.841293 -0.016066 0.009899 -0.009117 0.999780
29.895449 -1.142457 -2.302858 0.847257 -0.015842 0.012125 -0.009735 0.999754
29.912348 -1.191137 -2.287922 0.856964 -0.014404 0.016547 -0.009836 0.999711
29.923723 -1.190737 -2.297046 0.871649 -0.014659 0.017671 -0.009633 0.999690
29.935991 -1.209334 -2.294030 0.881232 -0.013953 0.019838 -0.009532 0.999660
29.952557 -1.234636 -2.304066 0.895407 -0.014360 0.022361 -0.009708 0.999600
29.970152 -1.237367 -2.275235 0.895655 -0.011799 0.023423 -0.009190 0.999614
29.983080 -1.232950 -2.297191 0.894785 -0.012987 0.023602 -0.009797 0.999589
30.003311 -1.276442 -2.295631 0.913096 -0.012587 0.027627 -0.010065 0.999488
30.018881 -1.309151 -2.301282 0.930293 -0.012711 0.030754 -0.010511 0.999391
30.043463 -1.267887 -2.294774 0.929215 -0.011722 0.028646 -0.009931 0.999472
30.053789 -1.303148 -2.287303 0.937095 -0.010791 0.031758 -0.010011 0.999387
30.066935 -1.333466 -2.302510 0.956500 -0.011647 0.034605 -0.010067 0.999282
30.098162 -1.326256 -2.312514 0.965710 -0.012014 0.034689 -0.009820 0.999278
30.113527 -1.350514 -2.341332 0.971376 -0.013865 0.036930 -0.010324 0.999168
30.130512 -1.359702 -2.336715 0.973993 -0.013110 0.038151 -0.010160 0.999134
30.141705 -1.376330 -2.344780 0.981545 -0.013461 0.040018 -0.009765 0.999061
30.168715 -1.396489 -2.303237 0.989495 -0.010128 0.042080 -0.009549 0.999017
30.178131 -1.413712 -2.322286 0.999414 -0.011191 0.043853 -0.009874 0.998927
30.189598 -1.410203 -2.319250 1.008784 -0.010800 0.044303 -0.009879 0.998911
30.205889 -1.419807 -2.330574 1.019093 -0.011370 0.045487 -0.009494 0.998855
30.227896 -1.431453 -2.333696 1.022292 -0.011362 0.046803 -0.009661 0.998793
30.239977 -1.408726 -2.351280 1.026958 -0.012468 0.045686 -0.009824 0.998830
30.258129 -1.429154 -2.333586 1.032898 -0.010816 0.047654 -0.008878 0.998766
30.279776 -1.487260 -2.338991 1.060049 -0.011097 0.052401 -0.009349 0.998521
30.296785 -1.491998 -2.382990 1.066784 -0.014056 0.053169 -0.008786 0.998448
30.309097 -1.523942 -2.359561 1.078864 -0.012275 0.055940 -0.009077 0.998317
30.323009 -1.510826 -2.356170 1.077267 -0.011679 0.055347 -0.008844 0.998360
30.342756 -1.527617 -2.372720 1.089774 -0.012832 0.057290 -0.008400 0.998240
30.370403 -1.553441 -2.388386 1.102925 -0.013923 0.059545 -0.008117 0.998096
30.385992 -1.532578 -2.378181 1.102112 -0.012921 0.058576 -0.008119 0.998166
30.405226 -1.587758 -2.383269 1.126104 -0.013159 0.063019 -0.007760 0.997895
30.418325 -1.587067 -2.383817 1.134675 -0.013104 0.063504 -0.007419 0.997868
30.435902 -1.617987 -2.347073 1.141585 -0.010153 0.066314 -0.007140 0.997722
30.457237 -1.636696 -2.375744 1.158987 -0.012219 0.068056 -0.007063 0.997582
30.467518 -1.636114 -2.366781 1.158523 -0.011310 0.068413 -0.006422 0.997572
30.479284 -1.676841 -2.388897 1.183376 -0.012808 0.071849 -0.006296 0.997313
30.497917 -1.672666 -2.383708 1.189473 -0.012360 0.072042 -0.006308 0.997305
30.519526 -1.672368 -2.362617 1.191012 -0.010494 0.072730 -0.005296 0.997282
30.542980 -1.651644 -2.406996 1.185929 -0.013552 0.071088 -0.005421 0.997363
30.553257 -1.728058 -2.370061 1.217490 -0.010765 0.077543 -0.005613 0.996915
30.566235 -1.695505 -2.376143 1.212509 -0.010969 0.075621 -0.005156 0.997063
30.585548 -1.751690 -2.363415 1.238192 -0.009900 0.080255 -0.005209 0.996712
30.606543 -1.733933 -2.368590 1.239638 -0.010054 0.079358 -0.004902 0.996783
30.620470 -1.735861 -2.361586 1.243838 -0.009429 0.080090 -0.004269 0.996734
30.648998 -1.743800 -2.380651 1.252703 -0.010705 0.080921 -0.004684 0.996652
30.658119 -1.763517 -2.370368 1.259077 -0.009687 0.082959 -0.004078 0.996498
30.679127 -1.759760 -2.393661 1.269754 -0.011313 0.083027 -0.003723 0.996476
30.688009 -1.790828 -2.370212 1.288266 -0.009264 0.086080 -0.003343 0.996240
30.701666 -1.805743 -2.399518 1.295339 -0.011416 0.087664 -0.003330 0.996079
30.726200 -1.822170 -2.397688 1.305136 -0.011217 0.089239 -0.003408 0.995941
30.745396 -1.840308 -2.378535 1.317336 -0.009451 0.091169 -0.002907 0.995786
30.754480 -1.859644 -2.377409 1.327761 -0.009316 0.093266 -0.002753 0.995594
30.776596 -1.882913 -2.361293 1.334691 -0.008027 0.095409 -0.002456 0.995403
30.790165 -1.896764 -2.385419 1.349136 -0.009873 0.097001 -0.002639 0.995232
30.801056 -1.880550 -2.399751 1.349990 -0.011013 0.096039 -0.002923 0.995312
30.819925 -1.900043 -2.376117 1.363084 -0.009221 0.098252 -0.002702 0.995115
30.835325 -1.925481 -2.366201 1.375261 -0.008278 0.100682 -0.002463 0.994881
30.849346 -1.951854 -2.429663 1.396872 -0.013115 0.103153 -0.002617 0.994576
30.880264 -1.926304 -2.390507 1.384800 -0.010032 0.101823 -0.002302 0.994749
30.891005 -1.958543 -2.380070 1.396568 -0.009059 0.104802 -0.001615 0.994451
30.902302 -1.979399 -2.398081 1.416800 -0.010511 0.106876 -0.002048 0.994215
30.917789 -2.023873 -2.383072 1.443122 -0.009287 0.111172 -0.001740 0.993756
30.940899 -2.011057 -2.388859 1.435441 -0.009647 0.110696 -0.001319 0.993807
30.968449 -2.037412 -2.388926 1.451383 -0.009538 0.113100 -0.001417 0.993537
30.981628 -2.036666 -2.393188 1.458160 -0.009838 0.113659 -0.000824 0.993471
30.993176 -2.055395 -2.406965 1.471283 -0.010883 0.115628 -0.001252 0.993232
31.003365 -2.063130 -2.399374 1.476332 -0.010182 0.116878 -0.000949 0.993094
31.023420 -2.065401 -2.385469 1.483172 -0.008994 0.117569 -0.000832 0.993024
31.039238 -2.072188 -2.398316 1.494517 -0.009976 0.118764 -0.000504 0.992872
31.064579 -2.068892 -2.412280 1.494075 -0.011191 0.119053 -0.000887 0.992824
31.083574 -2.088341 -2.397324 1.501811 -0.009713 0.121000 -0.000474 0.992605
31.093096 -2.094873 -2.416725 1.510028 -0.011165 0.122293 -0.000620 0.992431
31.106550 -2.142184 -2.412969 1.538571 -0.010734 0.126753 -0.000705 0.991876
31.125603 -2.162831 -2.418534 1.555485 -0.011241 0.129072 -0.000560 0.991571
31.136284 -2.165953 -2.450570 1.566357 -0.013629 0.130005 -0.000377 0.991420
31.156845 -2.097235 -2.423610 1.529105 -0.011393 0.124753 -0.000210 0.992122
31.180222 -2.186021 -2.434793 1.586744 -0.012257 0.133034 -0.000205 0.991036
31.190453 -2.168633 -2.472889 1.583000 -0.015165 0.132018 -0.000289 0.991131
31.210632 -2.213459 -2.419789 1.604157 -0.011136 0.136567 -0.000298 0.990568
31.221539 -2.215850 -2.455117 1.608804 -0.013706 0.137298 -0.000251 0.990435
31.244709 -2.220109 -2.434429 1.612985 -0.012127 0.138512 0.000150 0.990287
31.255804 -2.245109 -2.451971 1.625315 -0.013400 0.140964 0.000206 0.989924
31.270187 -2.294595 -2.424849 1.656876 -0.011263 0.145692 -0.000447 0.989266
31.293993 -2.279016 -2.411999 1.654018 -0.009781 0.145409 0.000461 0.989323
31.302654 -2.298384 -2.438337 1.675005 -0.011757 0.147539 0.000628 0.988986
31.316917 -2.319242 -2.454746 1.693506 -0.013078 0.149989 0.000078 0.988601
31.334822 -2.324086 -2.412549 1.697974 -0.009514 0.151200 0.000477 0.988457
31.358027 -2.345904 -2.429180 1.709244 -0.010779 0.153802 0.000324 0.988043
31.370232 -2.329085 -2.439578 1.708079 -0.011629 0.153104 0.000226 0.988142
31.382650 -2.366688 -2.428444 1.728405 -0.010609 0.156820 0.000183 0.987570
31.406113 -2.355757 -2.454897 1.729990 -0.012588 0.156773 0.000665 0.987554
31.415508 -2.392067 -2.441822 1.758155 -0.011404 0.160570 0.000720 0.986958
31.443445 -2.384695 -2.455692 1.754340 -0.012583 0.160598 0.000600 0.986939
31.455751 -2.412337 -2.456033 1.772616 -0.012467 0.163556 0.000542 0.986455
31.466272 -2.398718 -2.459531 1.776496 -0.012582 0.163189 0.000586 0.986514
31.482557 -2.417369 -2.460662 1.787281 -0.012801 0.165496 0.000339 0.986127
31.509495 -2.418274 -2.449088 1.786980 -0.011567 0.166099 0.000547 0.986041
31.517630 -2.421051 -2.467161 1.794264 -0.013052 0.167025 0.000447 0.985866
31.544622 -2.460217 -2.468369 1.813250 -0.013062 0.170838 -0.000025 0.985213
31.556536 -2.454108 -2.477669 1.814510 -0.013736 0.171068 0.000127 0.985163
31.565418 -2.465668 -2.453004 1.827425 -0.011471 0.172635 0.000405 0.984919
31.594456 -2.498935 -2.464278 1.856654 -0.012382 0.176337 0.000208 0.984252
31.603199 -2.506307 -2.476117 1.867613 -0.013484 0.177772 -0.000287 0.983979
31.625183 -2.510144 -2.502713 1.869956 -0.015160 0.178807 0.000519 0.983767
31.634884 -2.547610 -2.466893 1.895649 -0.012244 0.182535 0.000590 0.983123
31.663469 -2.548378 -2.488406 1.907742 -0.013759 0.183490 0.000263 0.982925
31.673018 -2.565266 -2.478470 1.915296 -0.013025 0.185380 -0.000414 0.982580
31.685963 -2.572161 -2.491324 1.919216 -0.013870 0.186704 0.000013 0.982318
31.714006 -2.584074 -2.497097 1.925259 -0.014120 0.188035 -0.000002 0.982061
31.726669 -2.606705 -2.495234 1.947535 -0.013978 0.190796 -0.000553 0.981530
31.739927 -2.595010 -2.478347 1.942221 -0.012496 0.190533 -0.000237 0.981601
31.752205 -2.612420 -2.482955 1.957951 -0.012597 0.192877 0.000299 0.981142
31.765907 -2.628301 -2.477851 1.980706 -0.012286 0.195181 0.000052 0.980690
31.796371 -2.628950 -2.457860 1.974625 -0.010597 0.195683 -0.000084 0.980610
31.808500 -2.664845 -2.492188 2.011648 -0.013446 0.199611 -0.000222 0.979783
31.826511 -2.669236 -2.462786 2.006124 -0.010843 0.200324 0.000103 0.979670
31.836697 -2.712548 -2.468049 2.043415 -0.011204 0.204985 0.000188 0.978701
31.853287 -2.694765 -2.494204 2.045749 -0.013389 0.204141 -0.000015 0.978850
31.877277 -2.730573 -2.459212 2.067147 -0.010614 0.208076 0.000071 0.978055
31.889242 -2.736362 -2.457222 2.066767 -0.010324 0.208954 0.000059 0.977871
31.910086 -2.725069 -2.495697 2.063893 -0.013388 0.208382 0.000181 0.977956
31.928106 -2.738310 -2.483788 2.082199 -0.012408 0.210453 0.000317 0.977525
31.937201 -2.738826 -2.490981 2.087725 -0.013061 0.211287 -0.000149 0.977337
31.954136 -2.743705 -2.488935 2.086037 -0.012834 0.211892 0.000046 0.977209
31.976954 -2.772697 -2.491670 2.114004 -0.012850 0.215243 0.000536 0.976476
31.989393 -2.762179 -2.502052 2.112167 -0.013762 0.214916 0.000271 0.976536
32.010342 -2.804694 -2.494081 2.151953 -0.013090 0.219748 0.000297 0.975469
32.025597 -2.794718 -2.519765 2.146844 -0.015185 0.219361 -0.000110 0.975525
32.035561 -2.814716 -2.483419 2.156796 -0.012067 0.221558 -0.000295 0.975072
32.053722 -2.819792 -2.497919 2.162759 -0.013399 0.222341 -0.001089 0.974876
32.081284 -2.841633 -2.517680 2.172843 -0.014537 0.224682 -0.000171 0.974324
32.090927 -2.845489 -2.513274 2.191721 -0.014602 0.226034 -0.000737 0.974010
32.112675 -2.860107 -2.501189 2.213146 -0.013134 0.228609 0.000146 0.973430
32.124439 -2.863819 -2.505885 2.212732 -0.013778 0.229110 -0.000259 0.973303
32.136513 -2.889639 -2.473620 2.236512 -0.010798 0.232338 0.000567 0.972575
32.153324 -2.901500 -2.490778 2.248072 -0.012381 0.233861 -0.000029 0.972191
32.165314 -2.921824 -2.470045 2.262243 -0.010344 0.236494 0.001109 0.971577
32.179752 -2.930636 -2.507267 2.271146 -0.013504 0.237466 0.000093 0.971302
32.202251 -2.925612 -2.508538 2.271493 -0.013783 0.237394 -0.000256 0.971316
32.224106 -2.915173 -2.504766 2.263540 -0.013185 0.237152 0.000686 0.971383
32.243462 -2.937552 -2.521635 2.293351 -0.014546 0.240100 0.000358 0.970639
32.253983 -2.950623 -2.508774 2.310847 -0.013570 0.242200 0.000237 0.970131
32.265282 -2.954356 -2.484531 2.310484 -0.011769 0.242537 -0.000466 0.970071
32.292034 -2.972016 -2.489846 2.345384 -0.012186 0.245581 -0.000113 0.969300
32.301620 -2.993328 -2.490159 2.354316 -0.012206 0.248061 0.000078 0.968667
32.314575 -3.000661 -2.501717 2.373132 -0.013253 0.249347 -0.000312 0.968323
32.333725 -3.002396 -2.491790 2.369075 -0.012514 0.249713 -0.000464 0.968239
32.348125 -3.003142 -2.502283 2.369956 -0.013409 0.250140 -0.000735 0.968116
32.365780 -3.040451 -2.488727 2.406668 -0.012150 0.254698 -0.000209 0.966944
32.388866 -3.038505 -2.479758 2.406834 -0.011458 0.254940 -0.000122 0.966889
32.402401 -3.045070 -2.488031 2.409143 -0.012170 0.255836 -0.000759 0.966643
32.411770 -3.049595 -2.500028 2.420359 -0.013317 0.256718 -0.001224 0.966394
32.426636 -3.047733 -2.467978 2.414902 -0.010471 0.256784 -0.001089 0.966411
32.444820 -3.069159 -2.496760 2.437245 -0.013031 0.259450 -0.001212 0.965668
32.461109 -3.082598 -2.499441 2.449610 -0.013297 0.261083 -0.002080 0.965222
32.481030 -3.093241 -2.500866 2.454658 -0.013109 0.262375 -0.001566 0.964876
32.502476 -3.079269 -2.473292 2.459032 -0.010684 0.261993 -0.001133 0.965010
32.526386 -3.111273 -2.483353 2.484331 -0.011854 0.265771 -0.001570 0.963962
32.535919 -3.133680 -2.494025 2.504019 -0.012465 0.268197 -0.001104 0.963283
32.548767 -3.137248 -2.477959 2.513653 -0.011121 0.269046 -0.001188 0.963062
32.562576 -3.152907 -2.497063 2.538263 -0.013126 0.271399 -0.001913 0.962376
32.579353 -3.165718 -2.484684 2.558316 -0.011672 0.273426 -0.001510 0.961821
32.594158 -3.170522 -2.498162 2.564354 -0.012882 0.274444 -0.001239 0.961516
32.624340 -3.181215 -2.493844 2.563844 -0.012640 0.275391 -0.002204 0.961247
32.632595 -3.202218 -2.499395 2.590067 -0.013170 0.278239 -0.001841 0.960420
32.652592 -3.201525 -2.482546 2.599106 -0.011880 0.278807 -0.002532 0.960270
32.664536 -3.217597 -2.492464 2.608346 -0.012391 0.280997 -0.001317 0.959628
32.688461 -3.214304 -2.490953 2.598851 -0.012065 0.280611 -0.001272 0.959745
32.702339 -3.244616 -2.504097 2.649235 -0.013406 0.285049 -0.002009 0.958417
32.714500 -3.242400 -2.498308 2.645058 -0.012706 0.285144 -0.002078 0.958398
32.743942 -3.248927 -2.502852 2.646205 -0.012859 0.286050 -0.001402 0.958127
32.753815 -3.278470 -2.493341 2.680763 -0.011844 0.290035 -0.001012 0.956942
32.767094 -3.291261 -2.491675 2.702203 -0.012195 0.291811 -0.001505 0.956397
32.787338 -3.305135 -2.473768 2.700025 -0.010262 0.293381 -0.000948 0.955940
32.808521 -3.309446 -2.489718 2.726998 -0.011620 0.295136 -0.000962 0.955384
32.820538 -3.308703 -2.484931 2.716581 -0.010797 0.295191 -0.000332 0.955377
32.829353 -3.340072 -2.473962 2.753146 -0.009910 0.299422 -0.000484 0.954069
32.852142 -3.333355 -2.488863 2.750772 -0.011269 0.299131 -0.000755 0.954145
32.874542 -3.352778 -2.463550 2.772313 -0.009066 0.302065 -0.000753 0.953244
32.883274 -3.361043 -2.465945 2.770945 -0.009289 0.302924 -0.001208 0.952969
32.910271 -3.373912 -2.469661 2.785654 -0.009632 0.304738 -0.001235 0.952387
32.921459 -3.369243 -2.477913 2.791378 -0.010663 0.305174 -0.001424 0.952236
32.936222 -3.380820 -2.473755 2.806166 -0.010373 0.307073 -0.001928 0.951628
32.955784 -3.383651 -2.483850 2.806216 -0.011519 0.307691 -0.001930 0.951415
32.987408 -3.399806 -2.451115 2.818033 -0.008272 0.310064 -0.001009 0.950679
32.997314 -3.408346 -2.462122 2.823541 -0.009440 0.311313 -0.001271 0.950260
33.012978 -3.403383 -2.473863 2.833499 -0.010922 0.311645 -0.001921 0.950134
33.037697 -3.427285 -2.465690 2.855279 -0.010317 0.314848 -0.001350 0.949085
33.049469 -3.435380 -2.469133 2.879169 -0.011009 0.316430 -0.002041 0.948550
33.065090 -3.450114 -2.460806 2.892653 -0.010430 0.318746 -0.001772 0.947781
33.078751 -3.458206 -2.484122 2.904109 -0.012918 0.320333 -0.001900 0.947215
33.101158 -3.465812 -2.474095 2.911599 -0.011941 0.321886 -0.001186 0.946702
33.116096 -3.481061 -2.464936 2.938390 -0.011648 0.324431 -0.001302 0.945837
33.145126 -3.487834 -2.467332 2.939092 -0.012012 0.325450 -0.001405 0.945482
33.157631 -3.499335 -2.455672 2.960321 -0.011471 0.327548 -0.001651 0.944764
33.174934 -3.507709 -2.457857 2.960163 -0.011424 0.328951 -0.000658 0.944278
33.187183 -3.524646 -2.452211 2.977988 -0.011568 0.331275 -0.001119 0.943463
33.207001 -3.532724 -2.446076 2.985024 -0.011480 0.332708 -0.001254 0.942959
33.224621 -3.541735 -2.459011 3.001820 -0.012984 0.334425 -0.001316 0.942332
33.236912 -3.529788 -2.482382 3.005574 -0.015675 0.333965 -0.001856 0.942453
33.247520 -3.542241 -2.490844 3.010084 -0.016537 0.335647 -0.001391 0.941842
33.264370 -3.554886 -2.467820 3.029370 -0.014642 0.337983 -0.000678 0.941038
33.285038 -3.566944 -2.446558 3.042592 -0.012971 0.339915 -0.000494 0.940367
33.299866 -3.586287 -2.441198 3.064278 -0.012687 0.343007 -0.000088 0.939247
33.319996 -3.587164 -2.449202 3.069998 -0.013797 0.343523 -0.000093 0.939043
33.334511 -3.591602 -2.450232 3.079493 -0.014183 0.344844 0.000064 0.938553
33.356674 -3.596049 -2.458950 3.091285 -0.015145 0.346168 0.000482 0.938050
33.371510 -3.602746 -2.459623 3.095873 -0.015700 0.347304 -0.000033 0.937621
33.390812 -3.613438 -2.458626 3.106379 -0.015804 0.349085 0.000298 0.936958
33.411949 -3.627692 -2.443356 3.111231 -0.014359 0.350855 0.001061 0.936319
33.422150 -3.635221 -2.451730 3.138001 -0.015587 0.352945 0.000575 0.935514
33.435627 -3.645605 -2.460821 3.147614 -0.016633 0.354483 0.000926 0.934914
33.458599 -3.660639 -2.456732 3.176699 -0.016287 0.357339 0.001643 0.933831
33.472294 -3.661134 -2.450121 3.172959 -0.016139 0.357623 0.001181 0.933726
33.487339 -3.670983 -2.450499 3.181970 -0.016399 0.359240 0.001347 0.933100
33.500999 -3.674882 -2.445665 3.192420 -0.016043 0.360174 0.001830 0.932745
33.525887 -3.691342 -2.445967 3.222489 -0.016358 0.363408 0.001775 0.931485
33.539303 -3.696362 -2.443088 3.223841 -0.016115 0.364258 0.002452 0.931155
33.552166 -3.701563 -2.467648 3.243081 -0.019176 0.365698 0.001322 0.930535
33.571037 -3.702802 -2.457748 3.238320 -0.018125 0.365973 0.002111 0.930447
33.592655 -3.721704 -2.446733 3.259752 -0.017031 0.368968 0.002638 0.929282
33.603512 -3.737260 -2.439880 3.277207 -0.016504 0.371397 0.003103 0.928322
33.617676 -3.735759 -2.444189 3.280524 -0.017257 0.371765 0.002902 0.928162
33.632275 -3.741586 -2.463852 3.293873 -0.019409 0.372999 0.002813 0.927624
33.658859 -3.755620 -2.445569 3.305774 -0.017719 0.375270 0.003481 0.926740
33.668602 -3.754235 -2.443631 3.310136 -0.017833 0.375733 0.003517 0.926550
33.693604 -3.761159 -2.447370 3.335704 -0.018623 0.377754 0.003108 0.925713
33.711075 -3.771188 -2.467435 3.352895 -0.020781 0.379481 0.002777 0.924962
33.720329 -3.784235 -2.436039 3.355421 -0.017575 0.381209 0.004156 0.924312
33.748116 -3.786129 -2.464273 3.372634 -0.020544 0.382281 0.003359 0.923812
33.761883 -3.790309 -2.464846 3.381163 -0.020635 0.383366 0.003771 0.923358
33.775562 -3.795264 -2.459724 3.393064 -0.020434 0.384727 0.003611 0.922797
33.797699 -3.802567 -2.463663 3.405845 -0.020793 0.386190 0.003660 0.922178
33.807384 -3.812463 -2.462613 3.417650 -0.020884 0.387843 0.004092 0.921480
33.821201 -3.812271 -2.463113 3.422781 -0.021309 0.388494 0.003768 0.921197
33.832695 -3.823000 -2.464540 3.441392 -0.021530 0.390421 0.004113 0.920375
33.850258 -3.833636 -2.460792 3.460589 -0.021500 0.392477 0.004346 0.919500
33.869511 -3.838792 -2.465547 3.470335 -0.022265 0.393796 0.004419 0.918917
33.886219 -3.836340 -2.460058 3.462835 -0.021767 0.393624 0.004646 0.919002
33.903801 -3.849296 -2.461185 3.495029 -0.021914 0.396513 0.004973 0.917754
33.920723 -3.864716 -2.463308 3.512125 -0.022041 0.398789 0.005305 0.916763
33.933506 -3.864584 -2.460361 3.522021 -0.022096 0.399598 0.005385 0.916408
33.961349 -3.873547 -2.465381 3.539437 -0.022610 0.401511 0.005254 0.915560
33.974098 -3.880549 -2.460419 3.550563 -0.022066 0.402919 0.006068 0.914950
33.983566 -3.884495 -2.457477 3.564728 -0.021905 0.404219 0.005838 0.914381
34.009312 -3.889810 -2.455022 3.581312 -0.021762 0.405890 0.006242 0.913642
34.027176 -3.896690 -2.456007 3.594134 -0.021857 0.407416 0.005948 0.912962
34.035748 -3.901052 -2.458250 3.597431 -0.022146 0.408220 0.005567 0.912598
34.053623 -3.906847 -2.449663 3.605009 -0.021130 0.409475 0.006161 0.912056
34.071594 -3.916020 -2.466548 3.637584 -0.022834 0.412036 0.005633 0.910864
34.089733 -3.917823 -2.461778 3.638345 -0.022303 0.412637 0.005505 0.910606
34.110786 -3.919280 -2.457878 3.640415 -0.021891 0.413242 0.005445 0.910342
34.125935 -3.926635 -2.461761 3.658252 -0.022185 0.414806 0.005351 0.909624
34.139721 -3.932908 -2.454851 3.673160 -0.021489 0.416472 0.005245 0.908880
34.161922 -3.939775 -2.459415 3.682629 -0.021938 0.417732 0.004956 0.908292
34.176247 -3.946587 -2.459120 3.693895 -0.021600 0.419148 0.005372 0.907645
34.198715 -3.956340 -2.457377 3.721342 -0.021223 0.421687 0.005486 0.906476
34.214756 -3.959481 -2.461760 3.732488 -0.021655 0.422719 0.005296 0.905987
34.228386 -3.958788 -2.452959 3.739780 -0.020643 0.423422 0.005047 0.905683
34.241627 -3.961635 -2.460320 3.754113 -0.021261 0.424661 0.004848 0.905090
34.255947 -3.967358 -2.454086 3.761806 -0.020039 0.425867 0.005681 0.904546
34.270054 -3.968675 -2.455574 3.772868 -0.020327 0.426750 0.004871 0.904128
34.292316 -3.974833 -2.454956 3.788838 -0.019939 0.428285 0.004832 0.903411
34.302471 -3.982500 -2.457213 3.801048 -0.020014 0.429668 0.004896 0.902752
34.321091 -3.987847 -2.452228 3.822640 -0.019225 0.431563 0.005000 0.901864
34.331974 -3.992724 -2.445029 3.836000 -0.018446 0.432870 0.004987 0.901254
34.359898 -4.001270 -2.446055 3.856048 -0.018522 0.434928 0.004763 0.900262
34.377201 -3.997638 -2.450828 3.858312 -0.018667 0.434766 0.004632 0.900338
34.393005 -4.007317 -2.452733 3.875974 -0.018876 0.436624 0.004186 0.899437
34.401913 -4.013754 -2.444999 3.893132 -0.018028 0.438267 0.004005 0.898655
34.413155 -4.016584 -2.445221 3.904985 -0.018036 0.439190 0.003827 0.898205
34.432968 -4.018861 -2.446165 3.909476 -0.017850 0.439589 0.003963 0.898013
34.448540 -4.023342 -2.443395 3.927825 -0.017452 0.441213 0.004030 0.897224
34.475471 -4.022643 -2.442860 3.939325 -0.017461 0.441916 0.003562 0.896879
34.483986 -4.032867 -2.443821 3.956528 -0.017302 0.443665 0.003522 0.896019
34.508533 -4.039268 -2.432829 3.968955 -0.015991 0.444789 0.003553 0.895486
34.518436 -4.034416 -2.443202 3.981270 -0.016722 0.445357 0.003689 0.895189
34.531746 -4.040936 -2.450361 3.991474 -0.017479 0.446301 0.002990 0.894707
34.549206 -4.051579 -2.438755 4.021985 -0.016085 0.448756 0.003488 0.893503
34.579151 -4.053149 -2.450013 4.022176 -0.016901 0.448804 0.003794 0.893463
34.588413 -4.058052 -2.441771 4.030087 -0.016250 0.449416 0.003072 0.893169
34.613373 -4.063514 -2.432136 4.036888 -0.015257 0.450144 0.002834 0.892821
34.623093 -4.066734 -2.430388 4.055121 -0.014831 0.451325 0.002930 0.892231
34.640663 -4.066683 -2.431921 4.076377 -0.014947 0.452559 0.002806 0.891605
34.652626 -4.072187 -2.432298 4.090941 -0.014939 0.453522 0.002587 0.891116
34.667027 -4.074872 -2.434931 4.110406 -0.015163 0.454723 0.002300 0.890501
34.682880 -4.071435 -2.437753 4.117645 -0.015686 0.454625 0.001899 0.890543
34.709465 -4.083126 -2.426590 4.132877 -0.014392 0.456200 0.002050 0.889758
34.718513 -4.084589 -2.431517 4.141409 -0.014781 0.456539 0.001890 0.889579
34.742645 -4.087543 -2.425498 4.155674 -0.013923 0.457291 0.002203 0.889206
34.756870 -4.087818 -2.436769 4.172923 -0.015111 0.458020 0.001779 0.888811
34.773399 -4.095099 -2.429573 4.187498 -0.014276 0.459161 0.001656 0.888237
34.782997 -4.097467 -2.421516 4.200644 -0.013347 0.459615 0.001872 0.888016
34.799416 -4.102437 -2.428002 4.214840 -0.013917 0.460457 0.001530 0.887572
34.822029 -4.105229 -2.427090 4.228590 -0.013643 0.461074 0.001965 0.887255
34.838718 -4.111296 -2.426039 4.241955 -0.013360 0.461823 0.002047 0.886869
34.857693 -4.112267 -2.418195 4.263694 -0.012286 0.462817 0.002492 0.886365
34.867214 -4.115090 -2.417154 4.278655 -0.012204 0.463411 0.002061 0.886057
34.891640 -4.117819 -2.415063 4.290539 -0.011628 0.463856 0.002841 0.885830
34.911674 -4.121643 -2.422083 4.294959 -0.012718 0.463828 0.002008 0.885832
34.922554 -4.122996 -2.426008 4.308537 -0.012745 0.464083 0.002405 0.885697
34.933983 -4.122202 -2.428661 4.325645 -0.013022 0.464439 0.002575 0.885506
34.961044 -4.131574 -2.424985 4.340162 -0.012422 0.465285 0.002694 0.885070
34.974464 -4.135116 -2.419898 4.345712 -0.011651 0.465148 0.003062 0.885151
34.988441 -4.133549 -2.412830 4.358246 -0.010769 0.465143 0.003173 0.885164
35.004478 -4.134300 -2.416413 4.382528 -0.010841 0.466233 0.003527 0.884588
35.018402 -4.138414 -2.417392 4.384365 -0.010826 0.465757 0.003504 0.884840
35.033466 -4.142444 -2.416183 4.401963 -0.010343 0.466373 0.003665 0.884520
35.049248 -4.142798 -2.416164 4.412425 -0.010234 0.466317 0.003911 0.884550
35.062504 -4.146345 -2.416800 4.425096 -0.009900 0.466550 0.004350 0.884429
35.091145 -4.145664 -2.411906 4.441121 -0.009022 0.466782 0.004972 0.884312
35.099987 -4.153440 -2.418111 4.459004 -0.009592 0.467602 0.004947 0.883873
35.111137 -4.154273 -2.411359 4.476857 -0.008700 0.467830 0.005258 0.883760
35.135723 -4.158976 -2.411052 4.477973 -0.008406 0.467356 0.005747 0.884011
35.150249 -4.156709 -2.409603 4.503093 -0.007710 0.467925 0.006411 0.883711
35.167751 -4.158106 -2.403018 4.511751 -0.006751 0.467673 0.006908 0.883849
35.181858 -4.165073 -2.402679 4.531545 -0.006734 0.468309 0.006524 0.883515
35.204311 -4.165579 -2.410105 4.534659 -0.007571 0.467714 0.006545 0.883823
35.214909 -4.165369 -2.404969 4.556136 -0.006943 0.468065 0.006786 0.883641
35.230015 -4.167238 -2.406791 4.565783 -0.006692 0.467756 0.007545 0.883800
35.252308 -4.173395 -2.404506 4.578155 -0.006094 0.467950 0.008086 0.883697
35.263046 -4.171335 -2.408260 4.595583 -0.006594 0.467819 0.007570 0.883767
35.292294 -4.172873 -2.406566 4.610997 -0.005978 0.467786 0.008468 0.883781
35.307507 -4.176488 -2.411739 4.623205 -0.006361 0.467596 0.008569 0.883878
35.318623 -4.175869 -2.405018 4.644484 -0.005584 0.467862 0.008905 0.883739
35.332180 -4.176007 -2.402623 4.652626 -0.004801 0.467238 0.009573 0.884067
35.346169 -4.177172 -2.401736 4.666547 -0.004627 0.467135 0.009723 0.884121
35.366390 -4.186157 -2.404017 4.672085 -0.004540 0.466905 0.010291 0.884236
35.396049 -4.185877 -2.405939 4.685273 -0.004413 0.466480 0.010704 0.884456
35.410835 -4.187679 -2.400341 4.700845 -0.003824 0.466389 0.011114 0.884502
35.425537 -4.190873 -2.397966 4.714656 -0.003315 0.466277 0.011424 0.884559
35.439487 -4.188658 -2.394748 4.729256 -0.002695 0.466005 0.011885 0.884698
35.448879 -4.190798 -2.399042 4.739941 -0.003010 0.465482 0.012124 0.884969
35.474506 -4.191503 -2.397694 4.747657 -0.002428 0.464664 0.012873 0.885390
35.484806 -4.192850 -2.397087 4.757317 -0.002222 0.464083 0.012898 0.885695
35.511734 -4.194329 -2.394258 4.773083 -0.001602 0.464036 0.013306 0.885715
35.521843 -4.192990 -2.392768 4.781751 -0.001083 0.463007 0.013668 0.886249
35.536255 -4.197277 -2.397357 4.792951 -0.001375 0.462659 0.013732 0.886429
35.561069 -4.195892 -2.400646 4.793999 -0.001685 0.461185 0.013472 0.887200
35.570259 -4.197311 -2.396474 4.813785 -0.001116 0.461239 0.013079 0.887179
35.594292 -4.195621 -2.398546 4.820670 -0.001068 0.460107 0.013397 0.887762
35.609287 -4.196014 -2.387818 4.844821 0.000523 0.460524 0.013545 0.887544
35.619045 -4.198721 -2.395686 4.857699 -0.000221 0.460153 0.013170 0.887742
35.636570 -4.195464 -2.401138 4.873791 -0.000501 0.459712 0.013359 0.887967
35.648670 -4.198372 -2.395382 4.870216 0.000587 0.458128 0.013387 0.888785
35.676929 -4.199430 -2.400278 4.883776 0.000144 0.457689 0.013047 0.889017
35.686390 -4.198971 -2.393694 4.901203 0.001296 0.457473 0.013230 0.889124
35.710209 -4.200967 -2.390455 4.908806 0.002117 0.456636 0.013411 0.889550
35.723057 -4.202561 -2.400687 4.925180 0.000974 0.456367 0.013018 0.889696
35.736259 -4.196243 -2.397444 4.935098 0.001673 0.455233 0.012858 0.890278
35.754349 -4.202184 -2.396311 4.942630 0.002213 0.454597 0.012633 0.890605
35.775990 -4.201035 -2.403251 4.951440 0.001706 0.453708 0.012723 0.891058
35.786392 -4.207722 -2.392181 4.957066 0.003361 0.453007 0.012690 0.891410
35.801750 -4.200219 -2.399405 4.982676 0.002782 0.452951 0.012700 0.891441
35.829201 -4.197249 -2.389002 4.980791 0.004040 0.451071 0.012575 0.892390
35.843784 -4.199046 -2.391420 4.999946 0.004024 0.451338 0.012317 0.892259
35.858940 -4.199546 -2.387261 5.019500 0.004748 0.451334 0.011935 0.892263
35.872662 -4.200921 -2.393342 5.020529 0.004360 0.449799 0.012032 0.893038
35.894878 -4.196889 -2.388812 5.029118 0.004917 0.448756 0.011661 0.893565
35.904095 -4.202328 -2.394530 5.029311 0.004418 0.447629 0.011173 0.894139
35.917404 -4.201116 -2.386620 5.041856 0.005519 0.446930 0.010923 0.894485
35.934708 -4.193633 -2.396226 5.052297 0.004284 0.445521 0.010410 0.895201
35.947659 -4.196312 -2.391473 5.059872 0.005250 0.445112 0.010591 0.895397
35.965687 -4.196113 -2.398842 5.071659 0.004434 0.444481 0.010327 0.895718
35.986820 -4.199780 -2.396274 5.069366 0.004483 0.443084 0.009742 0.896416
36.001884 -4.198078 -2.397284 5.086490 0.005020 0.442861 0.010131 0.896519
36.014149 -4.197999 -2.395442 5.095871 0.005357 0.442139 0.009972 0.896875
36.030247 -4.194695 -2.395402 5.114511 0.005286 0.441898 0.009585 0.896999
36.053619 -4.196788 -2.386792 5.125515 0.006492 0.441592 0.009349 0.897144
36.067326 -4.198341 -2.392206 5.129013 0.006206 0.440578 0.009385 0.897644
36.079796 -4.194875 -2.391848 5.131252 0.006339 0.439142 0.009458 0.898346
36.101898 -4.194422 -2.384428 5.145392 0.007814 0.438898 0.009919 0.898448
36.113693 -4.195545 -2.394619 5.145086 0.006638 0.437474 0.009521 0.899156
36.136471 -4.192451 -2.392314 5.159381 0.006487 0.437089 0.008560 0.899354
36.154881 -4.190620 -2.398118 5.162199 0.005618 0.435926 0.007745 0.899932
36.166286 -4.189632 -2.380239 5.178811 0.008898 0.435785 0.009051 0.899961
36.191315 -4.188135 -2.383155 5.186602 0.008549 0.435478 0.008436 0.900119
36.201176 -4.189882 -2.390119 5.185079 0.007821 0.433942 0.008329 0.900868
36.215092 -4.191844 -2.388923 5.184470 0.008545 0.432572 0.008745 0.901516
36.237534 -4.193753 -2.385950 5.207734 0.008775 0.433514 0.008035 0.901068
36.253731 -4.191726 -2.388143 5.211850 0.008748 0.432495 0.008069 0.901558
36.284733 -4.187531 -2.399284 5.213884 0.007254 0.431092 0.007636 0.902246
36.297905 -4.190399 -2.390158 5.225812 0.008603 0.431415 0.007810 0.902079
36.311310 -4.186945 -2.393948 5.235245 0.008218 0.430613 0.007480 0.902469
36.335125 -4.183745 -2.391311 5.240071 0.008689 0.429669 0.007520 0.902914
36.348824 -4.183455 -2.390043 5.248054 0.009106 0.429189 0.007660 0.903136
36.362728 -4.182503 -2.392997 5.252485 0.008698 0.428314 0.007476 0.903557
36.373642 -4.180239 -2.399961 5.261795 0.007855 0.428033 0.006953 0.903702
36.384449 -4.181927 -2.393201 5.266099 0.008798 0.427589 0.007001 0.903903
36.405094 -4.180241 -2.397558 5.269556 0.008171 0.426734 0.006784 0.904315
36.431091 -4.177786 -2.403851 5.269103 0.007459 0.425549 0.006835 0.904879
36.444561 -4.177652 -2.401773 5.284071 0.007021 0.425672 0.005887 0.904831
36.455154 -4.178044 -2.395199 5.290577 0.008455 0.425392 0.006132 0.904949
36.479488 -4.172928 -2.398844 5.291495 0.007837 0.424106 0.005834 0.905560
36.497616 -4.175139 -2.389878 5.299035 0.009380 0.424101 0.006378 0.905544
36.508125 -4.177667 -2.383348 5.309388 0.010253 0.424357 0.005859 0.905418
36.525326 -4.176413 -2.381685 5.316905 0.010485 0.424065 0.005659 0.905553
36.542061 -4.172717 -2.387778 5.310360 0.009405 0.422476 0.005141 0.906311
36.557327 -4.171635 -2.381367 5.321644 0.010299 0.422642 0.004996 0.906225
36.568970 -4.170181 -2.384204 5.328979 0.009913 0.422345 0.004784 0.906368
36.597294 -4.168247 -2.389940 5.332409 0.008981 0.421673 0.004567 0.906692
36.610474 -4.171916 -2.392663 5.343359 0.008034 0.422246 0.003607 0.906439
36.625256 -4.169837 -2.394355 5.340745 0.008139 0.421237 0.003765 0.906906
36.641022 -4.165443 -2.384920 5.348290 0.009370 0.420707 0.003935 0.907139
36.654964 -4.164589 -2.390657 5.350945 0.008185 0.420306 0.003234 0.907340
36.672585 -4.162969 -2.385293 5.357514 0.009147 0.420079 0.003262 0.907436
36.687881 -4.161680 -2.390568 5.361320 0.008156 0.419785 0.002905 0.907582
36.702496 -4.161509 -2.383767 5.365944 0.009198 0.419724 0.002817 0.907601
36.725197 -4.160635 -2.382721 5.367181 0.009016 0.419151 0.002476 0.907868
36.736488 -4.156538 -2.382937 5.373596 0.008799 0.418827 0.002068 0.908021
36.760895 -4.157701 -2.387285 5.373913 0.008054 0.418443 0.001944 0.908205
36.777172 -4.158636 -2.382380 5.380023 0.008691 0.418614 0.001656 0.908121
36.788342 -4.157402 -2.380116 5.388668 0.008832 0.418809 0.001433 0.908030
36.811062 -4.157999 -2.377635 5.387894 0.009020 0.418274 0.001211 0.908275
36.824203 -4.155932 -2.384897 5.388544 0.007828 0.417839 0.000882 0.908487
36.836773 -4.156877 -2.379000 5.394637 0.008460 0.418199 0.000647 0.908316
36.860306 -4.153767 -2.382026 5.398882 0.007829 0.417801 0.000145 0.908505
36.876259 -4.152671 -2.383653 5.403941 0.007339 0.417818 -0.000245 0.908501
36.885818 -4.151181 -2.384262 5.403901 0.007187 0.417271 -0.000225 0.908754
36.903622 -4.152185 -2.383903 5.410399 0.006920 0.417673 -0.000598 0.908571
36.930813 -4.148874 -2.381597 5.410296 0.007031 0.417206 -0.000835 0.908785
36.939915 -4.149333 -2.381971 5.411363 0.006758 0.416938 -0.001030 0.908909
36.949303 -4.150197 -2.386435 5.418633 0.005645 0.417482 -0.001576 0.908666
36.973850 -4.143741 -2.387573 5.417838 0.005309 0.416573 -0.001880 0.909085
36.989643 -4.145081 -2.389114 5.420553 0.004971 0.416840 -0.001975 0.908964
37.001362 -4.146428 -2.391088 5.424787 0.004123 0.417058 -0.002489 0.908867
37.020058 -4.145819 -2.382709 5.424964 0.005279 0.416841 -0.002447 0.908961
37.032173 -4.144889 -2.383619 5.429027 0.004985 0.416999 -0.002755 0.908889
37.053474 -4.142532 -2.387080 5.435915 0.003964 0.417194 -0.003214 0.908803
37.076347 -4.144041 -2.387949 5.436893 0.003779 0.417233 -0.003171 0.908786
37.099777 -4.140756 -2.386040 5.434372 0.003817 0.416607 -0.003339 0.909072
37.114990 -4.139421 -2.377669 5.433583 0.004682 0.416249 -0.003517 0.909232
37.130093 -4.138964 -2.382360 5.439920 0.003647 0.416653 -0.003872 0.909050
37.147118 -4.140159 -2.380622 5.442641 0.003882 0.416917 -0.004030 0.908927
37.164070 -4.138273 -2.381769 5.443475 0.003371 0.416702 -0.004440 0.909026
37.173988 -4.139122 -2.378147 5.446213 0.003750 0.416956 -0.004512 0.908908
37.191334 -4.139017 -2.376119 5.445090 0.003933 0.416854 -0.004562 0.908954
37.215118 -4.137917 -2.378889 5.448960 0.003486 0.417042 -0.004643 0.908869
37.225822 -4.137596 -2.380486 5.450952 0.002964 0.417080 -0.004840 0.908852
37.250309 -4.137626 -2.377920 5.452355 0.003128 0.417215 -0.004923 0.908789
37.261417 -4.135643 -2.379435 5.452772 0.002722 0.417059 -0.005022 0.908861
37.270996 -4.134748 -2.379447 5.454722 0.002516 0.417150 -0.005168 0.908820
37.290848 -4.134551 -2.377683 5.456592 0.002607 0.417221 -0.005388 0.908785
37.308994 -4.133961 -2.378858 5.457140 0.002349 0.417237 -0.005494 0.908778
37.320244 -4.134458 -2.378517 5.460634 0.002267 0.417525 -0.005544 0.908646
37.337917 -4.135630 -2.378629 5.463117 0.001987 0.417895 -0.005676 0.908476
37.357262 -4.134727 -2.384144 5.464185 0.001078 0.417860 -0.005576 0.908494
37.373817 -4.134712 -2.381063 5.467276 0.001446 0.418114 -0.005624 0.908376
37.387367 -4.134988 -2.380912 5.469934 0.001344 0.418328 -0.005741 0.908277
37.404617 -4.135118 -2.383319 5.469524 0.000852 0.418287 -0.005870 0.908296
37.424004 -4.135275 -2.383929 5.468552 0.000635 0.418349 -0.005715 0.908268
37.446526 -4.134932 -2.382202 5.471142 0.000799 0.418508 -0.005839 0.908194
37.457199 -4.134473 -2.384617 5.473956 0.000499 0.418709 -0.005711 0.908102
37.470833 -4.133476 -2.381340 5.473136 0.000706 0.418624 -0.005884 0.908140
37.491558 -4.133844 -2.380670 5.474072 0.000682 0.418795 -0.005822 0.908062
37.516094 -4.132614 -2.383275 5.471776 0.000340 0.418559 -0.005619 0.908172
37.530567 -4.133799 -2.380122 5.473919 0.000625 0.418824 -0.005809 0.908048
37.544086 -4.134110 -2.377494 5.476056 0.000699 0.418947 -0.005986 0.907991
37.555462 -4.136094 -2.378336 5.476929 0.000426 0.419288 -0.006045 0.907833
37.568970 -4.134268 -2.381642 5.477427 -0.000066 0.419275 -0.005824 0.907841
37.590755 -4.134007 -2.383041 5.478621 -0.000552 0.419327 -0.005930 0.907816
37.601433 -4.135946 -2.379698 5.480124 -0.000216 0.419645 -0.005873 0.907669
37.615761 -4.133560 -2.382615 5.478438 -0.000652 0.419352 -0.005618 0.907806
37.631969 -4.135738 -2.383619 5.483503 -0.000941 0.419943 -0.005540 0.907533
37.651390 -4.135924 -2.382180 5.481894 -0.001129 0.419915 -0.005670 0.907545
37.670929 -4.135810 -2.380848 5.483827 -0.001072 0.420065 -0.005603 0.907476
37.686451 -4.138218 -2.379137 5.487178 -0.000881 0.420512 -0.005336 0.907271
37.702618 -4.137677 -2.383762 5.483157 -0.001753 0.420249 -0.005283 0.907392
37.729340 -4.138000 -2.379480 5.483252 -0.001407 0.420326 -0.005403 0.907356
37.742409 -4.136327 -2.381371 5.482889 -0.001655 0.420202 -0.005300 0.907413
37.755955 -4.138343 -2.380264 5.484642 -0.001743 0.420582 -0.005274 0.907238
37.775486 -4.139814 -2.383909 5.483593 -0.002519 0.420803 -0.005477 0.907132
37.789032 -4.139909 -2.381324 5.486065 -0.002282 0.420993 -0.005398 0.907045
37.805359 -4.140746 -2.381777 5.485862 -0.002496 0.421064 -0.005468 0.907011
37.846664 -4.141554 -2.382028 5.487232 -0.002961 0.421311 -0.005537 0.906895
37.859749 -4.140152 -2.381143 5.487785 -0.002710 0.421239 -0.004996 0.906932
37.873497 -4.141996 -2.381742 5.490077 -0.003052 0.421588 -0.005224 0.906767
37.892349 -4.143153 -2.382298 5.489914 -0.003278 0.421653 -0.005318 0.906736
37.905792 -4.143886 -2.385762 5.489089 -0.003838 0.421760 -0.005089 0.906685
37.925171 -4.144460 -2.385879 5.490435 -0.004114 0.421993 -0.005110 0.906575
37.943642 -4.143847 -2.385167 5.491618 -0.004049 0.421918 -0.004888 0.906612
37.954815 -4.145763 -2.383101 5.492322 -0.003876 0.422187 -0.004725 0.906488
37.971233 -4.147242 -2.380135 5.491929 -0.003792 0.422335 -0.005041 0.906418
37.993160 -4.147033 -2.378193 5.490321 -0.003604 0.422180 -0.004724 0.906493
38.006496 -4.149356 -2.384446 5.489038 -0.004660 0.422312 -0.004828 0.906425
38.021061 -4.148905 -2.383480 5.491119 -0.004739 0.422456 -0.004963 0.906358
38.030510 -4.149523 -2.378913 5.491162 -0.004295 0.422501 -0.004942 0.906339
38.052502 -4.150350 -2.381067 5.491852 -0.004712 0.422541 -0.004860 0.906318
38.077251 -4.151610 -2.382211 5.493224 -0.005077 0.422766 -0.004969 0.906211
38.092220 -4.150452 -2.381567 5.490470 -0.005013 0.422557 -0.004924 0.906309
38.105328 -4.152107 -2.380082 5.491468 -0.005018 0.422703 -0.005148 0.906240
38.129410 -4.153623 -2.380692 5.491249 -0.005153 0.422875 -0.004842 0.906161
38.152092 -4.153510 -2.381435 5.489846 -0.005281 0.422666 -0.004740 0.906258
38.173668 -4.155617 -2.381674 5.493382 -0.005464 0.423175 -0.004756 0.906019
38.182438 -4.154659 -2.383011 5.492948 -0.005582 0.423077 -0.004591 0.906065
38.202358 -4.156264 -2.383174 5.489829 -0.005643 0.422956 -0.004487 0.906122
38.228855 -4.159298 -2.377113 5.499405 -0.004683 0.424039 -0.004089 0.905623
38.242950 -4.159886 -2.376585 5.498878 -0.004793 0.423985 -0.004187 0.905647
38.254498 -4.160716 -2.377303 5.497830 -0.005112 0.423946 -0.004386 0.905662
38.264904 -4.159425 -2.374044 5.496644 -0.004707 0.423778 -0.004180 0.905744
38.285179 -4.161624 -2.375693 5.497399 -0.004923 0.423974 -0.004156 0.905651
38.298103 -4.161536 -2.377048 5.497337 -0.005353 0.423905 -0.004262 0.905681
38.319141 -4.162486 -2.374707 5.499159 -0.005281 0.424124 -0.004242 0.905579
38.330349 -4.163311 -2.375279 5.498269 -0.005388 0.424017 -0.004180 0.905628
38.347706 -4.164213 -2.372924 5.498534 -0.005103 0.424069 -0.004016 0.905607
38.365845 -4.163781 -2.373602 5.498111 -0.005308 0.423978 -0.003974 0.905648
38.388863 -4.166039 -2.375635 5.496161 -0.005678 0.423971 -0.003942 0.905649
38.398254 -4.166978 -2.373716 5.497302 -0.005642 0.424025 -0.003938 0.905625
38.413532 -4.166561 -2.376010 5.496345 -0.006047 0.423877 -0.003808 0.905692
38.436554 -4.167618 -2.375343 5.495053 -0.006127 0.423801 -0.003855 0.905726
38.454399 -4.169344 -2.371282 5.496432 -0.005639 0.424051 -0.003753 0.905613
38.468132 -4.171741 -2.371691 5.496408 -0.005889 0.424175 -0.003630 0.905554
38.482735 -4.170703 -2.371220 5.496324 -0.006069 0.423911 -0.003521 0.905677
38.500481 -4.172295 -2.369035 5.496904 -0.006043 0.424015 -0.003655 0.905628
38.514233 -4.173920 -2.371835 5.497972 -0.006480 0.424153 -0.003383 0.905561
38.535549 -4.174718 -2.371628 5.497170 -0.006613 0.424016 -0.003157 0.905625
38.547512 -4.175763 -2.371419 5.496940 -0.006693 0.423965 -0.003083 0.905649
38.567455 -4.177078 -2.373477 5.497867 -0.007367 0.424024 -0.003296 0.905615
38.583408 -4.176128 -2.371971 5.493772 -0.007503 0.423602 -0.003341 0.905811
38.602116 -4.179199 -2.371756 5.495208 -0.007480 0.423765 -0.003002 0.905736
38.616722 -4.179473 -2.371920 5.496511 -0.007690 0.423844 -0.002917 0.905698
38.634151 -4.180594 -2.370996 5.496806 -0.007713 0.423838 -0.002840 0.905701
38.649826 -4.179151 -2.371484 5.493036 -0.008037 0.423362 -0.002952 0.905920
38.666218 -4.180044 -2.371702 5.492170 -0.008242 0.423271 -0.002927 0.905961
38.682194 -4.183295 -2.369331 5.497549 -0.008033 0.423855 -0.002673 0.905691
38.697441 -4.184101 -2.372411 5.493756 -0.008561 0.423518 -0.002553 0.905844
38.713703 -4.185505 -2.369070 5.492018 -0.008297 0.423330 -0.002662 0.905934
38.732391 -4.187394 -2.368930 5.494537 -0.008378 0.423585 -0.002677 0.905814
38.747246 -4.185548 -2.370629 5.492785 -0.008799 0.423203 -0.002571 0.905988
38.776325 -4.186717 -2.368860 5.492481 -0.008386 0.423165 -0.002256 0.906011
38.794659 -4.188453 -2.368477 5.492422 -0.008445 0.423166 -0.002210 0.906010
38.805164 -4.188547 -2.364736 5.491464 -0.008142 0.422979 -0.002367 0.906100
38.818340 -4.188736 -2.365000 5.490245 -0.008228 0.422777 -0.002371 0.906193
38.840141 -4.190701 -2.365640 5.489798 -0.008287 0.422815 -0.002295 0.906175
38.861290 -4.193665 -2.364667 5.493690 -0.008311 0.423240 -0.002366 0.905976
38.872135 -4.192552 -2.368944 5.493195 -0.008959 0.422930 -0.002424 0.906115
38.890987 -4.192333 -2.365099 5.490705 -0.008528 0.422639 -0.002519 0.906254
38.900688 -4.194489 -2.362633 5.493999 -0.008168 0.422936 -0.002483 0.906119
38.918877 -4.195015 -2.361905 5.491879 -0.007990 0.422735 -0.002461 0.906215
38.942970 -4.195356 -2.360039 5.491993 -0.007872 0.422656 -0.002556 0.906253
38.959084 -4.195682 -2.360756 5.490154 -0.008236 0.422475 -0.002808 0.906333
38.969322 -4.198374 -2.360019 5.489764 -0.007998 0.422542 -0.002729 0.906304
38.986301 -4.200727 -2.360223 5.492511 -0.008093 0.422695 -0.002597 0.906232
38.997147 -4.199009 -2.358076 5.492351 -0.007966 0.422548 -0.002851 0.906301
39.016857 -4.199843 -2.359516 5.489323 -0.008107 0.422164 -0.002586 0.906480
39.034264 -4.200345 -2.357073 5.490163 -0.007783 0.422113 -0.002511 0.906507
39.053619 -4.200008 -2.357442 5.489259 -0.007733 0.421964 -0.002332 0.906577
39.067749 -4.201108 -2.356791 5.490954 -0.007802 0.422035 -0.002504 0.906542
39.096245 -4.201880 -2.358977 5.491858 -0.008177 0.422131 -0.002502 0.906495
39.109241 -4.203010 -2.360999 5.492477 -0.008467 0.422100 -0.002548 0.906506
39.122051 -4.204330 -2.355788 5.491832 -0.007797 0.422029 -0.002424 0.906546
39.130966 -4.204257 -2.353338 5.486218 -0.007667 0.421513 -0.002451 0.906787
39.160515 -4.202435 -2.355546 5.486063 -0.007799 0.421269 -0.002112 0.906900
39.170071 -4.205088 -2.356897 5.486577 -0.008181 0.421423 -0.002163 0.906825
39.184258 -4.207527 -2.356039 5.486889 -0.007825 0.421613 -0.001679 0.906741
39.204632 -4.206853 -2.352662 5.485552 -0.007457 0.421354 -0.001653 0.906864
39.228680 -4.209310 -2.352955 5.487936 -0.007599 0.421650 -0.001533 0.906725
39.241550 -4.209473 -2.349736 5.486345 -0.007160 0.421441 -0.001293 0.906827
39.256657 -4.209632 -2.348699 5.485673 -0.007074 0.421313 -0.001216 0.906887
39.270317 -4.210810 -2.351166 5.488328 -0.007547 0.421587 -0.001056 0.906756
39.281216 -4.210952 -2.348276 5.490216 -0.007309 0.421639 -0.000970 0.906734
39.297604 -4.211458 -2.348665 5.486249 -0.007335 0.421318 -0.000774 0.906883
39.328217 -4.211109 -2.346884 5.483178 -0.007277 0.420946 -0.000666 0.907056
39.342621 -4.213539 -2.348006 5.485206 -0.007449 0.421240 -0.000378 0.906919
39.362030 -4.214067 -2.348362 5.486215 -0.007625 0.421293 -0.000181 0.906893
39.372547 -4.214326 -2.342630 5.485218 -0.006981 0.421214 -0.000077 0.906934
39.383392 -4.215206 -2.342425 5.484699 -0.006905 0.421075 0.000164 0.907000
39.397854 -4.214762 -2.344541 5.483106 -0.007253 0.420918 0.000377 0.907070
39.421169 -4.214268 -2.344931 5.483605 -0.007407 0.420899 0.000555 0.907077
39.434017 -4.215813 -2.342026 5.482293 -0.007195 0.420903 0.000506 0.907077
39.446774 -4.214819 -2.344140 5.481957 -0.007639 0.420835 0.000597 0.907105
39.465454 -4.216181 -2.347521 5.484532 -0.008104 0.421008 0.000797 0.907020
39.484894 -4.219010 -2.348004 5.485013 -0.008124 0.421200 0.001114 0.906931
39.501915 -4.218105 -2.344763 5.483152 -0.007677 0.421032 0.001439 0.907012
39.530151 -4.217440 -2.342690 5.482629 -0.007515 0.420958 0.001478 0.907048
39.540825 -4.216783 -2.340914 5.481379 -0.007511 0.420765 0.001494 0.907137
39.551144 -4.216004 -2.338865 5.478992 -0.007306 0.420556 0.001727 0.907235
39.566536 -4.218284 -2.340084 5.479274 -0.007625 0.420631 0.001889 0.907198
39.582138 -4.219489 -2.340125 5.479681 -0.007718 0.420768 0.001955 0.907134
39.604450 -4.219391 -2.340059 5.480361 -0.007736 0.420886 0.002071 0.907078
39.624752 -4.219392 -2.340406 5.479728 -0.007954 0.420876 0.002218 0.907080
39.635403 -4.219237 -2.338571 5.477356 -0.007840 0.420651 0.002172 0.907186
39.654919 -4.218307 -2.338477 5.474148 -0.007946 0.420366 0.002160 0.907317
39.670502 -4.220018 -2.337741 5.474107 -0.008117 0.420447 0.002205 0.907278
39.684505 -4.220110 -2.337392 5.471825 -0.008259 0.420431 0.002115 0.907284
39.717869 -4.219216 -2.338342 5.474641 -0.008450 0.420481 0.002195 0.907259
39.730350 -4.219787 -2.340411 5.474424 -0.008780 0.420495 0.002188 0.907250
39.743835 -4.220048 -2.338935 5.475608 -0.008754 0.420779 0.002311 0.907118
39.757046 -4.221071 -2.339652 5.473585 -0.008914 0.420784 0.002347 0.907114
39.770805 -4.222669 -2.340102 5.474456 -0.009142 0.421008 0.002302 0.907008
39.786636 -4.221904 -2.337263 5.474100 -0.008888 0.420907 0.002295 0.907058
39.804417 -4.221288 -2.338884 5.474110 -0.009149 0.421013 0.002461 0.907005
39.826450 -4.219584 -2.339484 5.470843 -0.009600 0.420793 0.002211 0.907103
39.835835 -4.220228 -2.339502 5.470986 -0.009540 0.421016 0.002454 0.907000
39.856220 -4.219598 -2.343477 5.468486 -0.010263 0.420912 0.002259 0.907040
39.872734 -4.221614 -2.342555 5.469524 -0.010350 0.421276 0.002091 0.906871
39.888012 -4.220055 -2.340399 5.468273 -0.010165 0.421104 0.002087 0.906953
39.904583 -4.219546 -2.342230 5.467843 -0.010551 0.421127 0.002006 0.906938
39.930969 -4.219506 -2.342509 5.469216 -0.010792 0.421399 0.001835 0.906809
39.944546 -4.219705 -2.342505 5.465518 -0.010769 0.421368 0.001768 0.906824
39.958488 -4.219863 -2.341470 5.464324 -0.010732 0.421450 0.001460 0.906787
39.970154 -4.217922 -2.342476 5.464752 -0.011008 0.421553 0.001067 0.906736
39.984146 -4.218546 -2.342430 5.468179 -0.011061 0.422024 0.000673 0.906517
39.997391 -4.217332 -2.342562 5.462398 -0.011153 0.421640 0.000423 0.906695
40.023453 -4.215257 -2.343778 5.461669 -0.011162 0.421663 0.000245 0.906684
40.039616 -4.216407 -2.343290 5.464880 -0.011095 0.422220 -0.000205 0.906426
40.065784 -4.215244 -2.344484 5.462974 -0.011404 0.422228 -0.000956 0.906417
40.078682 -4.214559 -2.342556 5.462678 -0.011003 0.422351 -0.001204 0.906365
40.090256 -4.213882 -2.346882 5.461381 -0.011566 0.422477 -0.001758 0.906298
40.109444 -4.213565 -2.345313 5.461116 -0.011117 0.422706 -0.002142 0.906196
40.118999 -4.212743 -2.343500 5.457897 -0.011029 0.422671 -0.002712 0.906212
40.130733 -4.212346 -2.344642 5.457472 -0.011187 0.422892 -0.003461 0.906105
40.152084 -4.213430 -2.345958 5.457685 -0.011170 0.423305 -0.003961 0.905910
40.167675 -4.210200 -2.347012 5.456500 -0.011254 0.423219 -0.004452 0.905947
40.184673 -4.209539 -2.347518 5.455945 -0.011556 0.423475 -0.005418 0.905818
40.208385 -4.209912 -2.347219 5.455462 -0.011441 0.423786 -0.005843 0.905671
40.216949 -4.209605 -2.349692 5.451973 -0.011561 0.423766 -0.006168 0.905677
40.241577 -4.208098 -2.344747 5.455164 -0.010765 0.424135 -0.006576 0.905511
40.263355 -4.207019 -2.346713 5.453286 -0.011198 0.424264 -0.007508 0.905438
40.275719 -4.207067 -2.347253 5.452175 -0.011243 0.424518 -0.008114 0.905313
40.287632 -4.206953 -2.345296 5.450850 -0.010870 0.424853 -0.008590 0.905156
40.298378 -4.202780 -2.346869 5.455916 -0.010867 0.425296 -0.008914 0.904945
40.327572 -4.203569 -2.348164 5.451442 -0.010967 0.425366 -0.009560 0.904904
40.337288 -4.203136 -2.346915 5.451465 -0.010776 0.425647 -0.010188 0.904768
40.359566 -4.202749 -2.351061 5.454323 -0.011205 0.426217 -0.010616 0.904489
40.369232 -4.202899 -2.348709 5.453335 -0.010951 0.426613 -0.011460 0.904295
40.388603 -4.200602 -2.348431 5.450424 -0.010779 0.426496 -0.011843 0.904348
40.398926 -4.201729 -2.349986 5.451590 -0.010815 0.427014 -0.012242 0.904097
40.414471 -4.201120 -2.349361 5.451295 -0.010736 0.427403 -0.013070 0.903903
40.437405 -4.200831 -2.352883 5.447302 -0.011073 0.427452 -0.013621 0.903867
40.449268 -4.200212 -2.341837 5.450705 -0.009506 0.428097 -0.014036 0.903574
40.473736 -4.200092 -2.343958 5.446575 -0.009674 0.428159 -0.014564 0.903534
40.484955 -4.201098 -2.348461 5.448764 -0.010223 0.428800 -0.015143 0.903215
40.508545 -4.198982 -2.346906 5.448023 -0.009852 0.428961 -0.015649 0.903134
40.519123 -4.198575 -2.344628 5.449901 -0.009715 0.429512 -0.016514 0.902858
40.529610 -4.198518 -2.344326 5.446919 -0.009597 0.429727 -0.017011 0.902748
40.549934 -4.200471 -2.351444 5.449537 -0.010439 0.430488 -0.017494 0.902366
40.573891 -4.197993 -2.346726 5.446734 -0.009666 0.430586 -0.018040 0.902318
40.583313 -4.200647 -2.346713 5.448623 -0.009723 0.431364 -0.018580 0.901934
40.609177 -4.196475 -2.348326 5.446936 -0.010071 0.431337 -0.019319 0.901928
40.622044 -4.198494 -2.344462 5.448440 -0.009410 0.432089 -0.019762 0.901565
40.631851 -4.199047 -2.346700 5.449485 -0.009855 0.432670 -0.020482 0.901266
40.660690 -4.199274 -2.346634 5.448620 -0.009776 0.432942 -0.020686 0.901131
40.675011 -4.199282 -2.341079 5.449968 -0.008955 0.433579 -0.021237 0.900821
40.684349 -4.200737 -2.341049 5.448964 -0.008933 0.434003 -0.021802 0.900603
40.694801 -4.200415 -2.345683 5.450802 -0.009620 0.434653 -0.022505 0.900265
40.718040 -4.200558 -2.344012 5.452589 -0.009254 0.435227 -0.022998 0.899979
40.731102 -4.200847 -2.343533 5.451594 -0.009076 0.435670 -0.023213 0.899761
40.750206 -4.203947 -2.345032 5.449841 -0.009238 0.436226 -0.023867 0.899473
40.774883 -4.201041 -2.342792 5.452322 -0.008928 0.436586 -0.024341 0.899289
40.791698 -4.204992 -2.341421 5.451540 -0.008754 0.437366 -0.025004 0.898893
40.804169 -4.204138 -2.341924 5.449787 -0.008641 0.437603 -0.025331 0.898770
40.818958 -4.205706 -2.341175 5.453034 -0.008687 0.438436 -0.026145 0.898340
40.837917 -4.206207 -2.337395 5.452966 -0.008216 0.438819 -0.026651 0.898143
40.853897 -4.209427 -2.337922 5.459636 -0.008124 0.440174 -0.027134 0.897466
40.879253 -4.210221 -2.334535 5.457265 -0.007605 0.440607 -0.027548 0.897245
40.888771 -4.211185 -2.334784 5.458605 -0.007745 0.441238 -0.028248 0.896912
40.899082 -4.213678 -2.335299 5.457651 -0.007670 0.441767 -0.028685 0.896638
40.921009 -4.213957 -2.331197 5.464515 -0.007118 0.442902 -0.029197 0.896066
40.936203 -4.216574 -2.334200 5.461880 -0.007521 0.443240 -0.029796 0.895876
40.961269 -4.218758 -2.331495 5.462617 -0.007039 0.443995 -0.030239 0.895491
40.970982 -4.220955 -2.325161 5.463256 -0.006327 0.444679 -0.030950 0.895133
40.988770 -4.220631 -2.331832 5.461370 -0.007159 0.444922 -0.031474 0.894987
40.999649 -4.224487 -2.327519 5.464394 -0.006533 0.445962 -0.032004 0.894456
41.029545 -4.227794 -2.327984 5.469961 -0.006660 0.447059 -0.032645 0.893884
41.044556 -4.229630 -2.326021 5.469021 -0.006358 0.447575 -0.033129 0.893610
41.056305 -4.231763 -2.325434 5.472291 -0.006166 0.448487 -0.033512 0.893140
41.069504 -4.234594 -2.324339 5.471471 -0.006209 0.449056 -0.034311 0.892823
41.082237 -4.236458 -2.319207 5.474053 -0.005447 0.449911 -0.034777 0.892379
41.115437 -4.240666 -2.318469 5.472649 -0.005268 0.450584 -0.035167 0.892026
41.126667 -4.243217 -2.320757 5.478816 -0.005503 0.451706 -0.035772 0.891432
41.137096 -4.248048 -2.318237 5.479968 -0.005108 0.452518 -0.036151 0.891008
41.162853 -4.251762 -2.317586 5.478297 -0.005035 0.453103 -0.036766 0.890685
41.177303 -4.253073 -2.315925 5.482898 -0.004776 0.454018 -0.037425 0.890193
41.192738 -4.258670 -2.315206 5.481220 -0.004675 0.454681 -0.037903 0.889835
41.216164 -4.260833 -2.312917 5.484975 -0.004221 0.455598 -0.038402 0.889347
41.225582 -4.266801 -2.311343 5.485758 -0.004220 0.456458 -0.039088 0.888876
41.235451 -4.269148 -2.309801 5.487052 -0.004207 0.457208 -0.039814 0.888458
41.249043 -4.272816 -2.305738 5.490745 -0.003428 0.458306 -0.040175 0.887880
41.276794 -4.279247 -2.305024 5.493179 -0.003474 0.459355 -0.040858 0.887306
41.289085 -4.284065 -2.303888 5.495471 -0.003178 0.460348 -0.041065 0.886783
41.314430 -4.288308 -2.301175 5.495148 -0.003041 0.460939 -0.041896 0.886437
41.326954 -4.292427 -2.300260 5.498734 -0.003042 0.461953 -0.042336 0.885888
41.339405 -4.297695 -2.297169 5.502993 -0.002581 0.463069 -0.042537 0.885297
41.354996 -4.303033 -2.295645 5.504296 -0.002634 0.463950 -0.043385 0.884795
41.373917 -4.306953 -2.292431 5.509088 -0.002332 0.465064 -0.043773 0.884191
41.384155 -4.312329 -2.289490 5.511543 -0.002027 0.466125 -0.044205 0.883612
41.403538 -4.319674 -2.287312 5.509953 -0.001684 0.466817 -0.044307 0.883242
41.417343 -4.325488 -2.288969 5.511019 -0.001793 0.467771 -0.044715 0.882716
41.445026 -4.329855 -2.287485 5.513064 -0.001653 0.468659 -0.044954 0.882233
41.458881 -4.336131 -2.286727 5.519650 -0.001762 0.469994 -0.045487 0.881495
41.470558 -4.345431 -2.284957 5.524157 -0.001740 0.471295 -0.045792 0.880784
41.493710 -4.352325 -2.283059 5.524596 -0.001470 0.472187 -0.045819 0.880306
41.504066 -4.357027 -2.278838 5.527679 -0.001163 0.473203 -0.046388 0.879731
41.522099 -4.363853 -2.278123 5.533058 -0.001342 0.474469 -0.046476 0.879043
41.531094 -4.373226 -2.277991 5.533637 -0.001301 0.475535 -0.046618 0.878460
41.562462 -4.380017 -2.274750 5.537881 -0.001419 0.476650 -0.047180 0.877825
41.574471 -4.388766 -2.273731 5.541182 -0.001311 0.477904 -0.047220 0.877141
41.596928 -4.395961 -2.271328 5.545663 -0.001063 0.479070 -0.047137 0.876510
41.612144 -4.404529 -2.266312 5.547466 -0.001003 0.480238 -0.047603 0.875845
41.630039 -4.411985 -2.263273 5.549243 -0.000650 0.481279 -0.047356 0.875287
41.643749 -4.417892 -2.263047 5.552841 -0.000683 0.482340 -0.046999 0.874722
41.659924 -4.428255 -2.256086 5.560878 -0.000203 0.483924 -0.047291 0.873831
41.673836 -4.438757 -2.258921 5.564054 -0.000705 0.485186 -0.047157 0.873138
41.687222 -4.446128 -2.256091 5.566839 -0.000560 0.486287 -0.047159 0.872526
41.707581 -4.455949 -2.258083 5.570564 -0.001058 0.487614 -0.047334 0.871774
41.718353 -4.467027 -2.252184 5.574740 -0.000448 0.488969 -0.046898 0.871039
41.732986 -4.473536 -2.250507 5.580260 -0.000414 0.490262 -0.046780 0.870319
41.748966 -4.483665 -2.249874 5.581895 -0.000696 0.491360 -0.046855 0.869695
41.774281 -4.496739 -2.250902 5.582556 -0.000835 0.492541 -0.046255 0.869059
41.785187 -4.506036 -2.251372 5.585262 -0.000995 0.493621 -0.045929 0.868463
41.806114 -4.517007 -2.248209 5.592569 -0.001036 0.495396 -0.045979 0.867449
41.821251 -4.527368 -2.241732 5.595030 -0.000478 0.496519 -0.045767 0.866818
41.835678 -4.536645 -2.249043 5.603560 -0.001547 0.498150 -0.045336 0.865903
41.851227 -4.548465 -2.237601 5.608784 -0.000362 0.499720 -0.044903 0.865022
41.875088 -4.557930 -2.234609 5.614243 -0.000339 0.501081 -0.045001 0.864230
41.893471 -4.568887 -2.236467 5.617910 -0.000586 0.502357 -0.044312 0.863524
41.910580 -4.581439 -2.236583 5.618895 -0.000747 0.503569 -0.043971 0.862835
41.922985 -4.590949 -2.235928 5.624665 -0.000633 0.504860 -0.043402 0.862109
41.936317 -4.601789 -2.232409 5.629105 -0.000025 0.506204 -0.042353 0.861373
41.949261 -4.616284 -2.229532 5.631563 -0.000045 0.507538 -0.042074 0.860602
41.963253 -4.628417 -2.230233 5.638025 -0.000245 0.509082 -0.041477 0.859718
41.989391 -4.636086 -2.230502 5.646645 -0.000506 0.510532 -0.041252 0.858868
42.006920 -4.652075 -2.222126 5.650293 0.000174 0.512170 -0.040665 0.857921
42.022903 -4.667287 -2.222547 5.650868 -0.000197 0.513397 -0.039991 0.857219
42.033512 -4.680393 -2.225847 5.654982 -0.000861 0.514925 -0.039552 0.856322
42.050594 -4.689253 -2.221932 5.668309 -0.000525 0.516806 -0.038652 0.855229
42.075146 -4.703974 -2.216229 5.668917 -0.000159 0.517770 -0.038046 0.854673
42.085144 -4.715796 -2.215505 5.673884 -0.000298 0.519341 -0.037337 0.853751
42.104332 -4.730752 -2.216334 5.683259 -0.000739 0.521287 -0.036869 0.852584
42.115627 -4.745209 -2.213327 5.685015 -0.000706 0.522414 -0.035989 0.851932
42.134315 -4.757141 -2.213191 5.691417 -0.000921 0.523905 -0.035127 0.851051
42.146637 -4.769471 -2.204181 5.696791 0.000175 0.525243 -0.034077 0.850269
42.173988 -4.783479 -2.206994 5.704089 -0.000466 0.526831 -0.033495 0.849310
42.189297 -4.796173 -2.206834 5.705309 -0.000795 0.528036 -0.032741 0.848590
42.207218 -4.808755 -2.206478 5.719072 -0.000975 0.530188 -0.031969 0.847277
42.225464 -4.823582 -2.206286 5.721669 -0.001666 0.531343 -0.031837 0.846557
42.243786 -4.841494 -2.202523 5.725502 -0.001470 0.532878 -0.030773 0.845631
42.259216 -4.852972 -2.198638 5.733756 -0.000916 0.534417 -0.029631 0.844701
42.272770 -4.868803 -2.203005 5.736257 -0.001828 0.535748 -0.028786 0.843885
42.296566 -4.882540 -2.202851 5.740915 -0.002164 0.537101 -0.028052 0.843049
42.309444 -4.897664 -2.198279 5.747924 -0.002012 0.538701 -0.027580 0.842043
42.326416 -4.912738 -2.197328 5.753557 -0.001788 0.540126 -0.026255 0.841173
42.340076 -4.923161 -2.193091 5.762620 -0.001752 0.541701 -0.025500 0.840183
42.359459 -4.938110 -2.190703 5.764915 -0.001942 0.542848 -0.024732 0.839465
42.376549 -4.957787 -2.195117 5.769848 -0.002734 0.544482 -0.023716 0.838433
42.389694 -4.969907 -2.191305 5.776492 -0.002672 0.546031 -0.022944 0.837446
42.402107 -4.982257 -2.188138 5.783503 -0.002479 0.547504 -0.021627 0.836520
42.427132 -4.996960 -2.185203 5.789088 -0.002932 0.548762 -0.021472 0.835697
42.446091 -5.017639 -2.181609 5.793376 -0.002855 0.550400 -0.020513 0.834644
42.456676 -5.025174 -2.187091 5.804335 -0.003984 0.552077 -0.019880 0.833546
42.475903 -5.048340 -2.185859 5.810091 -0.004116 0.553702 -0.018824 0.832492
42.494648 -5.058710 -2.184518 5.812564 -0.004374 0.554664 -0.017680 0.831875
42.507618 -5.069226 -2.179335 5.821465 -0.004244 0.556375 -0.016631 0.830754
42.528370 -5.088698 -2.178620 5.827701 -0.004947 0.557976 -0.016342 0.829682
42.542011 -5.106966 -2.178248 5.827247 -0.005040 0.558900 -0.015261 0.829079
42.554489 -5.122366 -2.174648 5.837055 -0.005328 0.560674 -0.014426 0.827894
42.579369 -5.135508 -2.172514 5.843002 -0.005491 0.562089 -0.013755 0.826944
42.594158 -5.153254 -2.175733 5.848123 -0.006407 0.563447 -0.013078 0.826024
42.602505 -5.165839 -2.168772 5.857460 -0.006093 0.565183 -0.012431 0.824849
42.615894 -5.183658 -2.171034 5.857268 -0.007175 0.566196 -0.012089 0.824151
42.649403 -5.197391 -2.163700 5.865129 -0.006358 0.567695 -0.010752 0.823144
42.662018 -5.217219 -2.165630 5.864591 -0.007347 0.568784 -0.010329 0.822389
42.673904 -5.227310 -2.167890 5.881371 -0.008030 0.570739 -0.009597 0.821037
42.695335 -5.243300 -2.164692 5.884701 -0.008377 0.571982 -0.009114 0.820173
42.704617 -5.257767 -2.160822 5.893430 -0.008357 0.573541 -0.008252 0.819092
42.719536 -5.278774 -2.163777 5.889572 -0.009591 0.574423 -0.008270 0.818460
42.736946 -5.288742 -2.161861 5.899946 -0.010033 0.576097 -0.007728 0.817283
42.751656 -5.303542 -2.160408 5.908131 -0.010268 0.577682 -0.007063 0.816167
42.779823 -5.317314 -2.159640 5.910931 -0.011164 0.578767 -0.007098 0.815386
42.792446 -5.335178 -2.157212 5.917522 -0.011284 0.580183 -0.006455 0.814383
42.812088 -5.351646 -2.156639 5.925070 -0.011829 0.581690 -0.005957 0.813303
42.826447 -5.360647 -2.158123 5.929041 -0.012493 0.582761 -0.005560 0.812528
42.839226 -5.378867 -2.154274 5.928206 -0.012756 0.583831 -0.005338 0.811757
42.859203 -5.394366 -2.157831 5.940437 -0.013475 0.585776 -0.004465 0.810349
42.871212 -5.407857 -2.152131 5.947618 -0.013503 0.587204 -0.004432 0.809314
42.885483 -5.422237 -2.149920 5.953537 -0.013995 0.588489 -0.004231 0.808373
42.903465 -5.443863 -2.147583 5.957965 -0.014197 0.589910 -0.003755 0.807336
42.922356 -5.458593 -2.147665 5.968904 -0.014729 0.591653 -0.003562 0.806051
42.939930 -5.471839 -2.146123 5.978667 -0.015040 0.593168 -0.003280 0.804931
42.959637 -5.480973 -2.142916 5.987566 -0.015270 0.594667 -0.002988 0.803822
42.975979 -5.496147 -2.144301 5.988811 -0.015634 0.595766 -0.002390 0.803002
42.990200 -5.514065 -2.142232 5.992218 -0.015987 0.597029 -0.002411 0.802057
43.002041 -5.528166 -2.144195 5.997571 -0.016714 0.598390 -0.002293 0.801027
43.024731 -5.548147 -2.135426 6.001685 -0.016024 0.599725 -0.001741 0.800044
43.057732 -5.567229 -2.138763 6.028135 -0.017274 0.603313 -0.001373 0.797316
43.068703 -5.581325 -2.139371 6.030385 -0.017686 0.604259 -0.001077 0.796591
43.090115 -5.597056 -2.138332 6.034445 -0.018089 0.605634 -0.001251 0.795536
43.098366 -5.614559 -2.132842 6.043791 -0.017866 0.607351 -0.001226 0.794232
43.118813 -5.626556 -2.131944 6.048191 -0.017929 0.608508 -0.000908 0.793344
43.133560 -5.642876 -2.135681 6.052877 -0.019067 0.609736 -0.001297 0.792374
43.150528 -5.655807 -2.140351 6.061924 -0.019854 0.611218 -0.001021 0.791212
43.172218 -5.669945 -2.132687 6.059538 -0.019166 0.611993 -0.000463 0.790631
43.183117 -5.682171 -2.133101 6.068171 -0.019639 0.613364 -0.000636 0.789556
43.203091 -5.695333 -2.136839 6.075398 -0.020333 0.614791 -0.000530 0.788428
43.215202 -5.707901 -2.135863 6.075689 -0.020408 0.615606 -0.000245 0.787790
43.231937 -5.723794 -2.133163 6.089066 -0.020655 0.617619 -0.000567 0.786206
43.254002 -5.732547 -2.138210 6.097017 -0.021379 0.619006 -0.000321 0.785095
43.268642 -5.746375 -2.129685 6.100886 -0.020364 0.620252 0.000015 0.784138
43.288631 -5.755403 -2.131040 6.111208 -0.020354 0.621755 0.000828 0.782947
43.312065 -5.774269 -2.130052 6.111885 -0.020526 0.622792 0.000894 0.782117
43.329281 -5.787528 -2.126790 6.125347 -0.020277 0.624652 0.001027 0.780639
43.342514 -5.799859 -2.124712 6.131404 -0.020046 0.625891 0.001478 0.779652
43.362617 -5.807688 -2.125358 6.142650 -0.020420 0.627472 0.001621 0.778370
43.376209 -5.817029 -2.131514 6.146057 -0.021330 0.628458 0.001533 0.777549
43.387745 -5.829751 -2.126457 6.150691 -0.020922 0.629726 0.001688 0.776534
43.401108 -5.841136 -2.126603 6.159457 -0.021022 0.631145 0.001955 0.775377
43.415489 -5.856600 -2.127458 6.166504 -0.021364 0.632505 0.001866 0.774260
43.435280 -5.866049 -2.132010 6.173459 -0.021922 0.633743 0.002038 0.773230
43.453465 -5.879484 -2.127950 6.179533 -0.021399 0.635112 0.002578 0.772119
43.474712 -5.889638 -2.123142 6.185700 -0.020897 0.636259 0.002909 0.771187
43.494823 -5.903436 -2.127612 6.191847 -0.021603 0.637581 0.002674 0.770076
43.509945 -5.911335 -2.123327 6.198630 -0.021402 0.638843 0.002743 0.769034
43.532967 -5.933838 -2.123370 6.202746 -0.021490 0.640047 0.002534 0.768031
43.546101 -5.939022 -2.121493 6.209564 -0.021458 0.641294 0.002503 0.766991
43.560799 -5.948395 -2.119458 6.222073 -0.021377 0.642826 0.002220 0.765711
43.576012 -5.951120 -2.121924 6.224737 -0.021833 0.643749 0.002455 0.764921
43.591625 -5.976321 -2.125031 6.229568 -0.021982 0.645043 0.002531 0.763826
43.606071 -5.980826 -2.120424 6.238943 -0.021642 0.646340 0.002308 0.762739
43.619068 -5.995950 -2.122193 6.248926 -0.021907 0.647829 0.002159 0.761467
43.632374 -6.009109 -2.117744 6.252655 -0.021383 0.648940 0.002023 0.760536
43.656364 -6.019693 -2.118245 6.259490 -0.021416 0.650151 0.002069 0.759501
43.679188 -6.028277 -2.120984 6.268647 -0.021846 0.651518 0.001730 0.758317
43.690449 -6.034323 -2.118909 6.277361 -0.021931 0.652818 0.001179 0.757196
43.707886 -6.053133 -2.119817 6.280494 -0.022053 0.653871 0.000820 0.756284
43.732853 -6.060596 -2.116494 6.287541 -0.021643 0.655086 0.000897 0.755244
43.749462 -6.066353 -2.117660 6.295046 -0.022010 0.656259 0.000425 0.754215
43.763474 -6.077819 -2.115164 6.301406 -0.021909 0.657435 0.000236 0.753193
43.773411 -6.085827 -2.123241 6.305903 -0.022507 0.658512 0.000481 0.752233
43.798328 -6.096879 -2.118240 6.314781 -0.022147 0.659860 -0.000115 0.751062
43.808189 -6.107718 -2.117890 6.322590 -0.022148 0.661097 -0.000268 0.749974
43.822636 -6.119047 -2.114098 6.328978 -0.021924 0.662303 -0.000643 0.748915
43.837555 -6.126515 -2.113028 6.339288 -0.021984 0.663664 -0.001056 0.747707
43.867825 -6.134767 -2.114464 6.342716 -0.022009 0.664658 -0.001018 0.746823
43.884895 -6.144675 -2.112875 6.349293 -0.022037 0.665807 -0.001466 0.745797
43.895496 -6.158680 -2.111103 6.355762 -0.022167 0.666974 -0.002183 0.744748
43.911148 -6.163239 -2.110824 6.360248 -0.021852 0.667936 -0.002022 0.743895
43.923637 -6.174041 -2.111920 6.372529 -0.022172 0.669529 -0.002526 0.742451
43.935581 -6.187133 -2.104930 6.378922 -0.021425 0.670708 -0.002850 0.741407
43.951614 -6.195625 -2.111375 6.385528 -0.021817 0.671812 -0.002959 0.740394
43.972149 -6.208433 -2.105187 6.391324 -0.021109 0.673026 -0.002966 0.739311
43.997066 -6.218106 -2.101624 6.399313 -0.020878 0.674229 -0.003544 0.738219
44.011639 -6.219948 -2.098197 6.407118 -0.020284 0.675346 -0.003677 0.737213
44.026337 -6.228663 -2.101019 6.420478 -0.020628 0.676863 -0.004194 0.735808
44.040718 -6.236323 -2.104093 6.421554 -0.020955 0.677626 -0.004360 0.735096
44.054428 -6.248026 -2.104688 6.430860 -0.020588 0.679000 -0.004508 0.733836
44.080997 -6.262273 -2.105593 6.429534 -0.020367 0.679680 -0.004546 0.733212
44.096622 -6.263361 -2.105254 6.442076 -0.020527 0.681006 -0.005190 0.731972
44.115955 -6.269760 -2.104544 6.452238 -0.020196 0.682364 -0.005420 0.730713
44.130451 -6.280454 -2.099732 6.460602 -0.019586 0.683620 -0.005897 0.729551
44.149357 -6.289118 -2.099797 6.465355 -0.019641 0.684560 -0.006566 0.728662
44.162930 -6.302864 -2.099053 6.472158 -0.019269 0.685656 -0.006746 0.727640
44.183369 -6.313033 -2.100392 6.485957 -0.019527 0.687238 -0.007524 0.726131
44.193241 -6.322000 -2.097708 6.491569 -0.019096 0.688310 -0.008039 0.725120
44.210938 -6.317691 -2.099945 6.498719 -0.018937 0.689260 -0.007827 0.724224
44.227692 -6.335306 -2.090448 6.504348 -0.018359 0.690380 -0.009288 0.723154
44.238964 -6.347812 -2.092400 6.513691 -0.018139 0.691612 -0.009299 0.721982
44.263630 -6.351868 -2.091789 6.517997 -0.018091 0.692522 -0.009847 0.721103
44.274651 -6.357831 -2.085990 6.529046 -0.017573 0.693850 -0.010660 0.719826
44.294594 -6.367875 -2.088488 6.539510 -0.017536 0.695158 -0.010629 0.718564
44.321308 -6.373173 -2.079302 6.540958 -0.016859 0.695947 -0.011630 0.717801
44.345058 -6.380206 -2.093823 6.556923 -0.017828 0.697607 -0.010714 0.716179
44.357769 -6.388900 -2.093588 6.573219 -0.017633 0.699240 -0.011188 0.714582
44.379219 -6.401038 -2.095032 6.575580 -0.017391 0.700064 -0.011037 0.713783
44.395638 -6.406579 -2.082314 6.580588 -0.016345 0.700936 -0.012148 0.712933
44.409512 -6.410719 -2.082872 6.591002 -0.016494 0.702152 -0.012873 0.711720
44.424667 -6.423093 -2.083108 6.594974 -0.016161 0.703094 -0.012942 0.710796
44.436428 -6.431417 -2.074801 6.608340 -0.015407 0.704542 -0.013473 0.709367
44.447792 -6.447180 -2.073305 6.609397 -0.015173 0.705279 -0.013917 0.708630
44.466904 -6.449306 -2.078394 6.619071 -0.015565 0.706314 -0.014160 0.707586
44.489300 -6.455573 -2.076285 6.630090 -0.015547 0.707612 -0.014829 0.706274
44.500523 -6.456601 -2.080975 6.636492 -0.015429 0.708615 -0.014597 0.705276
44.514881 -6.465286 -2.081463 6.642534 -0.015411 0.709658 -0.014802 0.704222
44.535378 -6.467550 -2.077826 6.663547 -0.014827 0.711510 -0.014950 0.702360
44.561436 -6.485740 -2.075975 6.668819 -0.014513 0.712492 -0.015445 0.701360
44.574406 -6.484403 -2.079610 6.676514 -0.014379 0.713425 -0.015485 0.700413
44.586330 -6.501235 -2.076119 6.678843 -0.013979 0.714088 -0.015737 0.699740
44.599201 -6.502041 -2.087252 6.701202 -0.014751 0.716189 -0.015435 0.697580
44.620152 -6.512074 -2.095807 6.711586 -0.015234 0.717441 -0.015102 0.696289
44.634872 -6.527231 -2.069916 6.712866 -0.013046 0.718185 -0.016869 0.695526
44.652431 -6.530897 -2.067466 6.721218 -0.012642 0.719193 -0.017641 0.694471
44.670803 -6.532294 -2.072559 6.733305 -0.012800 0.720490 -0.017165 0.693135
44.685528 -6.543711 -2.075091 6.737419 -0.013116 0.721215 -0.017951 0.692355
44.710003 -6.545356 -2.074540 6.752978 -0.012498 0.722731 -0.017290 0.690800
44.727509 -6.552751 -2.074853 6.759756 -0.012372 0.723613 -0.018045 0.689859
44.737343 -6.566783 -2.070250 6.767357 -0.012247 0.724737 -0.019083 0.688653
44.753391 -6.567994 -2.058197 6.783647 -0.010572 0.726278 -0.019587 0.687040
44.780167 -6.571885 -2.065744 6.790642 -0.010910 0.727112 -0.019157 0.686164
44.801182 -6.579904 -2.070431 6.795843 -0.011219 0.728000 -0.019573 0.685206
44.810329 -6.588317 -2.070138 6.819625 -0.011252 0.730036 -0.020260 0.683015
44.827003 -6.603465 -2.081222 6.819993 -0.012458 0.730676 -0.020734 0.682296
44.844601 -6.609025 -2.074982 6.837970 -0.011410 0.732207 -0.020862 0.680667
44.859001 -6.613330 -2.079129 6.852808 -0.011813 0.733624 -0.021168 0.679123
44.873402 -6.617657 -2.087097 6.853183 -0.012754 0.734204 -0.021579 0.678466
44.895527 -6.642609 -2.080422 6.864851 -0.011893 0.735580 -0.021869 0.676981
44.909599 -6.632355 -2.054360 6.875980 -0.009239 0.736651 -0.024060 0.675781
44.920429 -6.643424 -2.060650 6.877136 -0.009303 0.737252 -0.023222 0.675155
44.933372 -6.648835 -2.062758 6.899064 -0.009937 0.739108 -0.024407 0.673072
44.957447 -6.659272 -2.049540 6.907110 -0.008244 0.740250 -0.024786 0.671825
44.967373 -6.667046 -2.043313 6.916755 -0.007010 0.741305 -0.024808 0.670673
44.990242 -6.682120 -2.064725 6.920349 -0.009473 0.741815 -0.024528 0.670089
45.006622 -6.681047 -2.053315 6.928806 -0.007680 0.742847 -0.024752 0.668960
45.025833 -6.704069 -2.010324 6.982962 -0.003691 0.747364 -0.027059 0.663853
45.046799 -6.684920 -2.029413 6.939657 -0.005683 0.744108 -0.027048 0.667487
45.055996 -6.710430 -2.023651 6.985015 -0.004687 0.748128 -0.027242 0.662978
45.082909 -6.717501 -2.037687 7.010240 -0.006283 0.750205 -0.026499 0.660645
45.091877 -6.732464 -2.084204 7.025616 -0.010924 0.751652 -0.024872 0.659000
45.114258 -6.737978 -2.085737 7.052994 -0.010875 0.753868 -0.024951 0.656461
45.123188 -6.746833 -2.028457 7.063981 -0.005338 0.755048 -0.028198 0.655041
45.133694 -6.758716 -2.012072 7.066191 -0.003779 0.755760 -0.029713 0.654163
45.149853 -6.772617 -2.033462 7.107759 -0.005339 0.759034 -0.027335 0.650455
45.184242 -6.781043 -2.033531 7.114905 -0.005537 0.759918 -0.028022 0.649391
45.193050 -6.796011 -2.099412 7.108483 -0.011900 0.759822 -0.024893 0.649546
45.216473 -6.802553 -2.085905 7.136030 -0.010435 0.761928 -0.025173 0.647088
45.224903 -6.802641 -2.047486 7.150445 -0.006589 0.763041 -0.028035 0.645708
45.239109 -6.820043 -2.082041 7.156706 -0.009219 0.763910 -0.024708 0.644784
45.264381 -6.829525 -2.046371 7.176231 -0.005999 0.765601 -0.026968 0.642722
45.282341 -6.828692 -2.046207 7.195086 -0.005811 0.767073 -0.026489 0.640986
45.294678 -6.830178 -2.039719 7.204204 -0.005285 0.767862 -0.027545 0.640001
45.317318 -6.855416 -2.108108 7.254172 -0.012498 0.771691 -0.025054 0.635381
45.332859 -6.842972 -2.042273 7.237671 -0.005554 0.770688 -0.027959 0.636574
45.344658 -6.854223 -2.035229 7.230054 -0.004493 0.770330 -0.027930 0.637018
45.361889 -6.845506 -1.954172 7.257524 0.002654 0.772342 -0.033538 0.634315
45.391647 -6.852755 -1.954587 7.250190 0.002671 0.771999 -0.033672 0.634726
45.408337 -6.865307 -1.968469 7.254465 0.001369 0.772556 -0.033213 0.634076
45.420654 -6.898578 -2.064438 7.277412 -0.006944 0.774566 -0.027088 0.631875
45.431152 -6.889582 -2.005324 7.292046 -0.001626 0.775538 -0.031204 0.630528
45.454117 -6.897210 -1.980083 7.295348 0.000717 0.775903 -0.032811 0.629998
45.472672 -6.891489 -1.923482 7.347472 0.006005 0.779599 -0.036850 0.625165
45.501896 -6.885581 -1.948240 7.277629 0.004257 0.774698 -0.035307 0.631330
45.515198 -6.934099 -2.003361 7.327036 -0.001230 0.778629 -0.031961 0.626669
45.523479 -6.950612 -2.117950 7.360595 -0.011415 0.780713 -0.025396 0.624269
45.547695 -6.962797 -2.115395 7.376706 -0.011407 0.781989 -0.025796 0.622654
45.569187 -6.957573 -2.044131 7.321300 -0.004560 0.778425 -0.030148 0.626996
45.578323 -6.943205 -2.070832 7.259733 -0.006725 0.773827 -0.029502 0.632674
45.590057 -6.948586 -2.109451 7.253201 -0.009602 0.773240 -0.025743 0.633518
45.627296 -6.990606 -2.168547 7.381042 -0.016052 0.782127 -0.023696 0.622461
45.650833 -7.007838 -2.169929 7.417237 -0.016004 0.784579 -0.023582 0.619374
45.664703 -7.015398 -2.203115 7.369615 -0.018766 0.781476 -0.021590 0.623280
45.682915 -7.012435 -2.151493 7.368578 -0.013837 0.781301 -0.024014 0.623539
45.699337 -7.021710 -2.168586 7.395704 -0.015608 0.782913 -0.023428 0.621494
45.711491 -7.029426 -2.198288 7.382080 -0.018825 0.781763 -0.022686 0.622878
45.741367 -7.030931 -2.203818 7.379958 -0.019350 0.781420 -0.022707 0.623292
45.751057 -7.036007 -2.153135 7.369421 -0.014899 0.780837 -0.025865 0.624022
45.767834 -7.044078 -2.180459 7.389573 -0.017380 0.781955 -0.024315 0.622617
45.780014 -7.043278 -2.154621 7.400372 -0.014315 0.782453 -0.024164 0.622077
45.803825 -7.054387 -2.145734 7.392915 -0.013786 0.781847 -0.024788 0.622824
45.812630 -7.057782 -2.113070 7.393783 -0.010776 0.781587 -0.026031 0.623160
45.826550 -7.062420 -2.128106 7.426128 -0.012886 0.783453 -0.026265 0.620762
45.851612 -7.081476 -2.124875 7.428893 -0.012567 0.783474 -0.026038 0.620752
45.864414 -7.078941 -2.087253 7.374125 -0.009326 0.779564 -0.028053 0.625625
45.885216 -7.086922 -2.165807 7.412839 -0.016987 0.781631 -0.025063 0.623005
45.911507 -7.095464 -2.131557 7.430251 -0.013988 0.782539 -0.026096 0.621898
45.930031 -7.108360 -2.106525 7.487240 -0.011258 0.785957 -0.026055 0.617629
45.939968 -7.113885 -2.076570 7.466639 -0.008979 0.784378 -0.027953 0.619588
45.947498 -7.123439 -2.128532 7.444886 -0.013538 0.782462 -0.024976 0.622050
45.966190 -7.121601 -2.143468 7.388281 -0.014350 0.778391 -0.023016 0.627194
45.989021 -7.137643 -2.149751 7.421302 -0.015353 0.780005 -0.023182 0.625155
45.999466 -7.147656 -2.147777 7.436473 -0.015714 0.780645 -0.023566 0.624332
46.022987 -7.147092 -2.194020 7.436674 -0.020303 0.779909 -0.022068 0.625175
46.029991 -7.162369 -2.162204 7.447737 -0.017130 0.780202 -0.021958 0.624907
46.056004 -7.168892 -2.150599 7.434790 -0.016337 0.778850 -0.023318 0.626564
46.063660 -7.175514 -2.191869 7.425769 -0.019881 0.777556 -0.020544 0.628164
46.078957 -7.183960 -2.182284 7.472428 -0.019689 0.779993 -0.021587 0.625106
46.102520 -7.190150 -2.194386 7.430479 -0.020491 0.776619 -0.019990 0.629319
46.118027 -7.203094 -2.177422 7.423660 -0.018441 0.775406 -0.019840 0.630881
46.135941 -7.212030 -2.202405 7.423046 -0.021023 0.774947 -0.018412 0.631408
46.153854 -7.214228 -2.200046 7.462816 -0.020935 0.776591 -0.018950 0.629372
46.169880 -7.225432 -2.201177 7.434852 -0.020994 0.774073 -0.018073 0.632490
46.195023 -7.241110 -2.169741 7.442890 -0.018779 0.774080 -0.020517 0.632476
46.202751 -7.255017 -2.235294 7.484509 -0.024444 0.775966 -0.016490 0.630085
46.216339 -7.249208 -2.183677 7.441622 -0.019429 0.772372 -0.017752 0.634625
46.233383 -7.262797 -2.176456 7.431320 -0.019116 0.770826 -0.018479 0.636491
46.247852 -7.266922 -2.196000 7.464586 -0.021670 0.772069 -0.018566 0.634898
46.264988 -7.285826 -2.167026 7.448480 -0.018263 0.770371 -0.017763 0.637087
46.286270 -7.259879 -2.177073 7.441409 -0.019837 0.768691 -0.018745 0.639038
46.299526 -7.277661 -2.154620 7.465980 -0.017566 0.769642 -0.018401 0.637969
46.313770 -7.270667 -2.135999 7.393842 -0.015405 0.763600 -0.018078 0.645252
46.330666 -7.307796 -2.196943 7.450790 -0.021068 0.766335 -0.014618 0.641930
46.358173 -7.328294 -2.176985 7.417719 -0.019336 0.763235 -0.015228 0.645652
46.367458 -7.322496 -2.131271 7.426445 -0.016382 0.762689 -0.018500 0.646293
46.388294 -7.325855 -2.129363 7.456800 -0.015638 0.763823 -0.017368 0.645003
46.399082 -7.327691 -2.161636 7.445086 -0.018105 0.761698 -0.014468 0.647518
46.411304 -7.336162 -2.187679 7.484500 -0.020753 0.763120 -0.013461 0.645784
46.435146 -7.343167 -2.199176 7.439948 -0.022400 0.759076 -0.013526 0.650476
46.451080 -7.342291 -2.204446 7.449792 -0.022558 0.758322 -0.012628 0.651368
46.475266 -7.366838 -2.171642 7.481503 -0.018139 0.759371 -0.010982 0.650312
46.486195 -7.373841 -2.181247 7.474250 -0.018836 0.757673 -0.009794 0.652289
46.496094 -7.389699 -2.196698 7.485358 -0.021854 0.757008 -0.011668 0.652936
46.514847 -7.368538 -2.197601 7.469920 -0.021107 0.754603 -0.010181 0.655763
46.542496 -7.383726 -2.209653 7.475032 -0.021309 0.753805 -0.007771 0.656707
46.550438 -7.374334 -2.219599 7.461425 -0.022397 0.751426 -0.007590 0.659394
46.573273 -7.390841 -2.210214 7.478903 -0.021457 0.751220 -0.007447 0.659661
46.583191 -7.387217 -2.219304 7.466700 -0.022074 0.748907 -0.007152 0.662268
46.599144 -7.412119 -2.227373 7.475344 -0.021915 0.748358 -0.004910 0.662915
46.617306 -7.420581 -2.206418 7.482045 -0.019867 0.747439 -0.005289 0.664012
46.649452 -7.417120 -2.212894 7.485880 -0.020245 0.746302 -0.005355 0.665278
46.661884 -7.425248 -2.217678 7.469546 -0.019997 0.743593 -0.003969 0.668321
46.675419 -7.425035 -2.240780 7.486688 -0.021566 0.743117 -0.002733 0.668808
46.682907 -7.437628 -2.228146 7.478801 -0.020405 0.741093 -0.003199 0.671085
46.701473 -7.446239 -2.229581 7.492128 -0.020341 0.740557 -0.003017 0.671678
46.717388 -7.443595 -2.242920 7.495104 -0.020784 0.739044 -0.001085 0.673336
46.741085 -7.456882 -2.232449 7.484850 -0.019695 0.737049 -0.001638 0.675550
46.752335 -7.449257 -2.223444 7.457726 -0.018738 0.733327 -0.002243 0.679614
46.764843 -7.467276 -2.239252 7.496119 -0.019674 0.734496 -0.001032 0.678327
46.785843 -7.483864 -2.248753 7.511720 -0.020345 0.733794 -0.000514 0.679067
46.797585 -7.479448 -2.238761 7.496899 -0.018643 0.731078 0.000139 0.682039
46.815464 -7.493278 -2.227475 7.485946 -0.017374 0.729063 0.000096 0.684226
46.834980 -7.503135 -2.241368 7.513355 -0.018840 0.729180 -0.000150 0.684062
46.844738 -7.519409 -2.214956 7.524375 -0.015909 0.728493 -0.000933 0.684868
46.863377 -7.508348 -2.242379 7.513616 -0.017329 0.725723 0.001504 0.687767
46.890442 -7.529460 -2.232691 7.518802 -0.016051 0.724470 0.001494 0.689118
46.906712 -7.529091 -2.253387 7.507808 -0.017507 0.721989 0.002178 0.691679
46.914825 -7.531518 -2.239199 7.511955 -0.015754 0.720583 0.002304 0.693186
46.942753 -7.543124 -2.255010 7.509869 -0.016605 0.718839 0.003199 0.694971
46.952042 -7.545915 -2.285680 7.549806 -0.018822 0.719377 0.004163 0.694352
46.963501 -7.558721 -2.271521 7.540909 -0.016974 0.717307 0.004109 0.696539
46.985329 -7.552515 -2.242352 7.507277 -0.013996 0.713152 0.002875 0.700863
46.999672 -7.563303 -2.266876 7.525518 -0.015662 0.712550 0.003744 0.701437
47.017246 -7.555465 -2.299044 7.521333 -0.017571 0.710156 0.006052 0.703799
47.030933 -7.560057 -2.223150 7.529496 -0.010819 0.708931 0.002403 0.705191
47.052120 -7.555365 -2.249058 7.516521 -0.012900 0.706000 0.003380 0.708087
47.080326 -7.576253 -2.236115 7.525187 -0.011391 0.705016 0.002924 0.709094
47.096447 -7.579633 -2.255099 7.545545 -0.012460 0.704611 0.003939 0.709474
47.107555 -7.587585 -2.240144 7.546576 -0.010536 0.702790 0.003305 0.711312
47.116077 -7.582274 -2.263629 7.557544 -0.012467 0.701279 0.004289 0.712765
47.130135 -7.589282 -2.245396 7.553833 -0.010335 0.699301 0.003730 0.714743
47.153770 -7.588439 -2.254880 7.544030 -0.010680 0.696566 0.004780 0.717397
47.169434 -7.603374 -2.234092 7.556061 -0.008842 0.695650 0.003375 0.718319
47.182121 -7.608537 -2.238101 7.577881 -0.008394 0.695209 0.004067 0.718747
47.208843 -7.611832 -2.239523 7.581415 -0.008482 0.693379 0.003682 0.720514
47.220852 -7.617019 -2.244659 7.583321 -0.008148 0.691709 0.004595 0.722115
47.232796 -7.624603 -2.241097 7.555541 -0.007732 0.687922 0.004054 0.725732
47.251434 -7.612405 -2.236914 7.546003 -0.007133 0.685026 0.003687 0.728474
47.262257 -7.614757 -2.238561 7.547873 -0.006610 0.683142 0.004556 0.730242
47.280617 -7.622524 -2.251177 7.567751 -0.007270 0.682406 0.004646 0.730922
47.293438 -7.627080 -2.247167 7.570117 -0.006690 0.680626 0.004280 0.732588
47.311340 -7.634264 -2.242059 7.566877 -0.005416 0.678513 0.004445 0.734555
47.327789 -7.654548 -2.229621 7.590642 -0.003934 0.678298 0.003663 0.734768
47.357079 -7.650012 -2.247958 7.596540 -0.004950 0.676561 0.005028 0.736353
47.366951 -7.654702 -2.255649 7.594221 -0.004899 0.674344 0.005200 0.738383
47.381809 -7.651916 -2.235179 7.583552 -0.002742 0.671442 0.004685 0.741037
47.402481 -7.654250 -2.235714 7.586995 -0.002184 0.669494 0.004745 0.742799
47.424580 -7.663981 -2.238812 7.615067 -0.001424 0.669637 0.005745 0.742665
47.435795 -7.656764 -2.230800 7.576108 -0.000603 0.664576 0.004530 0.747207
47.446510 -7.667178 -2.216227 7.583779 0.001325 0.663099 0.004255 0.748518
47.470089 -7.661782 -2.232656 7.587763 0.000352 0.661097 0.004793 0.750285
47.491619 -7.669902 -2.228742 7.596121 0.001237 0.659678 0.004584 0.751534
47.501286 -7.674822 -2.229039 7.606435 0.002072 0.658323 0.005297 0.752714
47.517025 -7.671257 -2.233046 7.618608 0.002138 0.656766 0.005336 0.754072
47.532261 -7.670159 -2.247113 7.602780 0.001724 0.653619 0.005873 0.756799
47.558868 -7.684389 -2.256668 7.622097 0.001359 0.652973 0.006515 0.757352
47.574265 -7.682333 -2.259095 7.591615 0.002264 0.648824 0.007618 0.760897
47.583714 -7.690166 -2.252092 7.620012 0.003537 0.648721 0.007354 0.760982
47.605591 -7.715988 -2.255074 7.682610 0.003664 0.651246 0.007595 0.758820
47.617847 -7.716999 -2.256130 7.688095 0.003944 0.649588 0.007307 0.760242
47.632984 -7.698942 -2.244368 7.645692 0.005581 0.644234 0.007046 0.764775
47.646210 -7.673491 -2.238939 7.616210 0.006176 0.639218 0.006486 0.768974
47.667774 -7.718749 -2.267960 7.686402 0.004544 0.643034 0.008092 0.765781
47.688717 -7.724123 -2.281764 7.700413 0.004223 0.641828 0.009016 0.766784
47.700184 -7.753753 -2.299983 7.760623 0.003397 0.644397 0.009745 0.764622
47.711525 -7.728473 -2.293180 7.709828 0.004463 0.638358 0.009523 0.769668
47.741795 -7.749505 -2.302796 7.750036 0.004172 0.639431 0.009885 0.768773
47.751251 -7.739927 -2.283602 7.721502 0.006190 0.635186 0.009184 0.772280
47.764523 -7.746766 -2.269936 7.746647 0.007855 0.634871 0.008533 0.772532
47.784977 -7.754803 -2.302503 7.763958 0.005697 0.634120 0.009940 0.773150
47.800461 -7.755197 -2.307617 7.770866 0.005891 0.632575 0.010143 0.774410
47.823318 -7.764670 -2.301353 7.783926 0.006851 0.631614 0.009771 0.775191
47.834579 -7.762419 -2.318100 7.786952 0.006118 0.629745 0.010629 0.776706
47.853683 -7.767604 -2.310581 7.787267 0.007083 0.627707 0.010381 0.778349
47.867981 -7.762913 -2.322930 7.774322 0.006870 0.624887 0.011366 0.780602
47.894783 -7.772155 -2.313277 7.799345 0.007833 0.624699 0.010564 0.780755
47.903484 -7.775563 -2.326432 7.809177 0.007230 0.623495 0.010726 0.781720
47.924271 -7.776530 -2.316528 7.820559 0.008372 0.622283 0.009852 0.782685
47.933868 -7.770844 -2.303608 7.805561 0.009803 0.619213 0.009278 0.785107
47.949879 -7.784850 -2.316854 7.843458 0.009158 0.620207 0.009535 0.784327
47.965191 -7.784982 -2.310069 7.828136 0.009901 0.617370 0.009156 0.786557
47.988956 -7.797795 -2.329086 7.857369 0.009037 0.617716 0.010285 0.786282
47.999313 -7.783468 -2.330215 7.843264 0.009206 0.614511 0.010038 0.788790
48.015003 -7.788544 -2.346640 7.833572 0.008358 0.612194 0.010380 0.790595
48.030407 -7.781105 -2.320147 7.831291 0.010873 0.609888 0.009176 0.792360
48.052197 -7.808550 -2.337126 7.883411 0.009740 0.612267 0.009483 0.790534
48.067005 -7.800347 -2.334228 7.874176 0.010297 0.609709 0.009314 0.792503
48.079552 -7.791451 -2.325153 7.861851 0.011176 0.606993 0.008407 0.794584
48.095448 -7.797936 -2.336546 7.863899 0.010492 0.605589 0.008805 0.795660
48.125568 -7.812752 -2.318964 7.892502 0.012517 0.606097 0.008301 0.795249
48.136143 -7.840928 -2.356522 7.944420 0.009899 0.608690 0.009750 0.793286
48.151569 -7.821319 -2.350115 7.908855 0.010158 0.604277 0.008761 0.796661
48.179562 -7.820573 -2.337101 7.927045 0.011756 0.603738 0.008232 0.797054
48.192566 -7.828328 -2.331600 7.942992 0.012648 0.603441 0.007951 0.797268
48.208889 -7.829373 -2.338478 7.940111 0.012259 0.601758 0.008226 0.798542
48.220966 -7.828595 -2.320242 7.957734 0.013933 0.601265 0.007043 0.798897
48.231022 -7.832919 -2.326125 7.964275 0.013762 0.600241 0.007320 0.799668
48.245960 -7.839654 -2.353363 7.976714 0.012132 0.599980 0.008474 0.799878
48.265331 -7.833563 -2.350501 7.972600 0.012565 0.598035 0.007975 0.801332
48.281734 -7.833510 -2.338552 7.971760 0.013743 0.596484 0.007226 0.802475
48.298027 -7.833257 -2.363471 7.968302 0.012029 0.595133 0.008106 0.803496
48.327362 -7.831129 -2.362513 7.985864 0.012521 0.594739 0.007974 0.803782
48.337299 -7.832016 -2.351786 7.981828 0.013573 0.593223 0.007260 0.804891
48.352188 -7.841556 -2.348810 7.982269 0.014008 0.592495 0.006956 0.805422
48.379864 -7.840287 -2.345002 8.003082 0.014604 0.592495 0.006167 0.805418
48.392475 -7.848909 -2.346779 8.015698 0.014768 0.592264 0.006163 0.805585
48.406769 -7.848878 -2.365247 8.012591 0.013539 0.590945 0.006868 0.806569
48.416019 -7.853947 -2.387356 8.017746 0.012343 0.590500 0.007708 0.806907
48.444988 -7.859056 -2.366068 8.007835 0.014116 0.589021 0.006146 0.807971
48.458069 -7.860482 -2.370178 8.040661 0.014270 0.589934 0.005974 0.807303
48.474693 -7.866538 -2.406389 8.037949 0.011407 0.589034 0.007035 0.807997
48.494560 -7.854387 -2.370029 8.030704 0.014938 0.587171 0.005377 0.809307
48.508492 -7.853443 -2.376653 8.024147 0.014562 0.585770 0.005331 0.810329
48.521370 -7.866416 -2.362991 8.056342 0.015856 0.587227 0.004355 0.809255
48.546707 -7.860537 -2.387359 8.057869 0.014174 0.586369 0.004577 0.809907
48.564819 -7.859140 -2.407140 8.057426 0.012774 0.585392 0.005472 0.810631
48.576897 -7.867471 -2.386770 8.065854 0.014601 0.585473 0.004122 0.810550
48.597748 -7.868368 -2.426283 8.076471 0.011766 0.585381 0.005559 0.810654
48.616909 -7.870602 -2.422889 8.078425 0.012306 0.584884 0.005463 0.811005
48.631432 -7.863140 -2.390743 8.071428 0.014816 0.583526 0.003172 0.811953
48.649696 -7.855543 -2.416404 8.060819 0.013056 0.581750 0.004022 0.813253
48.663090 -7.870102 -2.394107 8.080714 0.014703 0.582859 0.002509 0.812436
48.674759 -7.877512 -2.393234 8.109067 0.014798 0.584532 0.001812 0.811233
48.687565 -7.875601 -2.391466 8.100570 0.015134 0.583230 0.001670 0.812164
48.711452 -7.867204 -2.414673 8.099482 0.013368 0.582194 0.002298 0.812937
48.743767 -7.858038 -2.394096 8.096957 0.014932 0.580669 0.000394 0.814003
48.756428 -7.865638 -2.412982 8.111076 0.013533 0.581393 0.000881 0.813509
48.768623 -7.868516 -2.389530 8.113447 0.015444 0.581337 -0.000457 0.813516
48.794155 -7.878809 -2.406557 8.133940 0.014057 0.582467 -0.000279 0.812733
48.813278 -7.869886 -2.406678 8.129816 0.014034 0.581489 -0.000796 0.813433
48.823002 -7.857273 -2.418359 8.118439 0.013084 0.580001 -0.001032 0.814510
48.833958 -7.871724 -2.437316 8.142380 0.012065 0.581637 0.000561 0.813359
48.855328 -7.874806 -2.432666 8.142993 0.012579 0.581433 0.000282 0.813497
48.869129 -7.873976 -2.416747 8.132114 0.014009 0.580500 -0.001130 0.814139
48.882980 -7.876638 -2.414201 8.147112 0.014314 0.581172 -0.001390 0.813654
48.902134 -7.884938 -2.442126 8.150955 0.012160 0.581648 -0.000066 0.813350
48.924313 -7.883985 -2.447875 8.148300 0.011490 0.581189 -0.000283 0.813688
48.937702 -7.881267 -2.443296 8.162786 0.011956 0.581735 -0.000702 0.813290
48.954807 -7.880475 -2.438808 8.160733 0.012397 0.581388 -0.000997 0.813531
48.965858 -7.895561 -2.443563 8.179921 0.011972 0.582889 -0.001349 0.812463
48.986988 -7.885646 -2.438728 8.163854 0.012116 0.581418 -0.001944 0.813513
49.003258 -7.883883 -2.441002 8.167248 0.012052 0.581490 -0.001946 0.813462
49.025349 -7.884861 -2.438279 8.181891 0.012158 0.582115 -0.002501 0.813012
49.043064 -7.881001 -2.439161 8.175590 0.011991 0.581519 -0.002651 0.813440
49.056355 -7.885387 -2.439858 8.184716 0.011754 0.582193 -0.003046 0.812960
49.073997 -7.882496 -2.433524 8.178479 0.012153 0.581612 -0.003635 0.813368
49.088810 -7.871335 -2.438323 8.183031 0.011937 0.581328 -0.003757 0.813573
49.110558 -7.883759 -2.443251 8.199217 0.011928 0.582697 -0.003217 0.812595
49.125233 -7.891513 -2.446914 8.210456 0.011631 0.583615 -0.003310 0.811940
49.151192 -7.893044 -2.436227 8.196479 0.012469 0.582907 -0.004107 0.812433
49.163586 -7.891499 -2.434603 8.193825 0.012630 0.582633 -0.004477 0.812625
49.174946 -7.893457 -2.441227 8.209789 0.012339 0.583491 -0.004232 0.812015
49.192505 -7.894537 -2.439489 8.205408 0.012404 0.583365 -0.004938 0.812100
49.214756 -7.880104 -2.448331 8.198005 0.011568 0.582290 -0.005253 0.812882
49.225479 -7.871777 -2.459889 8.196660 0.010703 0.581873 -0.004978 0.813194
49.249165 -7.880587 -2.451459 8.205267 0.011426 0.582821 -0.005517 0.812502
49.271782 -7.875504 -2.441704 8.200043 0.012323 0.582248 -0.006222 0.812894
49.287815 -7.884044 -2.456004 8.208138 0.011639 0.583138 -0.005395 0.812272
49.301418 -7.888854 -2.453939 8.203526 0.011791 0.583090 -0.006052 0.812299
49.314335 -7.891475 -2.447877 8.207293 0.012227 0.583401 -0.006366 0.812067
49.339687 -7.892220 -2.439525 8.217045 0.012901 0.583802 -0.007120 0.811762
49.352859 -7.887438 -2.453666 8.206694 0.011870 0.582963 -0.006538 0.812386
49.372551 -7.888700 -2.434813 8.215574 0.013278 0.583624 -0.007854 0.811877
49.394569 -7.887209 -2.436128 8.210835 0.013070 0.583293 -0.008087 0.812116
49.406300 -7.891389 -2.452173 8.218425 0.011956 0.583940 -0.007560 0.811674
49.419872 -7.885745 -2.449704 8.218783 0.012439 0.583793 -0.007332 0.811774
49.435566 -7.895060 -2.461290 8.229079 0.011448 0.584803 -0.007050 0.811064
49.451878 -7.890486 -2.459026 8.223275 0.011553 0.584362 -0.007293 0.811378
49.463482 -7.885755 -2.459379 8.218813 0.011715 0.583931 -0.007249 0.811687
49.496185 -7.876086 -2.446025 8.207803 0.012934 0.582831 -0.008024 0.812451
49.507690 -7.887857 -2.456758 8.217333 0.012136 0.583983 -0.007390 0.811641
49.518364 -7.884876 -2.454508 8.231611 0.012156 0.584788 -0.007942 0.811056
49.538002 -7.885562 -2.449861 8.223270 0.012684 0.584190 -0.007862 0.811480
49.562901 -7.882540 -2.449218 8.223195 0.012805 0.584150 -0.008081 0.811505
49.575199 -7.894946 -2.448473 8.234444 0.012767 0.585410 -0.008372 0.810593
49.585526 -7.885208 -2.459779 8.223127 0.011746 0.584303 -0.008012 0.811411
49.605457 -7.887325 -2.462339 8.238271 0.011763 0.585408 -0.007775 0.810616
49.634731 -7.891394 -2.458383 8.236636 0.011990 0.585454 -0.008064 0.810577
49.647148 -7.890031 -2.454645 8.236979 0.012219 0.585519 -0.008298 0.810524
49.662556 -7.884871 -2.453789 8.236302 0.012118 0.585237 -0.008660 0.810725
49.680431 -7.886810 -2.455142 8.238816 0.011976 0.585521 -0.008656 0.810523
49.694000 -7.887944 -2.460541 8.237249 0.011395 0.585458 -0.008421 0.810579
49.717316 -7.881486 -2.464922 8.224730 0.011085 0.584486 -0.008243 0.811286
49.739552 -7.879354 -2.453305 8.227352 0.011835 0.584467 -0.008813 0.811283
49.755814 -7.873124 -2.452338 8.227428 0.011853 0.584381 -0.009008 0.811343
49.768635 -7.880610 -2.456164 8.232844 0.011439 0.585073 -0.008583 0.810854
49.786526 -7.882049 -2.456877 8.242554 0.011208 0.585866 -0.009024 0.810280
49.808567 -7.887733 -2.464763 8.248615 0.010364 0.586413 -0.008498 0.809902
49.820442 -7.883350 -2.462032 8.240945 0.010377 0.585818 -0.008725 0.810329
49.829845 -7.887805 -2.459793 8.246198 0.010375 0.586376 -0.008755 0.809925
49.851730 -7.890318 -2.461692 8.243978 0.010090 0.586382 -0.008524 0.809927
49.882191 -7.884099 -2.456216 8.240427 0.010289 0.585888 -0.009149 0.810275
49.892181 -7.880650 -2.462907 8.239792 0.009644 0.585728 -0.008815 0.810402
49.900959 -7.889599 -2.458955 8.252176 0.009809 0.586704 -0.008978 0.809692
49.925003 -7.886446 -2.461066 8.257394 0.009563 0.586958 -0.009096 0.809510
49.934288 -7.892921 -2.456928 8.266742 0.009721 0.587880 -0.009017 0.808840
49.956650 -7.885529 -2.450429 8.247718 0.010153 0.586413 -0.009386 0.809894
49.968876 -7.886802 -2.468349 8.253803 0.008725 0.586906 -0.008223 0.809566
49.987843 -7.890721 -2.469993 8.254669 0.008324 0.587104 -0.008424 0.809425
50.009483 -7.892554 -2.478799 8.271116 0.007424 0.588229 -0.008195 0.808619
50.021622 -7.890087 -2.463308 8.261052 0.008376 0.587523 -0.009000 0.809114
50.033405 -7.881818 -2.465671 8.256621 0.007957 0.586996 -0.009258 0.809497
50.049278 -7.883372 -2.461663 8.253181 0.007976 0.586728 -0.009739 0.809686
50.063763 -7.893013 -2.464321 8.258077 0.007774 0.587415 -0.009511 0.809193
50.080120 -7.886086 -2.462310 8.251655 0.007753 0.586834 -0.009734 0.809611
50.100483 -7.886228 -2.464171 8.250145 0.007481 0.586716 -0.009823 0.809698
50.115154 -7.887220 -2.450084 8.257565 0.008601 0.587239 -0.010505 0.809300
50.143768 -7.880082 -2.448514 8.239510 0.008708 0.585864 -0.010711 0.810292
50.156010 -7.879444 -2.457323 8.240398 0.007899 0.586025 -0.010379 0.810188
50.168060 -7.880526 -2.453099 8.238552 0.008228 0.585985 -0.010649 0.810210
50.194164 -7.885082 -2.456825 8.245180 0.007908 0.586482 -0.010676 0.809853
50.210709 -7.885025 -2.453105 8.236141 0.008124 0.585939 -0.011004 0.810240
50.223881 -7.886877 -2.461502 8.246568 0.007658 0.586664 -0.010480 0.809726
50.242359 -7.883438 -2.464126 8.242207 0.007410 0.586296 -0.010550 0.809994
50.255199 -7.883233 -2.471067 8.246986 0.006651 0.586575 -0.010496 0.809799
50.272663 -7.881315 -2.466543 8.246590 0.006793 0.586444 -0.010990 0.809887
50.286385 -7.876059 -2.458164 8.237707 0.007594 0.585797 -0.011326 0.810343
50.309410 -7.876988 -2.455784 8.241184 0.007539 0.586063 -0.011744 0.810146
50.322544 -7.877125 -2.463039 8.245995 0.007168 0.586391 -0.011281 0.809918
50.333862 -7.876245 -2.460913 8.243364 0.007030 0.586255 -0.011515 0.810014
50.349155 -7.883904 -2.463465 8.247148 0.006828 0.586711 -0.011323 0.809688
50.365452 -7.878633 -2.463240 8.246694 0.006703 0.586560 -0.011500 0.809796
50.386360 -7.881639 -2.469236 8.243634 0.006252 0.586457 -0.011109 0.809880
50.400558 -7.879054 -2.471913 8.240927 0.006095 0.586148 -0.010879 0.810108
50.419621 -7.874937 -2.478222 8.240097 0.005561 0.586010 -0.010718 0.810214
50.442017 -7.878123 -2.475968 8.241387 0.005721 0.586172 -0.010771 0.810095
50.453228 -7.879566 -2.476535 8.240796 0.005613 0.586221 -0.010539 0.810063
50.471687 -7.881423 -2.467054 8.245539 0.006165 0.586638 -0.011405 0.809745
50.483585 -7.878731 -2.465718 8.244250 0.006357 0.586409 -0.011203 0.809913
50.496552 -7.881804 -2.453201 8.254494 0.007115 0.587330 -0.012029 0.809227
50.512489 -7.879411 -2.473214 8.249594 0.005771 0.586791 -0.010903 0.809644
50.536293 -7.885347 -2.473154 8.247870 0.005664 0.586934 -0.010788 0.809543
50.547188 -7.881783 -2.477040 8.242645 0.005383 0.586581 -0.010682 0.809802
50.566010 -7.876627 -2.474591 8.244362 0.005473 0.586481 -0.011008 0.809870
50.578388 -7.870550 -2.464965 8.249737 0.005948 0.586637 -0.011859 0.809742
50.597351 -7.878210 -2.470130 8.247790 0.005792 0.586797 -0.011368 0.809634
50.622604 -7.883940 -2.482352 8.248093 0.004877 0.587027 -0.010721 0.809482
50.636173 -7.883451 -2.473482 8.249383 0.005444 0.587096 -0.011402 0.809419
50.652283 -7.886543 -2.474831 8.253212 0.005490 0.587475 -0.011384 0.809143
50.668938 -7.881064 -2.473430 8.247928 0.005476 0.587100 -0.011979 0.809407
50.689865 -7.881753 -2.474244 8.244753 0.005376 0.586911 -0.012080 0.809543
50.703918 -7.882891 -2.471509 8.245748 0.005383 0.587112 -0.012675 0.809389
50.716518 -7.881368 -2.474545 8.235020 0.005253 0.586401 -0.012511 0.809907
50.740910 -7.879060 -2.483615 8.250527 0.004323 0.587214 -0.012451 0.809325
50.760273 -7.875890 -2.469387 8.235506 0.005646 0.586202 -0.012867 0.810043
50.779911 -7.882230 -2.482785 8.240015 0.004340 0.586822 -0.012293 0.809611
50.789646 -7.874449 -2.473573 8.231096 0.004988 0.586115 -0.012868 0.810111
50.801815 -7.877111 -2.470490 8.217668 0.005127 0.585482 -0.012955 0.810565
50.830887 -7.873713 -2.480072 8.228767 0.004375 0.585993 -0.012626 0.810206
50.847759 -7.873769 -2.475920 8.231480 0.004507 0.586211 -0.012882 0.810044
50.857468 -7.876992 -2.472795 8.230791 0.004184 0.586429 -0.013568 0.809876
50.877136 -7.879385 -2.473686 8.233068 0.004134 0.586735 -0.013322 0.809659
50.886963 -7.878455 -2.475700 8.233582 0.004026 0.586815 -0.013055 0.809606
50.902050 -7.876217 -2.472067 8.236084 0.004053 0.586908 -0.013398 0.809533
50.927654 -7.879528 -2.476681 8.241318 0.003363 0.587433 -0.013390 0.809155
50.949963 -7.872723 -2.468019 8.231387 0.003574 0.586596 -0.014495 0.809742
50.964737 -7.866426 -2.451130 8.213577 0.004454 0.585377 -0.015295 0.810604
50.976830 -7.868484 -2.459550 8.217606 0.003586 0.585665 -0.014956 0.810408
50.987392 -7.870469 -2.447374 8.218981 0.004114 0.586004 -0.016068 0.810138
51.008282 -7.874180 -2.464361 8.225543 0.002368 0.586654 -0.015223 0.809691
51.030888 -7.875211 -2.458907 8.215948 0.002568 0.586158 -0.015604 0.810042
51.054440 -7.870519 -2.450229 8.213844 0.003084 0.585967 -0.016212 0.810167
51.068417 -7.875868 -2.437690 8.225321 0.003648 0.586811 -0.017161 0.809534
51.081764 -7.874796 -2.436413 8.228771 0.003409 0.587130 -0.017353 0.809300
51.105450 -7.869385 -2.445185 8.212556 0.002681 0.585876 -0.016675 0.810225
51.118538 -7.866714 -2.424545 8.202909 0.003727 0.585296 -0.018393 0.810602
51.137444 -7.867501 -2.431804 8.208826 0.002792 0.585785 -0.018133 0.810259
51.160061 -7.870710 -2.431998 8.215974 0.002534 0.586471 -0.018231 0.809761
51.181271 -7.869650 -2.422566 8.212925 0.003118 0.586260 -0.018598 0.809903
51.191296 -7.862373 -2.429100 8.207608 0.002852 0.585688 -0.017969 0.810332
51.212528 -7.870718 -2.439330 8.219310 0.001918 0.586676 -0.017316 0.809634
51.224236 -7.860349 -2.451277 8.217588 0.000902 0.586274 -0.016831 0.809937
51.244175 -7.863099 -2.448835 8.215022 0.000872 0.586280 -0.016919 0.809931
51.253262 -7.864492 -2.454020 8.212893 0.000583 0.586282 -0.016392 0.809941
51.274372 -7.865433 -2.442617 8.215075 0.001426 0.586586 -0.016950 0.809708
51.288322 -7.859837 -2.429632 8.204031 0.002556 0.585746 -0.017331 0.810305
51.314560 -7.862024 -2.426372 8.213505 0.002829 0.586429 -0.017102 0.809815
51.323803 -7.865167 -2.429864 8.213166 0.002775 0.586508 -0.016329 0.809774
51.339569 -7.873137 -2.428382 8.222008 0.002787 0.587479 -0.016028 0.809076
51.367729 -7.871717 -2.433507 8.230661 0.002572 0.587906 -0.015579 0.808775
51.386379 -7.871214 -2.426667 8.220353 0.003128 0.587333 -0.015568 0.809190
51.405621 -7.865468 -2.417122 8.207583 0.003926 0.586404 -0.015613 0.809859
51.421539 -7.867398 -2.425169 8.212114 0.003526 0.586743 -0.014684 0.809632
51.439125 -7.865811 -2.421602 8.207489 0.003841 0.586414 -0.014466 0.809873
51.450333 -7.863994 -2.415113 8.204172 0.004627 0.586226 -0.014227 0.810010
51.462723 -7.863973 -2.410066 8.215653 0.005046 0.586980 -0.014303 0.809459
51.487068 -7.873265 -2.424653 8.216631 0.004145 0.587370 -0.012814 0.809206
51.502560 -7.868024 -2.415309 8.218029 0.004792 0.587301 -0.013360 0.809244
51.535675 -7.873503 -2.418432 8.215588 0.004612 0.587330 -0.012684 0.809235
51.544701 -7.871800 -2.426600 8.217695 0.004344 0.587494 -0.011900 0.809130
51.558678 -7.871572 -2.416492 8.214214 0.005226 0.587373 -0.012257 0.809206
51.572880 -7.873032 -2.421949 8.222912 0.004687 0.588016 -0.011770 0.808750
51.588570 -7.868783 -2.409070 8.215793 0.005593 0.587463 -0.012507 0.809135
51.609257 -7.869206 -2.414472 8.216470 0.005169 0.587548 -0.012148 0.809082
51.622208 -7.870501 -2.418819 8.216838 0.004581 0.587689 -0.011955 0.808986
51.634819 -7.873193 -2.407756 8.213167 0.005423 0.587687 -0.012168 0.808979
51.655453 -7.870620 -2.414411 8.211546 0.004935 0.587576 -0.011893 0.809067
51.676807 -7.872966 -2.413706 8.217900 0.004840 0.588030 -0.011637 0.808741
51.693771 -7.876588 -2.412664 8.226055 0.004929 0.588725 -0.011500 0.808237
51.714352 -7.871336 -2.409422 8.219514 0.004898 0.588175 -0.011619 0.808635
51.736420 -7.875040 -2.409238 8.218052 0.004974 0.588263 -0.011506 0.808572
51.748203 -7.866741 -2.399089 8.204365 0.005598 0.587175 -0.011984 0.809352
51.770248 -7.867520 -2.399012 8.203510 0.005499 0.587192 -0.012104 0.809338
51.779133 -7.868437 -2.391920 8.204795 0.005904 0.587405 -0.012190 0.809180
51.793968 -7.869168 -2.410525 8.207466 0.004521 0.587727 -0.011152 0.808970
51.817646 -7.870722 -2.413508 8.213045 0.004195 0.588067 -0.010961 0.808727
51.827892 -7.874437 -2.416093 8.217412 0.004150 0.588541 -0.010398 0.808390
51.840420 -7.864374 -2.390592 8.209541 0.005640 0.587795 -0.012140 0.808899
51.868073 -7.867568 -2.408723 8.212410 0.004187 0.588139 -0.011085 0.808673
51.884418 -7.863648 -2.400860 8.200883 0.004748 0.587276 -0.011411 0.809292
51.895336 -7.865344 -2.398648 8.201743 0.004707 0.587575 -0.011675 0.809072
51.921051 -7.860946 -2.401143 8.192398 0.004329 0.586852 -0.011378 0.809603
51.940037 -7.863117 -2.406564 8.199281 0.003973 0.587387 -0.010963 0.809222
51.951958 -7.861040 -2.395211 8.191557 0.004568 0.587019 -0.011634 0.809477
51.969795 -7.865596 -2.408521 8.192381 0.003419 0.587351 -0.010973 0.809251
51.995285 -7.865315 -2.398761 8.191317 0.003935 0.587266 -0.011481 0.809303
52.008053 -7.864264 -2.403387 8.202471 0.003438 0.588039 -0.011384 0.808745
52.021267 -7.864514 -2.405537 8.196787 0.003332 0.587843 -0.011039 0.808893
52.037487 -7.864787 -2.390570 8.191772 0.003882 0.587608 -0.012268 0.809043
52.055737 -7.863566 -2.397982 8.198958 0.003392 0.588108 -0.011707 0.808691
52.071114 -7.865439 -2.390143 8.200235 0.003838 0.588332 -0.012289 0.808517
52.093491 -7.865957 -2.381603 8.209389 0.004442 0.588997 -0.012568 0.808025
52.117493 -7.858903 -2.378928 8.188375 0.004752 0.587503 -0.012287 0.809115
52.137257 -7.859833 -2.386492 8.194322 0.003731 0.588017 -0.012423 0.808745
52.150349 -7.858572 -2.381467 8.190247 0.003966 0.587889 -0.012814 0.808831
52.167286 -7.864651 -2.386874 8.192016 0.003586 0.588226 -0.012553 0.808591
52.176685 -7.857192 -2.367863 8.187370 0.004565 0.587869 -0.013997 0.808822
52.191898 -7.859157 -2.376661 8.188175 0.003778 0.587976 -0.013681 0.808754
52.203571 -7.852140 -2.360177 8.174429 0.004932 0.586935 -0.014688 0.809486
52.223068 -7.858362 -2.367503 8.172855 0.004442 0.587145 -0.014108 0.809347
52.238091 -7.854453 -2.377037 8.174789 0.003666 0.587213 -0.013728 0.809308
52.255032 -7.856869 -2.369058 8.181644 0.003900 0.587790 -0.014556 0.808873
52.277973 -7.856057 -2.378906 8.182480 0.003281 0.587928 -0.014162 0.808782
52.291473 -7.856925 -2.389983 8.183947 0.002393 0.588123 -0.013923 0.808648
52.312263 -7.859064 -2.394151 8.187220 0.002094 0.588485 -0.013781 0.808388
52.325016 -7.858629 -2.392301 8.181207 0.002273 0.588221 -0.013998 0.808576
52.343552 -7.862538 -2.400451 8.189073 0.001819 0.588869 -0.013438 0.808115
52.360947 -7.863894 -2.363997 8.192468 0.004358 0.589270 -0.015655 0.807773
